figure_id,algorithm_status,image_status,algorithm_or_role,evidence,reason
2.1,schematic,correct_schematic,three-body reference-frame schematic,figures/fig_2_01.py,No numerical algorithm is claimed or required.
2.2,schematic,correct_schematic,collinear-point layout schematic,figures/fig_2_02.py,No numerical algorithm is claimed or required.
2.3,partial,not_algorithm_backed,libration-point geometry,figures/fig_2_03.py,The ordering and geometry are reasonable but the plotted coordinates are hard-coded rather than read from the libration-point solver.
2.4,success,correct,CR3BP zero-velocity contours,figures/fig_2_04.py,The Earth-Moon contours are evaluated from the CR3BP Jacobi field at JC 3.16 and 3.18.
2.5,schematic,correct_schematic,Earth-Moon rotating-frame schematic,figures/fig_2_05.py,No numerical algorithm is claimed or required.
2.6,success,correct,multi-system CR3BP zero-velocity contours,figures/fig_2_06.py,Earth-Moon Saturn-Titan and Sun-Earth contours use their actual mass parameters and solved L1/L2 values.
2.7,success,correct,linear planar and vertical center modes,figures/fig_2_07.py,The displayed motion is generated from the linearized Earth-Moon L1 center modes.
2.8,success,correct,linear Lissajous construction,figures/fig_2_08.py,The coupled in-plane and out-of-plane motion is generated from the linearized L1 modes.
2.9,schematic,correct_schematic,single-shooting correction layout,figures/fig_2_09.py,This is an explanatory schematic rather than a solver result.
2.10,schematic,correct_schematic,multiple-shooting arc layout,figures/fig_2_10.py,This is an explanatory schematic rather than a solver result.
2.11,success,correct_after_fix,L2 planar Lyapunov differential correction,data/computed/lyapunov_l2_summary.csv,The residual is 3.72e-12 and the red curve now uses the exact linear seed supplied to the corrector.
2.12,schematic,correct_schematic,natural and pseudo-arclength continuation layout,figures/fig_2_12.py,This is an explanatory schematic rather than continuation output.
2.13,success,correct,Jupiter-Europa L2 Lyapunov halo and vertical families,data/computed/jupiter_europa_l2_halo_family.csv;data/computed/jupiter_europa_l2_vertical_family.csv;data/computed/jupiter_europa_lyapunov_family.csv,All saved members are finite and maximum correction or periodicity errors remain below 4.12e-10.
2.14,success,correct,L1 Lyapunov monodromy and stable/unstable manifolds,data/computed/lyapunov_l1_manifold_summary.csv,JC differs from 3.1827 by 2.00e-6 and periodicity error is 2.34e-11.
2.15,success,correct,L2 halo/NRHO continuation and monodromy stability,data/computed/earth_moon_l2_halo_stability.csv,Live recomputation reproduced all 66 rows with maximum periodicity error 9.48e-10 and both stability anchors within 0.01.
3.1,schematic,correct_schematic,two-circle torus geometry,figures/fig_3_01.py,No numerical algorithm is claimed or required.
3.2,schematic,correct_schematic,invariant-curve rotation-map geometry,figures/fig_3_02.py,No numerical algorithm is claimed or required.
3.3,schematic,correct_schematic,seven-point invariant-curve mapping layout,figures/fig_3_03.py,The image is schematic; its separate CSV diagnostic does not make the drawing a numerical solution.
3.4,schematic,correct_schematic,patch-curve multiple-shooting layout,figures/fig_3_04.py,No numerical algorithm is claimed or required.
3.5,success,correct,constant-energy quasi-halo invariant-curve continuation,data/computed/chapter3_corrected_constant_energy_halo_high_order_family.csv,The 42-member corrected family has maximum curve residual 4.69e-10; matching the paper amplitude anchor is not required by this audit.
3.6,success,correct,constant-energy quasi-halo amplitude curves,data/computed/chapter3_corrected_constant_energy_halo_high_order_family.csv,The curves are calculated from the same converged numerical family without fabricated points.
3.7,partial,correct_with_explicit_boundary,constant-energy quasi-vertical torus surfaces,data/computed/figure_validation_table.csv,The corrected source exists but late-family rank closure and torus-topology acceptance are not yet established.
3.8,success,correct,constant-energy quasi-vertical continuation,data/computed/chapter3_corrected_constant_energy_vertical_staged_family.csv,The 103-member branch satisfies the project residual and energy-span gates and has monotone continuation trends.
3.9,partial,correct_with_explicit_boundary,frequency-ratio continuation,figures/fig_3_09.py,The solid segment is numerical but the dashed tail is explicitly an unvalidated analytic proxy.
3.10,partial,correct_with_explicit_boundary,period-q shooting,data/computed/chapter3_period_q_per_figure_audit.csv,q2 and q3 pass strict single shooting; q8 only passes local multiple shooting and fails full-period single-shoot closure.
3.11,partial,correct_with_explicit_boundary,Poincare-section construction,figures/fig_3_11.py,The 3D central orbits are numerical but the section contours are explicitly illustrative rather than event-detected crossings.
3.12,partial,topology_not_accepted,constant-frequency quasi-halo torus surfaces,data/computed/figure_validation_table.csv,Panels b through d do not yet pass the central-hole and two-angle torus-topology gate.
3.13,success,correct_on_computed_branch,constant-frequency quasi-halo continuation,data/computed/chapter3_corrected_constant_frequency_families.csv,The computed branch passes its residual and Jacobi-span gates; a longer paper endpoint is not required by this audit.
3.14,success,correct,constant-frequency quasi-vertical torus continuation,data/computed/chapter3_corrected_constant_frequency_families.csv,The four surfaces are genuine converged family members selected near the requested energies.
3.15,success,correct_after_fix,constant-frequency quasi-vertical parameter curves,data/computed/chapter3_corrected_constant_frequency_families.csv,All 25 members pass the vertical-family gates and the x-axis now uses the real 0-to-24 continuation indices.
3.16,success,correct,Route H fixed-mapping quasi-DRO continuation,data/computed/chapter3_fixed_mapping_cache_accepted_validation.csv,Thirty accepted rows reach 14573.1 km with maximum map residual 6.47e-10; the hybrid zero-cache reconstruction also passes.
3.17,partial,correct_with_explicit_boundary,Route H trend curves with reference context,figures/fig_3_17.py,The numerical Route H layer is valid but faint thesis-scale curves remain explicitly labeled proxy context.
4.1,partial,correct_with_explicit_boundary,torus DG spectrum and stability index,data/computed/chapter4_per_figure_source_layer_audit.csv,The DG target passes but the displayed source torus is near-periodic and does not validate finite-amplitude torus geometry.
4.2,success,correct,quasi-halo DG stability family,data/computed/chapter4_per_figure_source_layer_audit.csv,Sixteen numerical rows pass and the digitized overlap interval passes; missing paper-tail coverage is irrelevant to algorithm correctness.
4.3,success,correct,fixed-time full-torus halo manifold snapshots,data/computed/chapter4_per_figure_source_layer_audit.csv,All four state-space and local-STM rows pass; paper-camera mismatch is not treated as an algorithm failure.
4.4,success,correct,fixed-time full-torus halo manifold snapshots,data/computed/chapter4_per_figure_source_layer_audit.csv,All four state-space and local-STM rows pass; paper-camera mismatch is not treated as an algorithm failure.
4.5,success,correct,fixed-time full-torus vertical manifold snapshots,data/computed/chapter4_per_figure_source_layer_audit.csv,All four state-space and local-STM rows pass; paper-camera mismatch is not treated as an algorithm failure.
4.6,success,correct,fixed-time full-torus vertical manifold snapshots,data/computed/chapter4_per_figure_source_layer_audit.csv,All four state-space and local-STM rows pass; paper-camera mismatch is not treated as an algorithm failure.
4.7,partial,correct_local_result,DG quasi-halo manifold comparison,data/computed/chapter4_per_figure_source_layer_audit.csv,Residual Jacobi and local growth gates pass but dense global reach and topology are not reproduced.
4.8,partial,correct_local_result,DG quasi-vertical manifold comparison,data/computed/chapter4_per_figure_source_layer_audit.csv,Residual Jacobi and local growth gates pass but dense Earthward global reach and topology are not reproduced.
5.1,success,correct,CR3BP invariant-torus long-time shadowing,data/computed/chapter5_per_figure_source_layer_audit.csv,One common initial phase is used at exactly 325 1068 and 2182 days and the active geometry audit is accepted.
5.2,schematic,correct_schematic,Sun-Moon eclipse geometry,figures/fig_5_02.py,No numerical algorithm is claimed or required.
5.3,schematic,correct_schematic,Earth-Moon-spacecraft line-of-sight geometry,figures/fig_5_03.py,No numerical algorithm is claimed or required.
5.4,schematic,correct_schematic,Sun-Earth-Moon synodic geometry,figures/fig_5_04.py,No numerical algorithm is claimed or required.
5.5,success,correct,corrected CR3BP DRO/quasi-DRO return,data/computed/chapter5_per_figure_source_layer_audit.csv,The plotted torus uses audited Route H data and no proxy surface; ephemeris equivalence is not required here.
5.6,partial,correct_geometry_only,Route H orbit embedded in a DE421-oriented frame,data/computed/chapter5_per_figure_source_layer_audit.csv,The frame geometry is valid but it is not a defect-corrected ephemeris trajectory.
5.7,partial,correct_geometry_only,DE421-oriented eclipse and occultation geometry,data/computed/chapter5_per_figure_source_layer_audit.csv,The event geometry is valid but it is not a defect-corrected ephemeris trajectory.
5.8,success,correct,CR3BP halo-to-Lyapunov multiple-shooting transfer,data/computed/chapter5_halo_lyapunov_transfer_per_figure_audit.csv,Endpoint error is 2.08e-6 km continuity is 9.28e-12 and Jacobi span is 2.47e-12.
5.9,success,correct,corrected CR3BP NRHO family and departure markers,data/computed/chapter5_nrho_corridor_per_figure_audit.csv,Sixteen periodic members are corrected with maximum periodicity error 1.69e-10 and marker-transfer gates pass.
5.10,success,correct,CR3BP transfer plus planar BCR4BP correction,data/computed/chapter5_fig510_bcr4bp_transfer_audit.csv,Both BCR4BP cases pass independent endpoint and absolute-time segment checks.
5.11,success,correct,endpoint-corrected CR3BP NRHO transfers,data/computed/chapter5_nrho_transfer_per_figure_audit.csv,Two reverse-symmetry cases pass with worst endpoint error 2.34e-5 km and Jacobi span 5.09e-11.
5.12,partial,correct_on_truncated_domain,fixed-departure CR3BP rendezvous scan,data/computed/chapter5_nrho_rendezvous_per_figure_audit.csv,Thirty-six accepted rows cover -24 through +11 hours; no values are claimed beyond the computed fold.
5.13,success,correct,two-angle Sun-Earth L1 stable-manifold periapsis scan,data/computed/chapter5_stable_manifold_per_figure_audit.csv,The full active two-angle source and 162 propagated trajectories reach the 7033-km target within 1.03 km.
5.14,success,correct,Sun-Earth L1 stable-manifold transfer to LEO,data/computed/chapter5_stable_manifold_per_figure_audit.csv,The active-geometry transfer reaches the 6563-km reference radius within 1.53 km with Jacobi span 1.17e-12.
