sample_index,eigen_index,mode_amplitude_nd,mapping_time_days,rotation_angle_rad,eigenvalue_real,eigenvalue_imag,eigenvalue_magnitude,stability_index,determinant,curve_residual_norm,real_unstable_index,real_stable_index
0,0,0.0002499999999999998,12.02248205333123,0.6381001436786238,-1028.973401197615,687.751385231198,1237.654325027639,618.8275665038432,1.000000001093952,1.339998362597837e-12,4,47
0,1,0.0002499999999999998,12.02248205333123,0.6381001436786238,-1028.973401197615,-687.751385231198,1237.654325027639,618.8275665038432,1.000000001093952,1.339998362597837e-12,4,47
0,2,0.0002499999999999998,12.02248205333123,0.6381001436786238,-416.827677986299,1165.350586927352,1237.65395146922,618.8275665038432,1.000000001093952,1.339998362597837e-12,4,47
0,3,0.0002499999999999998,12.02248205333123,0.6381001436786238,-416.827677986299,-1165.350586927352,1237.65395146922,618.8275665038432,1.000000001093952,1.339998362597837e-12,4,47
0,4,0.0002499999999999998,12.02248205333123,0.6381001436786238,1237.653951468566,0,1237.653951468566,618.8275665038432,1.000000001093952,1.339998362597837e-12,4,47
0,5,0.0002499999999999998,12.02248205333123,0.6381001436786238,994.119416044186,-737.233945386212,1237.653951468565,618.8275665038432,1.000000001093952,1.339998362597837e-12,4,47
0,6,0.0002499999999999998,12.02248205333123,0.6381001436786238,994.119416044186,737.233945386212,1237.653951468565,618.8275665038432,1.000000001093952,1.339998362597837e-12,4,47
0,7,0.0002499999999999998,12.02248205333123,0.6381001436786238,359.3569289691789,1184.335214872711,1237.653951468564,618.8275665038432,1.000000001093952,1.339998362597837e-12,4,47
0,8,0.0002499999999999998,12.02248205333123,0.6381001436786238,359.3569289691789,-1184.335214872711,1237.653951468564,618.8275665038432,1.000000001093952,1.339998362597837e-12,4,47
0,9,0.0002499999999999998,12.02248205333123,0.6381001436786238,-0.831356020707945,-0.5558229022940051,1.000045964884555,618.8275665038432,1.000000001093952,1.339998362597837e-12,4,47
0,10,0.0002499999999999998,12.02248205333123,0.6381001436786238,-0.831356020707945,0.5558229022940051,1.000045964884555,618.8275665038432,1.000000001093952,1.339998362597837e-12,4,47
0,11,0.0002499999999999998,12.02248205333123,0.6381001436786238,-0.336788592238461,0.9415818561737698,1.000001473867717,618.8275665038432,1.000000001093952,1.339998362597837e-12,4,47
0,12,0.0002499999999999998,12.02248205333123,0.6381001436786238,-0.336788592238461,-0.9415818561737698,1.000001473867717,618.8275665038432,1.000000001093952,1.339998362597837e-12,4,47
0,13,0.0002499999999999998,12.02248205333123,0.6381001436786238,-0.3367894063322027,0.9415814782873064,1.000001392234684,618.8275665038432,1.000000001093952,1.339998362597837e-12,4,47
0,14,0.0002499999999999998,12.02248205333123,0.6381001436786238,-0.3367894063322027,-0.9415814782873064,1.000001392234684,618.8275665038432,1.000000001093952,1.339998362597837e-12,4,47
0,15,0.0002499999999999998,12.02248205333123,0.6381001436786238,0.8032290393514415,0.5956703063241963,1.000000001746901,618.8275665038432,1.000000001093952,1.339998362597837e-12,4,47
0,16,0.0002499999999999998,12.02248205333123,0.6381001436786238,0.8032290393514415,-0.5956703063241963,1.000000001746901,618.8275665038432,1.000000001093952,1.339998362597837e-12,4,47
0,17,0.0002499999999999998,12.02248205333123,0.6381001436786238,0.2903533242640788,-0.9569195098511432,1.000000000622477,618.8275665038432,1.000000001093952,1.339998362597837e-12,4,47
0,18,0.0002499999999999998,12.02248205333123,0.6381001436786238,0.2903533242640788,0.9569195098511432,1.000000000622477,618.8275665038432,1.000000001093952,1.339998362597837e-12,4,47
0,19,0.0002499999999999998,12.02248205333123,0.6381001436786238,0.8032288914492396,0.5956705030726935,1.000000000144825,618.8275665038432,1.000000001093952,1.339998362597837e-12,4,47
0,20,0.0002499999999999998,12.02248205333123,0.6381001436786238,0.8032288914492396,-0.5956705030726935,1.000000000144825,618.8275665038432,1.000000001093952,1.339998362597837e-12,4,47
0,21,0.0002499999999999998,12.02248205333123,0.6381001436786238,0.2903530863014253,-0.9569195815301336,1.000000000120284,618.8275665038432,1.000000001093952,1.339998362597837e-12,4,47
0,22,0.0002499999999999998,12.02248205333123,0.6381001436786238,0.2903530863014253,0.9569195815301336,1.000000000120284,618.8275665038432,1.000000001093952,1.339998362597837e-12,4,47
0,23,0.0002499999999999998,12.02248205333123,0.6381001436786238,0.9999999999999952,-2.36672263182342e-07,1.000000000000023,618.8275665038432,1.000000001093952,1.339998362597837e-12,4,47
0,24,0.0002499999999999998,12.02248205333123,0.6381001436786238,0.9999999999999952,2.36672263182342e-07,1.000000000000023,618.8275665038432,1.000000001093952,1.339998362597837e-12,4,47
0,25,0.0002499999999999998,12.02248205333123,0.6381001436786238,0.9999999999999754,5.959603801203296e-09,0.9999999999999754,618.8275665038432,1.000000001093952,1.339998362597837e-12,4,47
0,26,0.0002499999999999998,12.02248205333123,0.6381001436786238,0.9999999999999754,-5.959603801203296e-09,0.9999999999999754,618.8275665038432,1.000000001093952,1.339998362597837e-12,4,47
0,27,0.0002499999999999998,12.02248205333123,0.6381001436786238,-0.9988039538442817,-0.04889439420795028,0.9999999999999661,618.8275665038432,1.000000001093952,1.339998362597837e-12,4,47
0,28,0.0002499999999999998,12.02248205333123,0.6381001436786238,-0.9988039538442817,0.04889439420795028,0.9999999999999661,618.8275665038432,1.000000001093952,1.339998362597837e-12,4,47
0,29,0.0002499999999999998,12.02248205333123,0.6381001436786238,-0.8315375692425407,-0.5554685148026286,0.9999999999994157,618.8275665038432,1.000000001093952,1.339998362597837e-12,4,47
0,30,0.0002499999999999998,12.02248205333123,0.6381001436786238,-0.8315375692425407,0.5554685148026286,0.9999999999994157,618.8275665038432,1.000000001093952,1.339998362597837e-12,4,47
0,31,0.0002499999999999998,12.02248205333123,0.6381001436786238,0.2903535458597155,-0.9569194418372247,0.9999999998796877,618.8275665038432,1.000000001093952,1.339998362597837e-12,4,47
0,32,0.0002499999999999998,12.02248205333123,0.6381001436786238,0.2903535458597155,0.9569194418372247,0.9999999998796877,618.8275665038432,1.000000001093952,1.339998362597837e-12,4,47
0,33,0.0002499999999999998,12.02248205333123,0.6381001436786238,0.8032288988961047,0.5956704925446795,0.999999999855135,618.8275665038432,1.000000001093952,1.339998362597837e-12,4,47
0,34,0.0002499999999999998,12.02248205333123,0.6381001436786238,0.8032288988961047,-0.5956704925446795,0.999999999855135,618.8275665038432,1.000000001093952,1.339998362597837e-12,4,47
0,35,0.0002499999999999998,12.02248205333123,0.6381001436786238,0.2903533078968492,0.9569195135163184,0.9999999993774751,618.8275665038432,1.000000001093952,1.339998362597837e-12,4,47
0,36,0.0002499999999999998,12.02248205333123,0.6381001436786238,0.2903533078968492,-0.9569195135163184,0.9999999993774751,618.8275665038432,1.000000001093952,1.339998362597837e-12,4,47
0,37,0.0002499999999999998,12.02248205333123,0.6381001436786238,0.8032287509938144,-0.5956706892932736,0.9999999982531034,618.8275665038432,1.000000001093952,1.339998362597837e-12,4,47
0,38,0.0002499999999999998,12.02248205333123,0.6381001436786238,0.8032287509938144,0.5956706892932736,0.9999999982531034,618.8275665038432,1.000000001093952,1.339998362597837e-12,4,47
0,39,0.0002499999999999998,12.02248205333123,0.6381001436786238,-0.3367884670723644,-0.9415788551684934,0.9999986060257103,618.8275665038432,1.000000001093952,1.339998362597837e-12,4,47
0,40,0.0002499999999999998,12.02248205333123,0.6381001436786238,-0.3367884670723644,0.9415788551684934,0.9999986060257103,618.8275665038432,1.000000001093952,1.339998362597837e-12,4,47
0,41,0.0002499999999999998,12.02248205333123,0.6381001436786238,-0.3367875995310641,-0.9415790824758968,0.9999985278759405,618.8275665038432,1.000000001093952,1.339998362597837e-12,4,47
0,42,0.0002499999999999998,12.02248205333123,0.6381001436786238,-0.3367875995310641,0.9415790824758968,0.9999985278759405,618.8275665038432,1.000000001093952,1.339998362597837e-12,4,47
0,43,0.0002499999999999998,12.02248205333123,0.6381001436786238,-0.8312795996112465,-0.5557718091447982,0.9999540372286699,618.8275665038432,1.000000001093952,1.339998362597837e-12,4,47
0,44,0.0002499999999999998,12.02248205333123,0.6381001436786238,-0.8312795996112465,0.5557718091447982,0.9999540372286699,618.8275665038432,1.000000001093952,1.339998362597837e-12,4,47
0,45,0.0002499999999999998,12.02248205333123,0.6381001436786238,-0.0002721185095872476,-0.0007607783302415489,0.0008079802912355624,618.8275665038432,1.000000001093952,1.339998362597837e-12,4,47
0,46,0.0002499999999999998,12.02248205333123,0.6381001436786238,-0.0002721185095872476,0.0007607783302415489,0.0008079802912355624,618.8275665038432,1.000000001093952,1.339998362597837e-12,4,47
0,47,0.0002499999999999998,12.02248205333123,0.6381001436786238,0.0008079802912270291,0,0.0008079802912270291,618.8275665038432,1.000000001093952,1.339998362597837e-12,4,47
0,48,0.0002499999999999998,12.02248205333123,0.6381001436786238,0.0002345997569031781,-0.0007731721057219908,0.0008079802912234973,618.8275665038432,1.000000001093952,1.339998362597837e-12,4,47
0,49,0.0002499999999999998,12.02248205333123,0.6381001436786238,0.0002345997569031781,0.0007731721057219908,0.0008079802912234973,618.8275665038432,1.000000001093952,1.339998362597837e-12,4,47
0,50,0.0002499999999999998,12.02248205333123,0.6381001436786238,0.0006489931166400115,0.0004812900222224161,0.0008079802911810221,618.8275665038432,1.000000001093952,1.339998362597837e-12,4,47
0,51,0.0002499999999999998,12.02248205333123,0.6381001436786238,0.0006489931166400115,-0.0004812900222224161,0.0008079802911810221,618.8275665038432,1.000000001093952,1.339998362597837e-12,4,47
0,52,0.0002499999999999998,12.02248205333123,0.6381001436786238,-0.0006717465133002191,0.0004489859450560072,0.0008079800473952543,618.8275665038432,1.000000001093952,1.339998362597837e-12,4,47
0,53,0.0002499999999999998,12.02248205333123,0.6381001436786238,-0.0006717465133002191,-0.0004489859450560072,0.0008079800473952543,618.8275665038432,1.000000001093952,1.339998362597837e-12,4,47
1,0,0.001127775154455989,12.02278382867733,0.6378225476590819,-1028.40228501536,689.0191275252735,1237.884735312825,618.9427715712405,1.000000000081288,4.469254827477811e-10,8,45
1,1,0.001127775154455989,12.02278382867733,0.6378225476590819,-1028.40228501536,-689.0191275252735,1237.884735312825,618.9427715712405,1.000000000081288,4.469254827477811e-10,8,45
1,2,0.001127775154455989,12.02278382867733,0.6378225476590819,-415.9320490917904,1165.907562849377,1237.877180729603,618.9427715712405,1.000000000081288,4.469254827477811e-10,8,45
1,3,0.001127775154455989,12.02278382867733,0.6378225476590819,-415.9320490917904,-1165.907562849377,1237.877180729603,618.9427715712405,1.000000000081288,4.469254827477811e-10,8,45
1,4,0.001127775154455989,12.02278382867733,0.6378225476590819,994.5033718303901,-737.0908745381,1237.877180462325,618.9427715712405,1.000000000081288,4.469254827477811e-10,8,45
1,5,0.001127775154455989,12.02278382867733,0.6378225476590819,994.5033718303901,737.0908745381,1237.877180462325,618.9427715712405,1.000000000081288,4.469254827477811e-10,8,45
1,6,0.001127775154455989,12.02278382867733,0.6378225476590819,360.0793408989158,-1184.349096409988,1237.877180462324,618.9427715712405,1.000000000081288,4.469254827477811e-10,8,45
1,7,0.001127775154455989,12.02278382867733,0.6378225476590819,360.0793408989158,1184.349096409988,1237.877180462324,618.9427715712405,1.000000000081288,4.469254827477811e-10,8,45
1,8,0.001127775154455989,12.02278382867733,0.6378225476590819,1237.877180462324,0,1237.877180462324,618.9427715712405,1.000000000081288,4.469254827477811e-10,8,45
1,9,0.001127775154455989,12.02278382867733,0.6378225476590819,-0.8310921388429944,-0.5577004735041147,1.000871600852645,618.9427715712405,1.000000000081288,4.469254827477811e-10,8,45
1,10,0.001127775154455989,12.02278382867733,0.6378225476590819,-0.8310921388429944,0.5577004735041147,1.000871600852645,618.9427715712405,1.000000000081288,4.469254827477811e-10,8,45
1,11,0.001127775154455989,12.02278382867733,0.6378225476590819,-0.3360028849026835,0.9418936182279891,1.000030762887592,618.9427715712405,1.000000000081288,4.469254827477811e-10,8,45
1,12,0.001127775154455989,12.02278382867733,0.6378225476590819,-0.3360028849026835,-0.9418936182279891,1.000030762887592,618.9427715712405,1.000000000081288,4.469254827477811e-10,8,45
1,13,0.001127775154455989,12.02278382867733,0.6378225476590819,-0.3360247198259274,0.9418846524600867,1.000029654997266,618.9427715712405,1.000000000081288,4.469254827477811e-10,8,45
1,14,0.001127775154455989,12.02278382867733,0.6378225476590819,-0.3360247198259274,-0.9418846524600867,1.000029654997266,618.9427715712405,1.000000000081288,4.469254827477811e-10,8,45
1,15,0.001127775154455989,12.02278382867733,0.6378225476590819,0.2908858072455349,0.9567623122340065,1.000004337474718,618.9427715712405,1.000000000081288,4.469254827477811e-10,8,45
1,16,0.001127775154455989,12.02278382867733,0.6378225476590819,0.2908858072455349,-0.9567623122340065,1.000004337474718,618.9427715712405,1.000000000081288,4.469254827477811e-10,8,45
1,17,0.001127775154455989,12.02278382867733,0.6378225476590819,1.000004290394989,0,1.000004290394989,618.9427715712405,1.000000000081288,4.469254827477811e-10,8,45
1,18,0.001127775154455989,12.02278382867733,0.6378225476590819,0.803397666878795,0.5954500562787731,1.000004290325139,618.9427715712405,1.000000000081288,4.469254827477811e-10,8,45
1,19,0.001127775154455989,12.02278382867733,0.6378225476590819,0.803397666878795,-0.5954500562787731,1.000004290325139,618.9427715712405,1.000000000081288,4.469254827477811e-10,8,45
1,20,0.001127775154455989,12.02278382867733,0.6378225476590819,0.2908857610745937,0.9567577928169007,1.000000000055906,618.9427715712405,1.000000000081288,4.469254827477811e-10,8,45
1,21,0.001127775154455989,12.02278382867733,0.6378225476590819,0.2908857610745937,-0.9567577928169007,1.000000000055906,618.9427715712405,1.000000000081288,4.469254827477811e-10,8,45
1,22,0.001127775154455989,12.02278382867733,0.6378225476590819,0.8033935559010963,-0.5954483977592407,1.000000000028727,618.9427715712405,1.000000000081288,4.469254827477811e-10,8,45
1,23,0.001127775154455989,12.02278382867733,0.6378225476590819,0.8033935559010963,0.5954483977592407,1.000000000028727,618.9427715712405,1.000000000081288,4.469254827477811e-10,8,45
1,24,0.001127775154455989,12.02278382867733,0.6378225476590819,-0.8316496919744027,0.5553006301451474,1.000000000000358,618.9427715712405,1.000000000081288,4.469254827477811e-10,8,45
1,25,0.001127775154455989,12.02278382867733,0.6378225476590819,-0.8316496919744027,-0.5553006301451474,1.000000000000358,618.9427715712405,1.000000000081288,4.469254827477811e-10,8,45
1,26,0.001127775154455989,12.02278382867733,0.6378225476590819,0.9999999999994511,1.115231734910564e-06,1.000000000000073,618.9427715712405,1.000000000081288,4.469254827477811e-10,8,45
1,27,0.001127775154455989,12.02278382867733,0.6378225476590819,0.9999999999994511,-1.115231734910564e-06,1.000000000000073,618.9427715712405,1.000000000081288,4.469254827477811e-10,8,45
1,28,0.001127775154455989,12.02278382867733,0.6378225476590819,-0.9988655920497256,0.04761857850858086,1.000000000000013,618.9427715712405,1.000000000081288,4.469254827477811e-10,8,45
1,29,0.001127775154455989,12.02278382867733,0.6378225476590819,-0.9988655920497256,-0.04761857850858086,1.000000000000013,618.9427715712405,1.000000000081288,4.469254827477811e-10,8,45
1,30,0.001127775154455989,12.02278382867733,0.6378225476590819,0.8033948840609075,0.5954466056729062,0.9999999999713123,618.9427715712405,1.000000000081288,4.469254827477811e-10,8,45
1,31,0.001127775154455989,12.02278382867733,0.6378225476590819,0.8033948840609075,-0.5954466056729062,0.9999999999713123,618.9427715712405,1.000000000081288,4.469254827477811e-10,8,45
1,32,0.001127775154455989,12.02278382867733,0.6378225476590819,0.2908833295710243,-0.9567585319535876,0.9999999999441546,618.9427715712405,1.000000000081288,4.469254827477811e-10,8,45
1,33,0.001127775154455989,12.02278382867733,0.6378225476590819,0.2908833295710243,0.9567585319535876,0.9999999999441546,618.9427715712405,1.000000000081288,4.469254827477811e-10,8,45
1,34,0.001127775154455989,12.02278382867733,0.6378225476590819,0.8033907730988805,-0.5954449471651716,0.999995709693272,618.9427715712405,1.000000000081288,4.469254827477811e-10,8,45
1,35,0.001127775154455989,12.02278382867733,0.6378225476590819,0.8033907730988805,0.5954449471651716,0.999995709693272,618.9427715712405,1.000000000081288,4.469254827477811e-10,8,45
1,36,0.001127775154455989,12.02278382867733,0.6378225476590819,0.999995709623318,0,0.999995709623318,618.9427715712405,1.000000000081288,4.469254827477811e-10,8,45
1,37,0.001127775154455989,12.02278382867733,0.6378225476590819,0.2908832835734766,-0.9567540125050601,0.9999956625441033,618.9427715712405,1.000000000081288,4.469254827477811e-10,8,45
1,38,0.001127775154455989,12.02278382867733,0.6378225476590819,0.2908832835734766,0.9567540125050601,0.9999956625441033,618.9427715712405,1.000000000081288,4.469254827477811e-10,8,45
1,39,0.001127775154455989,12.02278382867733,0.6378225476590819,-0.3360047911832085,-0.9418287918451805,0.9999703459836317,618.9427715712405,1.000000000081288,4.469254827477811e-10,8,45
1,40,0.001127775154455989,12.02278382867733,0.6378225476590819,-0.3360047911832085,0.9418287918451805,0.9999703459836317,618.9427715712405,1.000000000081288,4.469254827477811e-10,8,45
1,41,0.001127775154455989,12.02278382867733,0.6378225476590819,-0.3359822130325215,-0.9418356700543439,0.9999692379573211,618.9427715712405,1.000000000081288,4.469254827477811e-10,8,45
1,42,0.001127775154455989,12.02278382867733,0.6378225476590819,-0.3359822130325215,0.9418356700543439,0.9999692379573211,618.9427715712405,1.000000000081288,4.469254827477811e-10,8,45
1,43,0.001127775154455989,12.02278382867733,0.6378225476590819,-0.8296452695228671,-0.5567295586466521,0.9991291581735401,618.9427715712405,1.000000000081288,4.469254827477811e-10,8,45
1,44,0.001127775154455989,12.02278382867733,0.6378225476590819,-0.8296452695228671,0.5567295586466521,0.9991291581735401,618.9427715712405,1.000000000081288,4.469254827477811e-10,8,45
1,45,0.001127775154455989,12.02278382867733,0.6378225476590819,0.0008078345863855821,0,0.0008078345863855821,618.9427715712405,1.000000000081288,4.469254827477811e-10,8,45
1,46,0.001127775154455989,12.02278382867733,0.6378225476590819,0.000649009637375197,0.0004810230862077213,0.0008078345863298288,618.9427715712405,1.000000000081288,4.469254827477811e-10,8,45
1,47,0.001127775154455989,12.02278382867733,0.6378225476590819,0.000649009637375197,-0.0004810230862077213,0.0008078345863298288,618.9427715712405,1.000000000081288,4.469254827477811e-10,8,45
1,48,0.001127775154455989,12.02278382867733,0.6378225476590819,0.0002349865963936528,0.000772902334273676,0.0008078345862924976,618.9427715712405,1.000000000081288,4.469254827477811e-10,8,45
1,49,0.001127775154455989,12.02278382867733,0.6378225476590819,0.0002349865963936528,-0.000772902334273676,0.0008078345862924976,618.9427715712405,1.000000000081288,4.469254827477811e-10,8,45
1,50,0.001127775154455989,12.02278382867733,0.6378225476590819,-0.0002714358903781823,0.0007608674496605787,0.0008078345861241581,618.9427715712405,1.000000000081288,4.469254827477811e-10,8,45
1,51,0.001127775154455989,12.02278382867733,0.6378225476590819,-0.0002714358903781823,-0.0007608674496605787,0.0008078345861241581,618.9427715712405,1.000000000081288,4.469254827477811e-10,8,45
1,52,0.001127775154455989,12.02278382867733,0.6378225476590819,-0.0006711237649815552,0.0004496461334203055,0.0008078296560679417,618.9427715712405,1.000000000081288,4.469254827477811e-10,8,45
1,53,0.001127775154455989,12.02278382867733,0.6378225476590819,-0.0006711237649815552,-0.0004496461334203055,0.0008078296560679417,618.9427715712405,1.000000000081288,4.469254827477811e-10,8,45
2,0,0.001794754639786291,12.02327411226338,0.6373714763963977,-1027.47114350634,691.0779998090364,1238.259162113604,619.1299848494933,1.000000000421831,1.179241934507001e-12,6,49
2,1,0.001794754639786291,12.02327411226338,0.6373714763963977,-1027.47114350634,-691.0779998090364,1238.259162113604,619.1299848494933,1.000000000421831,1.179241934507001e-12,6,49
2,2,0.001794754639786291,12.02327411226338,0.6373714763963977,-414.4753638440588,1166.811155304719,1238.23991995784,619.1299848494933,1.000000000421831,1.179241934507001e-12,6,49
2,3,0.001794754639786291,12.02327411226338,0.6373714763963977,-414.4753638440588,-1166.811155304719,1238.23991995784,619.1299848494933,1.000000000421831,1.179241934507001e-12,6,49
2,4,0.001794754639786291,12.02327411226338,0.6373714763963977,995.1272699653032,-736.8580674876365,1238.239918210607,619.1299848494933,1.000000000421831,1.179241934507001e-12,6,49
2,5,0.001794754639786291,12.02327411226338,0.6373714763963977,995.1272699653032,736.8580674876365,1238.239918210607,619.1299848494933,1.000000000421831,1.179241934507001e-12,6,49
2,6,0.001794754639786291,12.02327411226338,0.6373714763963977,1238.239918210607,0,1238.239918210607,619.1299848494933,1.000000000421831,1.179241934507001e-12,6,49
2,7,0.001794754639786291,12.02327411226338,0.6373714763963977,361.2534737642386,1184.370728591122,1238.2399182106,619.1299848494933,1.000000000421831,1.179241934507001e-12,6,49
2,8,0.001794754639786291,12.02327411226338,0.6373714763963977,361.2534737642386,-1184.370728591122,1238.2399182106,619.1299848494933,1.000000000421831,1.179241934507001e-12,6,49
2,9,0.001794754639786291,12.02327411226338,0.6373714763963977,-0.8305043006669344,-0.5601348019027736,1.001742676403942,619.1299848494933,1.000000000421831,1.179241934507001e-12,6,49
2,10,0.001794754639786291,12.02327411226338,0.6373714763963977,-0.8305043006669344,0.5601348019027736,1.001742676403942,619.1299848494933,1.000000000421831,1.179241934507001e-12,6,49
2,11,0.001794754639786291,12.02327411226338,0.6373714763963977,-0.3347282673525894,0.9423966009562021,1.000077180250939,619.1299848494933,1.000000000421831,1.179241934507001e-12,6,49
2,12,0.001794754639786291,12.02327411226338,0.6373714763963977,-0.3347282673525894,-0.9423966009562021,1.000077180250939,619.1299848494933,1.000000000421831,1.179241934507001e-12,6,49
2,13,0.001794754639786291,12.02327411226338,0.6373714763963977,-0.3347778757919623,0.9423754542937686,1.000073858760024,619.1299848494933,1.000000000421831,1.179241934507001e-12,6,49
2,14,0.001794754639786291,12.02327411226338,0.6373714763963977,-0.3347778757919623,-0.9423754542937686,1.000073858760024,619.1299848494933,1.000000000421831,1.179241934507001e-12,6,49
2,15,0.001794754639786291,12.02327411226338,0.6373714763963977,0.2917472910805186,0.9564961860086912,1.000000717850739,619.1299848494933,1.000000000421831,1.179241934507001e-12,6,49
2,16,0.001794754639786291,12.02327411226338,0.6373714763963977,0.2917472910805186,-0.9564961860086912,1.000000717850739,619.1299848494933,1.000000000421831,1.179241934507001e-12,6,49
2,17,0.001794754639786291,12.02327411226338,0.6373714763963977,0.2917482468035423,-0.9564958905223394,1.000000714049277,619.1299848494933,1.000000000421831,1.179241934507001e-12,6,49
2,18,0.001794754639786291,12.02327411226338,0.6373714763963977,0.2917482468035423,0.9564958905223394,1.000000714049277,619.1299848494933,1.000000000421831,1.179241934507001e-12,6,49
2,19,0.001794754639786291,12.02327411226338,0.6373714763963977,0.8036628581176736,-0.5950849868558746,1.00000006554956,619.1299848494933,1.000000000421831,1.179241934507001e-12,6,49
2,20,0.001794754639786291,12.02327411226338,0.6373714763963977,0.8036628581176736,0.5950849868558746,1.00000006554956,619.1299848494933,1.000000000421831,1.179241934507001e-12,6,49
2,21,0.001794754639786291,12.02327411226338,0.6373714763963977,0.8036626972034311,0.595085203432361,1.000000065110212,619.1299848494933,1.000000000421831,1.179241934507001e-12,6,49
2,22,0.001794754639786291,12.02327411226338,0.6373714763963977,0.8036626972034311,-0.595085203432361,1.000000065110212,619.1299848494933,1.000000000421831,1.179241934507001e-12,6,49
2,23,0.001794754639786291,12.02327411226338,0.6373714763963977,1.00000005476539,1.383516896710694e-07,1.0000000547654,619.1299848494933,1.000000000421831,1.179241934507001e-12,6,49
2,24,0.001794754639786291,12.02327411226338,0.6373714763963977,1.00000005476539,-1.383516896710694e-07,1.0000000547654,619.1299848494933,1.000000000421831,1.179241934507001e-12,6,49
2,25,0.001794754639786291,12.02327411226338,0.6373714763963977,-0.9989623612115768,-0.04554339559702621,0.9999999999999579,619.1299848494933,1.000000000421831,1.179241934507001e-12,6,49
2,26,0.001794754639786291,12.02327411226338,0.6373714763963977,-0.9989623612115768,0.04554339559702621,0.9999999999999579,619.1299848494933,1.000000000421831,1.179241934507001e-12,6,49
2,27,0.001794754639786291,12.02327411226338,0.6373714763963977,-0.8313572434699545,-0.5557383680553675,0.9999999999994021,619.1299848494933,1.000000000421831,1.179241934507001e-12,6,49
2,28,0.001794754639786291,12.02327411226338,0.6373714763963977,-0.8313572434699545,0.5557383680553675,0.9999999999994021,619.1299848494933,1.000000000421831,1.179241934507001e-12,6,49
2,29,0.001794754639786291,12.02327411226338,0.6373714763963977,0.9999999452346531,-1.383514996735421e-07,0.9999999452346626,619.1299848494933,1.000000000421831,1.179241934507001e-12,6,49
2,30,0.001794754639786291,12.02327411226338,0.6373714763963977,0.9999999452346531,1.383514996735421e-07,0.9999999452346626,619.1299848494933,1.000000000421831,1.179241934507001e-12,6,49
2,31,0.001794754639786291,12.02327411226338,0.6373714763963977,0.8036627577914193,0.5950849027818733,0.9999999348899085,619.1299848494933,1.000000000421831,1.179241934507001e-12,6,49
2,32,0.001794754639786291,12.02327411226338,0.6373714763963977,0.8036627577914193,-0.5950849027818733,0.9999999348899085,619.1299848494933,1.000000000421831,1.179241934507001e-12,6,49
2,33,0.001794754639786291,12.02327411226338,0.6373714763963977,0.8036625968770115,0.5950851193581134,0.9999999344502788,619.1299848494933,1.000000000421831,1.179241934507001e-12,6,49
2,34,0.001794754639786291,12.02327411226338,0.6373714763963977,0.8036625968770115,-0.5950851193581134,0.9999999344502788,619.1299848494933,1.000000000421831,1.179241934507001e-12,6,49
2,35,0.001794754639786291,12.02327411226338,0.6373714763963977,0.2917468709585732,0.9564948168865361,0.9999992857222082,619.1299848494933,1.000000000421831,1.179241934507001e-12,6,49
2,36,0.001794754639786291,12.02327411226338,0.6373714763963977,0.2917468709585732,-0.9564948168865361,0.9999992857222082,619.1299848494933,1.000000000421831,1.179241934507001e-12,6,49
2,37,0.001794754639786291,12.02327411226338,0.6373714763963977,0.2917478268125279,-0.9564945218391175,0.99999928237878,619.1299848494933,1.000000000421831,1.179241934507001e-12,6,49
2,38,0.001794754639786291,12.02327411226338,0.6373714763963977,0.2917478268125279,0.9564945218391175,0.99999928237878,619.1299848494933,1.000000000421831,1.179241934507001e-12,6,49
2,39,0.001794754639786291,12.02327411226338,0.6373714763963977,-0.3347284286748342,-0.9422362643143994,0.9999261466489805,619.1299848494933,1.000000000421831,1.179241934507001e-12,6,49
2,40,0.001794754639786291,12.02327411226338,0.6373714763963977,-0.3347284286748342,0.9422362643143994,0.9999261466489805,619.1299848494933,1.000000000421831,1.179241934507001e-12,6,49
2,41,0.001794754639786291,12.02327411226338,0.6373714763963977,-0.3346766045114709,-0.9422511490313304,0.9999228257511626,619.1299848494933,1.000000000421831,1.179241934507001e-12,6,49
2,42,0.001794754639786291,12.02327411226338,0.6373714763963977,-0.3346766045114709,0.9422511490313304,0.9999228257511626,619.1299848494933,1.000000000421831,1.179241934507001e-12,6,49
2,43,0.001794754639786291,12.02327411226338,0.6373714763963977,-0.827617249155959,-0.5581876259221924,0.9982603552346102,619.1299848494933,1.000000000421831,1.179241934507001e-12,6,49
2,44,0.001794754639786291,12.02327411226338,0.6373714763963977,-0.827617249155959,0.5581876259221924,0.9982603552346102,619.1299848494933,1.000000000421831,1.179241934507001e-12,6,49
2,45,0.001794754639786291,12.02327411226338,0.6373714763963977,0.0006490363586427296,-0.000480589459599825,0.0008075979343204549,619.1299848494933,1.000000000421831,1.179241934507001e-12,6,49
2,46,0.001794754639786291,12.02327411226338,0.6373714763963977,0.0006490363586427296,0.000480589459599825,0.0008075979343204549,619.1299848494933,1.000000000421831,1.179241934507001e-12,6,49
2,47,0.001794754639786291,12.02327411226338,0.6373714763963977,0.0002356147261491899,-0.0007724636718579351,0.000807597934320415,619.1299848494933,1.000000000421831,1.179241934507001e-12,6,49
2,48,0.001794754639786291,12.02327411226338,0.6373714763963977,0.0002356147261491899,0.0007724636718579351,0.000807597934320415,619.1299848494933,1.000000000421831,1.179241934507001e-12,6,49
2,49,0.001794754639786291,12.02327411226338,0.6373714763963977,0.0008075979342951312,0,0.0008075979342951312,619.1299848494933,1.000000000421831,1.179241934507001e-12,6,49
2,50,0.001794754639786291,12.02327411226338,0.6373714763963977,-0.0002703268096312038,0.0007610110626459825,0.0008075979330551512,619.1299848494933,1.000000000421831,1.179241934507001e-12,6,49
2,51,0.001794754639786291,12.02327411226338,0.6373714763963977,-0.0002703268096312038,-0.0007610110626459825,0.0008075979330551512,619.1299848494933,1.000000000421831,1.179241934507001e-12,6,49
2,52,0.001794754639786291,12.02327411226338,0.6373714763963977,-0.0006701106704745312,0.0004507170295452875,0.0008075853833533352,619.1299848494933,1.000000000421831,1.179241934507001e-12,6,49
2,53,0.001794754639786291,12.02327411226338,0.6373714763963977,-0.0006701106704745312,-0.0004507170295452875,0.0008075853833533352,619.1299848494933,1.000000000421831,1.179241934507001e-12,6,49
3,0,0.003165062580102353,12.02498194159888,0.6357995554092541,-1024.196044322208,698.2420527576543,1239.564238530816,619.7825226329661,0.9999999996028706,9.199118864177081e-12,6,49
3,1,0.003165062580102353,12.02498194159888,0.6357995554092541,-1024.196044322208,-698.2420527576543,1239.564238530816,619.7825226329661,0.9999999996028706,9.199118864177081e-12,6,49
3,2,0.003165062580102353,12.02498194159888,0.6357995554092541,-409.3858897808466,1169.946005012576,1239.504119152712,619.7825226329661,0.9999999996028706,9.199118864177081e-12,6,49
3,3,0.003165062580102353,12.02498194159888,0.6357995554092541,-409.3858897808466,-1169.946005012576,1239.504119152712,619.7825226329661,0.9999999996028706,9.199118864177081e-12,6,49
3,4,0.003165062580102353,12.02498194159888,0.6357995554092541,997.3014810841421,-736.0435950142023,1239.504101620505,619.7825226329661,0.9999999996028706,9.199118864177081e-12,6,49
3,5,0.003165062580102353,12.02498194159888,0.6357995554092541,997.3014810841421,736.0435950142023,1239.504101620505,619.7825226329661,0.9999999996028706,9.199118864177081e-12,6,49
3,6,0.003165062580102353,12.02498194159888,0.6357995554092541,1239.504101620505,0,1239.504101620505,619.7825226329661,0.9999999996028706,9.199118864177081e-12,6,49
3,7,0.003165062580102353,12.02498194159888,0.6357995554092541,365.3477788606019,1184.437173688458,1239.504101620272,619.7825226329661,0.9999999996028706,9.199118864177081e-12,6,49
3,8,0.003165062580102353,12.02498194159888,0.6357995554092541,365.3477788606019,-1184.437173688458,1239.504101620272,619.7825226329661,0.9999999996028706,9.199118864177081e-12,6,49
3,9,0.003165062580102353,12.02498194159888,0.6357995554092541,-0.8280778869076342,-0.5676255151169899,1.003948062499869,619.7825226329661,0.9999999996028706,9.199118864177081e-12,6,49
3,10,0.003165062580102353,12.02498194159888,0.6357995554092541,-0.8280778869076342,0.5676255151169899,1.003948062499869,619.7825226329661,0.9999999996028706,9.199118864177081e-12,6,49
3,11,0.003165062580102353,12.02498194159888,0.6357995554092541,-0.3302761771500686,0.9441419046803777,1.000243115130694,619.7825226329661,0.9999999996028706,9.199118864177081e-12,6,49
3,12,0.003165062580102353,12.02498194159888,0.6357995554092541,-0.3302761771500686,-0.9441419046803777,1.000243115130694,619.7825226329661,0.9999999996028706,9.199118864177081e-12,6,49
3,13,0.003165062580102353,12.02498194159888,0.6357995554092541,-0.3304341624701996,0.9440753527154061,1.000232476643355,619.7825226329661,0.9999999996028706,9.199118864177081e-12,6,49
3,14,0.003165062580102353,12.02498194159888,0.6357995554092541,-0.3304341624701996,-0.9440753527154061,1.000232476643355,619.7825226329661,0.9999999996028706,9.199118864177081e-12,6,49
3,15,0.003165062580102353,12.02498194159888,0.6357995554092541,0.2947541671279414,0.9555766448816839,1.000003371635627,619.7825226329661,0.9999999996028706,9.199118864177081e-12,6,49
3,16,0.003165062580102353,12.02498194159888,0.6357995554092541,0.2947541671279414,-0.9555766448816839,1.000003371635627,619.7825226329661,0.9999999996028706,9.199118864177081e-12,6,49
3,17,0.003165062580102353,12.02498194159888,0.6357995554092541,0.2947539142780317,-0.9555757743530804,1.000002465253317,619.7825226329661,0.9999999996028706,9.199118864177081e-12,6,49
3,18,0.003165062580102353,12.02498194159888,0.6357995554092541,0.2947539142780317,0.9555757743530804,1.000002465253317,619.7825226329661,0.9999999996028706,9.199118864177081e-12,6,49
3,19,0.003165062580102353,12.02498194159888,0.6357995554092541,0.8045974854112292,-0.5938215810904968,1.00000059184927,619.7825226329661,0.9999999996028706,9.199118864177081e-12,6,49
3,20,0.003165062580102353,12.02498194159888,0.6357995554092541,0.8045974854112292,0.5938215810904968,1.00000059184927,619.7825226329661,0.9999999996028706,9.199118864177081e-12,6,49
3,21,0.003165062580102353,12.02498194159888,0.6357995554092541,0.8045977889651752,0.5938211687263245,1.000000591217399,619.7825226329661,0.9999999996028706,9.199118864177081e-12,6,49
3,22,0.003165062580102353,12.02498194159888,0.6357995554092541,0.8045977889651752,-0.5938211687263245,1.000000591217399,619.7825226329661,0.9999999996028706,9.199118864177081e-12,6,49
3,23,0.003165062580102353,12.02498194159888,0.6357995554092541,1.000000588555442,2.533853806690787e-07,1.000000588555474,619.7825226329661,0.9999999996028706,9.199118864177081e-12,6,49
3,24,0.003165062580102353,12.02498194159888,0.6357995554092541,1.000000588555442,-2.533853806690787e-07,1.000000588555474,619.7825226329661,0.9999999996028706,9.199118864177081e-12,6,49
3,25,0.003165062580102353,12.02498194159888,0.6357995554092541,-0.829629327286179,-0.5583145881193748,1.000000000000113,619.7825226329661,0.9999999996028706,9.199118864177081e-12,6,49
3,26,0.003165062580102353,12.02498194159888,0.6357995554092541,-0.829629327286179,0.5583145881193748,1.000000000000113,619.7825226329661,0.9999999996028706,9.199118864177081e-12,6,49
3,27,0.003165062580102353,12.02498194159888,0.6357995554092541,-0.9992668851254622,-0.03828436092775627,0.9999999999999952,619.7825226329661,0.9999999996028706,9.199118864177081e-12,6,49
3,28,0.003165062580102353,12.02498194159888,0.6357995554092541,-0.9992668851254622,0.03828436092775627,0.9999999999999952,619.7825226329661,0.9999999996028706,9.199118864177081e-12,6,49
3,29,0.003165062580102353,12.02498194159888,0.6357995554092541,0.9999994114447791,-2.533850503970065e-07,0.9999994114448112,619.7825226329661,0.9999999996028706,9.199118864177081e-12,6,49
3,30,0.003165062580102353,12.02498194159888,0.6357995554092541,0.9999994114447791,2.533850503970065e-07,0.9999994114448112,619.7825226329661,0.9999999996028706,9.199118864177081e-12,6,49
3,31,0.003165062580102353,12.02498194159888,0.6357995554092541,0.80459653282942,-0.593820879495498,0.9999994087827906,619.7825226329661,0.9999999996028706,9.199118864177081e-12,6,49
3,32,0.003165062580102353,12.02498194159888,0.6357995554092541,0.80459653282942,0.593820879495498,0.9999994087827906,619.7825226329661,0.9999999996028706,9.199118864177081e-12,6,49
3,33,0.003165062580102353,12.02498194159888,0.6357995554092541,0.8045968363832448,-0.5938204671320551,0.9999994081512538,619.7825226329661,0.9999999996028706,9.199118864177081e-12,6,49
3,34,0.003165062580102353,12.02498194159888,0.6357995554092541,0.8045968363832448,0.5938204671320551,0.9999994081512538,619.7825226329661,0.9999999996028706,9.199118864177081e-12,6,49
3,35,0.003165062580102353,12.02498194159888,0.6357995554092541,0.2947524618571142,0.9555710626509564,0.9999975347703152,619.7825226329661,0.9999999996028706,9.199118864177081e-12,6,49
3,36,0.003165062580102353,12.02498194159888,0.6357995554092541,0.2947524618571142,-0.9555710626509564,0.9999975347703152,619.7825226329661,0.9999999996028706,9.199118864177081e-12,6,49
3,37,0.003165062580102353,12.02498194159888,0.6357995554092541,0.2947521785329308,-0.9555702014910965,0.9999966283581377,619.7825226329661,0.9999999996028706,9.199118864177081e-12,6,49
3,38,0.003165062580102353,12.02498194159888,0.6357995554092541,0.2947521785329308,0.9555702014910965,0.9999966283581377,619.7825226329661,0.9999999996028706,9.199118864177081e-12,6,49
3,39,0.003165062580102353,12.02498194159888,0.6357995554092541,-0.3302805796032311,-0.9436365548268444,0.9997675774241344,619.7825226329661,0.9999999996028706,9.199118864177081e-12,6,49
3,40,0.003165062580102353,12.02498194159888,0.6357995554092541,-0.3302805796032311,0.9436365548268444,0.9997675774241344,619.7825226329661,0.9999999996028706,9.199118864177081e-12,6,49
3,41,0.003165062580102353,12.02498194159888,0.6357995554092541,-0.3301156454175997,-0.9436830016362646,0.9997569439252266,619.7825226329661,0.9999999996028706,9.199118864177081e-12,6,49
3,42,0.003165062580102353,12.02498194159888,0.6357995554092541,-0.3301156454175997,0.9436830016362646,0.9997569439252266,619.7825226329661,0.9999999996028706,9.199118864177081e-12,6,49
3,43,0.003165062580102353,12.02498194159888,0.6357995554092541,-0.8215777998079643,-0.5631698771306556,0.9960674634002724,619.7825226329661,0.9999999996028706,9.199118864177081e-12,6,49
3,44,0.003165062580102353,12.02498194159888,0.6357995554092541,-0.8215777998079643,0.5631698771306556,0.9960674634002724,619.7825226329661,0.9999999996028706,9.199118864177081e-12,6,49
3,45,0.003165062580102353,12.02498194159888,0.6357995554092541,0.0002377992797774356,0.0007709320356395639,0.0008067742565538572,619.7825226329661,0.9999999996028706,9.199118864177081e-12,6,49
3,46,0.003165062580102353,12.02498194159888,0.6357995554092541,0.0002377992797774356,-0.0007709320356395639,0.0008067742565538572,619.7825226329661,0.9999999996028706,9.199118864177081e-12,6,49
3,47,0.003165062580102353,12.02498194159888,0.6357995554092541,0.0006491282762833161,0.0004790795152559378,0.0008067742565355029,619.7825226329661,0.9999999996028706,9.199118864177081e-12,6,49
3,48,0.003165062580102353,12.02498194159888,0.6357995554092541,0.0006491282762833161,-0.0004790795152559378,0.0008067742565355029,619.7825226329661,0.9999999996028706,9.199118864177081e-12,6,49
3,49,0.003165062580102353,12.02498194159888,0.6357995554092541,0.0008067742564872269,0,0.0008067742564872269,619.7825226329661,0.9999999996028706,9.199118864177081e-12,6,49
3,50,0.003165062580102353,12.02498194159888,0.6357995554092541,-0.0002664630048923113,0.0007614999340817928,0.0008067742451162002,619.7825226329661,0.9999999996028706,9.199118864177081e-12,6,49
3,51,0.003165062580102353,12.02498194159888,0.6357995554092541,-0.0002664630048923113,-0.0007614999340817928,0.0008067742451162002,619.7825226329661,0.9999999996028706,9.199118864177081e-12,6,49
3,52,0.003165062580102353,12.02498194159888,0.6357995554092541,-0.000666568854732062,0.0004544309734123665,0.0008067351161907629,619.7825226329661,0.9999999996028706,9.199118864177081e-12,6,49
3,53,0.003165062580102353,12.02498194159888,0.6357995554092541,-0.000666568854732062,-0.0004544309734123665,0.0008067351161907629,619.7825226329661,0.9999999996028706,9.199118864177081e-12,6,49
4,0,0.005905456122289957,12.03120612126176,0.6300616242744479,-1011.843417582293,724.2430690671055,1244.329186669008,622.1649951574343,0.9999999997694733,1.810078876352706e-10,6,45
4,1,0.005905456122289957,12.03120612126176,0.6300616242744479,-1011.843417582293,-724.2430690671055,1244.329186669008,622.1649951574343,0.9999999997694733,1.810078876352706e-10,6,45
4,2,0.005905456122289957,12.03120612126176,0.6300616242744479,-390.6360553827263,1181.202002408743,1244.120049777914,622.1649951574343,0.9999999997694733,1.810078876352706e-10,6,45
4,3,0.005905456122289957,12.03120612126176,0.6300616242744479,-390.6360553827263,-1181.202002408743,1244.120049777914,622.1649951574343,0.9999999997694733,1.810078876352706e-10,6,45
4,4,0.005905456122289957,12.03120612126176,0.6300616242744479,1005.237861088449,-733.0286137945324,1244.119811757378,622.1649951574343,0.9999999997694733,1.810078876352706e-10,6,45
4,5,0.005905456122289957,12.03120612126176,0.6300616242744479,1005.237861088449,733.0286137945324,1244.119811757378,622.1649951574343,0.9999999997694733,1.810078876352706e-10,6,45
4,6,0.005905456122289957,12.03120612126176,0.6300616242744479,1244.11981175737,0,1244.11981175737,622.1649951574343,0.9999999997694733,1.810078876352706e-10,6,45
4,7,0.005905456122289957,12.03120612126176,0.6300616242744479,380.3268820630071,1184.561340223966,1244.119811743615,622.1649951574343,0.9999999997694733,1.810078876352706e-10,6,45
4,8,0.005905456122289957,12.03120612126176,0.6300616242744479,380.3268820630071,-1184.561340223966,1244.119811743615,622.1649951574343,0.9999999997694733,1.810078876352706e-10,6,45
4,9,0.005905456122289957,12.03120612126176,0.6300616242744479,-0.8177231570298118,-0.5922201935659989,1.009651384988973,622.1649951574343,0.9999999997694733,1.810078876352706e-10,6,45
4,10,0.005905456122289957,12.03120612126176,0.6300616242744479,-0.8177231570298118,0.5922201935659989,1.009651384988973,622.1649951574343,0.9999999997694733,1.810078876352706e-10,6,45
4,11,0.005905456122289957,12.03120612126176,0.6300616242744479,-0.3139375375262244,0.9503688349096913,1.000878464068257,622.1649951574343,0.9999999997694733,1.810078876352706e-10,6,45
4,12,0.005905456122289957,12.03120612126176,0.6300616242744479,-0.3139375375262244,-0.9503688349096913,1.000878464068257,622.1649951574343,0.9999999997694733,1.810078876352706e-10,6,45
4,13,0.005905456122289957,12.03120612126176,0.6300616242744479,-0.3145300474967682,0.9501298783945423,1.000837617496638,622.1649951574343,0.9999999997694733,1.810078876352706e-10,6,45
4,14,0.005905456122289957,12.03120612126176,0.6300616242744479,-0.3145300474967682,-0.9501298783945423,1.000837617496638,622.1649951574343,0.9999999997694733,1.810078876352706e-10,6,45
4,15,0.005905456122289957,12.03120612126176,0.6300616242744479,0.3056930261382582,0.9521547910825068,1.000023485929675,622.1649951574343,0.9999999997694733,1.810078876352706e-10,6,45
4,16,0.005905456122289957,12.03120612126176,0.6300616242744479,0.3056930261382582,-0.9521547910825068,1.000023485929675,622.1649951574343,0.9999999997694733,1.810078876352706e-10,6,45
4,17,0.005905456122289957,12.03120612126176,0.6300616242744479,0.3057203903421764,-0.9521459655388032,1.000023448106489,622.1649951574343,0.9999999997694733,1.810078876352706e-10,6,45
4,18,0.005905456122289957,12.03120612126176,0.6300616242744479,0.3057203903421764,0.9521459655388032,1.000023448106489,622.1649951574343,0.9999999997694733,1.810078876352706e-10,6,45
4,19,0.005905456122289957,12.03120612126176,0.6300616242744479,0.8079942772310031,0.5891967945267772,1.000003807352092,622.1649951574343,0.9999999997694733,1.810078876352706e-10,6,45
4,20,0.005905456122289957,12.03120612126176,0.6300616242744479,0.8079942772310031,-0.5891967945267772,1.000003807352092,622.1649951574343,0.9999999997694733,1.810078876352706e-10,6,45
4,21,0.005905456122289957,12.03120612126176,0.6300616242744479,1.000003670088876,0,1.000003670088876,622.1649951574343,0.9999999997694733,1.810078876352706e-10,6,45
4,22,0.005905456122289957,12.03120612126176,0.6300616242744479,0.8079956551261247,-0.5891884429905356,1.000000000028153,622.1649951574343,0.9999999997694733,1.810078876352706e-10,6,45
4,23,0.005905456122289957,12.03120612126176,0.6300616242744479,0.8079956551261247,0.5891884429905356,1.000000000028153,622.1649951574343,0.9999999997694733,1.810078876352706e-10,6,45
4,24,0.005905456122289957,12.03120612126176,0.6300616242744479,0.9999999999716483,-7.524600938648071e-06,0.9999999999999581,622.1649951574343,0.9999999997694733,1.810078876352706e-10,6,45
4,25,0.005905456122289957,12.03120612126176,0.6300616242744479,0.9999999999716483,7.524600938648071e-06,0.9999999999999581,622.1649951574343,0.9999999997694733,1.810078876352706e-10,6,45
4,26,0.005905456122289957,12.03120612126176,0.6300616242744479,-0.9999493935548556,0.01006033444698864,0.9999999999999544,622.1649951574343,0.9999999997694733,1.810078876352706e-10,6,45
4,27,0.005905456122289957,12.03120612126176,0.6300616242744479,-0.9999493935548556,-0.01006033444698864,0.9999999999999544,622.1649951574343,0.9999999997694733,1.810078876352706e-10,6,45
4,28,0.005905456122289957,12.03120612126176,0.6300616242744479,-0.8214155406953222,0.5703301758665933,0.9999999999999039,622.1649951574343,0.9999999997694733,1.810078876352706e-10,6,45
4,29,0.005905456122289957,12.03120612126176,0.6300616242744479,-0.8214155406953222,-0.5703301758665933,0.9999999999999039,622.1649951574343,0.9999999997694733,1.810078876352706e-10,6,45
4,30,0.005905456122289957,12.03120612126176,0.6300616242744479,0.8079867471472484,-0.5892006588403876,0.9999999999717691,622.1649951574343,0.9999999997694733,1.810078876352706e-10,6,45
4,31,0.005905456122289957,12.03120612126176,0.6300616242744479,0.8079867471472484,0.5892006588403876,0.9999999999717691,622.1649951574343,0.9999999997694733,1.810078876352706e-10,6,45
4,32,0.005905456122289957,12.03120612126176,0.6300616242744479,0.9999963299247808,0,0.9999963299247808,622.1649951574343,0.9999999997694733,1.810078876352706e-10,6,45
4,33,0.005905456122289957,12.03120612126176,0.6300616242744479,0.8079881251155652,0.5891923073254696,0.9999961926623905,622.1649951574343,0.9999999997694733,1.810078876352706e-10,6,45
4,34,0.005905456122289957,12.03120612126176,0.6300616242744479,0.8079881251155652,-0.5891923073254696,0.9999961926623905,622.1649951574343,0.9999999997694733,1.810078876352706e-10,6,45
4,35,0.005905456122289957,12.03120612126176,0.6300616242744479,0.3057060536943108,-0.9521013150733636,0.9999765524399946,622.1649951574343,0.9999999997694733,1.810078876352706e-10,6,45
4,36,0.005905456122289957,12.03120612126176,0.6300616242744479,0.3057060536943108,0.9521013150733636,0.9999765524399946,622.1649951574343,0.9999999997694733,1.810078876352706e-10,6,45
4,37,0.005905456122289957,12.03120612126176,0.6300616242744479,0.3056786676533466,-0.9521100681873604,0.9999765146252512,622.1649951574343,0.9999999997694733,1.810078876352706e-10,6,45
4,38,0.005905456122289957,12.03120612126176,0.6300616242744479,0.3056786676533466,0.9521100681873604,0.9999765146252512,622.1649951574343,0.9999999997694733,1.810078876352706e-10,6,45
4,39,0.005905456122289957,12.03120612126176,0.6300616242744479,-0.3140037970446163,-0.9485401851931892,0.9991630835277924,622.1649951574343,0.9999999997694733,1.810078876352706e-10,6,45
4,40,0.005905456122289957,12.03120612126176,0.6300616242744479,-0.3140037970446163,0.9485401851931892,0.9991630835277924,622.1649951574343,0.9999999997694733,1.810078876352706e-10,6,45
4,41,0.005905456122289957,12.03120612126176,0.6300616242744479,-0.3133866977750466,-0.9487013027779896,0.9991223069449521,622.1649951574343,0.9999999997694733,1.810078876352706e-10,6,45
4,42,0.005905456122289957,12.03120612126176,0.6300616242744479,-0.3133866977750466,0.9487013027779896,0.9991223069449521,622.1649951574343,0.9999999997694733,1.810078876352706e-10,6,45
4,43,0.005905456122289957,12.03120612126176,0.6300616242744479,-0.8021644403516266,-0.5809520936919117,0.9904408738181467,622.1649951574343,0.9999999997694733,1.810078876352706e-10,6,45
4,44,0.005905456122289957,12.03120612126176,0.6300616242744479,-0.8021644403516266,0.5809520936919117,0.9904408738181467,622.1649951574343,0.9999999997694733,1.810078876352706e-10,6,45
4,45,0.005905456122289957,12.03120612126176,0.6300616242744479,0.0008037811073840365,0,0.0008037811073840365,622.1649951574343,0.9999999997694733,1.810078876352706e-10,6,45
4,46,0.005905456122289957,12.03120612126176,0.6300616242744479,0.0006494480624346551,0.0004735834485893153,0.000803781107378045,622.1649951574343,0.9999999997694733,1.810078876352706e-10,6,45
4,47,0.005905456122289957,12.03120612126176,0.6300616242744479,0.0006494480624346551,-0.0004735834485893153,0.000803781107378045,622.1649951574343,0.9999999997694733,1.810078876352706e-10,6,45
4,48,0.005905456122289957,12.03120612126176,0.6300616242744479,0.0002457155327693124,0.0007653025189319309,0.0008037811073468109,622.1649951574343,0.9999999997694733,1.810078876352706e-10,6,45
4,49,0.005905456122289957,12.03120612126176,0.6300616242744479,0.0002457155327693124,-0.0007653025189319309,0.0008037811073468109,622.1649951574343,0.9999999997694733,1.810078876352706e-10,6,45
4,50,0.005905456122289957,12.03120612126176,0.6300616242744479,-0.0002523758227141816,0.0007631318794040008,0.000803780953527354,622.1649951574343,0.9999999997694733,1.810078876352706e-10,6,45
4,51,0.005905456122289957,12.03120612126176,0.6300616242744479,-0.0002523758227141816,-0.0007631318794040008,0.000803780953527354,622.1649951574343,0.9999999997694733,1.810078876352706e-10,6,45
4,52,0.005905456122289957,12.03120612126176,0.6300616242744479,-0.0006534957008718992,0.0004677499737438617,0.000803645860435701,622.1649951574343,0.9999999997694733,1.810078876352706e-10,6,45
4,53,0.005905456122289957,12.03120612126176,0.6300616242744479,-0.0006534957008718992,-0.0004677499737438617,0.000803645860435701,622.1649951574343,0.9999999997694733,1.810078876352706e-10,6,45
5,0,0.01074826255206281,12.05115560308609,0.6115713552203885,-967.8195829049143,806.1986224303965,1259.615403154039,629.8080985235783,0.9999999999601181,9.957341400603138e-13,6,47
5,1,0.01074826255206281,12.05115560308609,0.6115713552203885,-967.8195829049143,-806.1986224303965,1259.615403154039,629.8080985235783,0.9999999999601181,9.957341400603138e-13,6,47
5,2,0.01074826255206281,12.05115560308609,0.6115713552203885,-328.4258429839908,1215.414042258945,1259.005491830744,629.8080985235783,0.9999999999601181,9.957341400603138e-13,6,47
5,3,0.01074826255206281,12.05115560308609,0.6115713552203885,-328.4258429839908,-1215.414042258945,1259.005491830744,629.8080985235783,0.9999999999601181,9.957341400603138e-13,6,47
5,4,0.01074826255206281,12.05115560308609,0.6115713552203885,1030.80386106735,-722.8619057492973,1259.001959797864,629.8080985235783,0.9999999999601181,9.957341400603138e-13,6,47
5,5,0.01074826255206281,12.05115560308609,0.6115713552203885,1030.80386106735,722.8619057492973,1259.001959797864,629.8080985235783,0.9999999999601181,9.957341400603138e-13,6,47
5,6,0.01074826255206281,12.05115560308609,0.6115713552203885,1259.001959796577,0,1259.001959796577,629.8080985235783,0.9999999999601181,9.957341400603138e-13,6,47
5,7,0.01074826255206281,12.05115560308609,0.6115713552203885,428.9328292074296,1183.681781588503,1259.00195871032,629.8080985235783,0.9999999999601181,9.957341400603138e-13,6,47
5,8,0.01074826255206281,12.05115560308609,0.6115713552203885,428.9328292074296,-1183.681781588503,1259.00195871032,629.8080985235783,0.9999999999601181,9.957341400603138e-13,6,47
5,9,0.01074826255206281,12.05115560308609,0.6115713552203885,-0.7780628907785765,-0.6655669758514123,1.023895141775128,629.8080985235783,0.9999999999601181,9.957341400603138e-13,6,47
5,10,0.01074826255206281,12.05115560308609,0.6115713552203885,-0.7780628907785765,0.6655669758514123,1.023895141775128,629.8080985235783,0.9999999999601181,9.957341400603138e-13,6,47
5,11,0.01074826255206281,12.05115560308609,0.6115713552203885,-0.260371915932856,0.9688341174366623,1.003211384363147,629.8080985235783,0.9999999999601181,9.957341400603138e-13,6,47
5,12,0.01074826255206281,12.05115560308609,0.6115713552203885,-0.260371915932856,-0.9688341174366623,1.003211384363147,629.8080985235783,0.9999999999601181,9.957341400603138e-13,6,47
5,13,0.01074826255206281,12.05115560308609,0.6115713552203885,-0.2627683042408119,0.9680007870286408,1.003031756925801,629.8080985235783,0.9999999999601181,9.957341400603138e-13,6,47
5,14,0.01074826255206281,12.05115560308609,0.6115713552203885,-0.2627683042408119,-0.9680007870286408,1.003031756925801,629.8080985235783,0.9999999999601181,9.957341400603138e-13,6,47
5,15,0.01074826255206281,12.05115560308609,0.6115713552203885,0.3406656041212314,0.9403361387652596,1.000142543690269,629.8080985235783,0.9999999999601181,9.957341400603138e-13,6,47
5,16,0.01074826255206281,12.05115560308609,0.6115713552203885,0.3406656041212314,-0.9403361387652596,1.000142543690269,629.8080985235783,0.9999999999601181,9.957341400603138e-13,6,47
5,17,0.01074826255206281,12.05115560308609,0.6115713552203885,0.3408161372935778,-0.940281000616493,1.000141989699497,629.8080985235783,0.9999999999601181,9.957341400603138e-13,6,47
5,18,0.01074826255206281,12.05115560308609,0.6115713552203885,0.3408161372935778,0.940281000616493,1.000141989699497,629.8080985235783,0.9999999999601181,9.957341400603138e-13,6,47
5,19,0.01074826255206281,12.05115560308609,0.6115713552203885,0.8187542584680654,-0.5741548048956496,1.00000613785334,629.8080985235783,0.9999999999601181,9.957341400603138e-13,6,47
5,20,0.01074826255206281,12.05115560308609,0.6115713552203885,0.8187542584680654,0.5741548048956496,1.00000613785334,629.8080985235783,0.9999999999601181,9.957341400603138e-13,6,47
5,21,0.01074826255206281,12.05115560308609,0.6115713552203885,0.8187494467250487,-0.5741616635080974,1.000006136158653,629.8080985235783,0.9999999999601181,9.957341400603138e-13,6,47
5,22,0.01074826255206281,12.05115560308609,0.6115713552203885,0.8187494467250487,0.5741616635080974,1.000006136158653,629.8080985235783,0.9999999999601181,9.957341400603138e-13,6,47
5,23,0.01074826255206281,12.05115560308609,0.6115713552203885,-0.7905304902814448,-0.6124226840472791,1.000000000000147,629.8080985235783,0.9999999999601181,9.957341400603138e-13,6,47
5,24,0.01074826255206281,12.05115560308609,0.6115713552203885,-0.7905304902814448,0.6124226840472791,1.000000000000147,629.8080985235783,0.9999999999601181,9.957341400603138e-13,6,47
5,25,0.01074826255206281,12.05115560308609,0.6115713552203885,0.999999999992627,-3.844995566709256e-06,1.000000000000019,629.8080985235783,0.9999999999601181,9.957341400603138e-13,6,47
5,26,0.01074826255206281,12.05115560308609,0.6115713552203885,0.999999999992627,3.844995566709256e-06,1.000000000000019,629.8080985235783,0.9999999999601181,9.957341400603138e-13,6,47
5,27,0.01074826255206281,12.05115560308609,0.6115713552203885,0.9999999999996387,-8.154967491062031e-07,0.9999999999999712,629.8080985235783,0.9999999999601181,9.957341400603138e-13,6,47
5,28,0.01074826255206281,12.05115560308609,0.6115713552203885,0.9999999999996387,8.154967491062031e-07,0.9999999999999712,629.8080985235783,0.9999999999601181,9.957341400603138e-13,6,47
5,29,0.01074826255206281,12.05115560308609,0.6115713552203885,-0.9976563014338125,-0.06842444160658501,0.9999999999998834,629.8080985235783,0.9999999999601181,9.957341400603138e-13,6,47
5,30,0.01074826255206281,12.05115560308609,0.6115713552203885,-0.9976563014338125,0.06842444160658501,0.9999999999998834,629.8080985235783,0.9999999999601181,9.957341400603138e-13,6,47
5,31,0.01074826255206281,12.05115560308609,0.6115713552203885,0.8187442095923753,0.574147756407929,0.9999938634458223,629.8080985235783,0.9999999999601181,9.957341400603138e-13,6,47
5,32,0.01074826255206281,12.05115560308609,0.6115713552203885,0.8187442095923753,-0.574147756407929,0.9999938634458223,629.8080985235783,0.9999999999601181,9.957341400603138e-13,6,47
5,33,0.01074826255206281,12.05115560308609,0.6115713552203885,0.8187393986181009,0.574154615433214,0.999993862617562,629.8080985235783,0.9999999999601181,9.957341400603138e-13,6,47
5,34,0.01074826255206281,12.05115560308609,0.6115713552203885,0.8187393986181009,-0.574154615433214,0.999993862617562,629.8080985235783,0.9999999999601181,9.957341400603138e-13,6,47
5,35,0.01074826255206281,12.05115560308609,0.6115713552203885,0.3407193731669103,-0.9400140371003985,0.9998580305208543,629.8080985235783,0.9999999999601181,9.957341400603138e-13,6,47
5,36,0.01074826255206281,12.05115560308609,0.6115713552203885,0.3407193731669103,0.9400140371003985,0.9998580305208543,629.8080985235783,0.9999999999601181,9.957341400603138e-13,6,47
5,37,0.01074826255206281,12.05115560308609,0.6115713552203885,0.3405685054006977,-0.9400681180473558,0.9998574765635162,629.8080985235783,0.9999999999601181,9.957341400603138e-13,6,47
5,38,0.01074826255206281,12.05115560308609,0.6115713552203885,0.3405685054006977,0.9400681180473558,0.9998574765635162,629.8080985235783,0.9999999999601181,9.957341400603138e-13,6,47
5,39,0.01074826255206281,12.05115560308609,0.6115713552203885,-0.2611822215542762,-0.962157885642008,0.9969774068448725,629.8080985235783,0.9999999999601181,9.957341400603138e-13,6,47
5,40,0.01074826255206281,12.05115560308609,0.6115713552203885,-0.2611822215542762,0.962157885642008,0.9969774068448725,629.8080985235783,0.9999999999601181,9.957341400603138e-13,6,47
5,41,0.01074826255206281,12.05115560308609,0.6115713552203885,-0.2587076286168587,-0.9626413668579735,0.9967988956107174,629.8080985235783,0.9999999999601181,9.957341400603138e-13,6,47
5,42,0.01074826255206281,12.05115560308609,0.6115713552203885,-0.2587076286168587,0.9626413668579735,0.9967988956107174,629.8080985235783,0.9999999999601181,9.957341400603138e-13,6,47
5,43,0.01074826255206281,12.05115560308609,0.6115713552203885,-0.7421705851435412,-0.634864145012368,0.976662510837081,629.8080985235783,0.9999999999601181,9.957341400603138e-13,6,47
5,44,0.01074826255206281,12.05115560308609,0.6115713552203885,-0.7421705851435412,0.634864145012368,0.976662510837081,629.8080985235783,0.9999999999601181,9.957341400603138e-13,6,47
5,45,0.01074826255206281,12.05115560308609,0.6115713552203885,0.0002706054103684887,0.0007467618994562867,0.0007942799396939717,629.8080985235783,0.9999999999601181,9.957341400603138e-13,6,47
5,46,0.01074826255206281,12.05115560308609,0.6115713552203885,0.0002706054103684887,-0.0007467618994562867,0.0007942799396939717,629.8080985235783,0.9999999999601181,9.957341400603138e-13,6,47
5,47,0.01074826255206281,12.05115560308609,0.6115713552203885,0.0007942799391263168,0,0.0007942799391263168,629.8080985235783,0.9999999999601181,9.957341400603138e-13,6,47
5,48,0.01074826255206281,12.05115560308609,0.6115713552203885,0.0006503141806467386,0.0004560395685443027,0.0007942799390821304,629.8080985235783,0.9999999999601181,9.957341400603138e-13,6,47
5,49,0.01074826255206281,12.05115560308609,0.6115713552203885,0.0006503141806467386,-0.0004560395685443027,0.0007942799390821304,629.8080985235783,0.9999999999601181,9.957341400603138e-13,6,47
5,50,0.01074826255206281,12.05115560308609,0.6115713552203885,-0.0002071963373384236,0.0007667768642829368,0.0007942777107574096,629.8080985235783,0.9999999999601181,9.957341400603138e-13,6,47
5,51,0.01074826255206281,12.05115560308609,0.6115713552203885,-0.0002071963373384236,-0.0007667768642829368,0.0007942777107574096,629.8080985235783,0.9999999999601181,9.957341400603138e-13,6,47
5,52,0.01074826255206281,12.05115560308609,0.6115713552203885,-0.0006099840510500605,0.0005081198090148495,0.000793893118025802,629.8080985235783,0.9999999999601181,9.957341400603138e-13,6,47
5,53,0.01074826255206281,12.05115560308609,0.6115713552203885,-0.0006099840510500605,-0.0005081198090148495,0.000793893118025802,629.8080985235783,0.9999999999601181,9.957341400603138e-13,6,47
6,0,0.0175390341925074,12.09700745870194,0.5684421731597261,-173.4892366096691,-1282.057097487826,1293.742214059012,646.8714935052618,1.000000001844409,9.322175255756186e-10,4,49
6,1,0.0175390341925074,12.09700745870194,0.5684421731597261,-173.4892366096691,1282.057097487826,1293.742214059012,646.8714935052618,1.000000001844409,9.322175255756186e-10,4,49
6,2,0.0175390341925074,12.09700745870194,0.5684421731597261,1090.255218922253,-696.4254837326702,1293.702012358137,646.8714935052618,1.000000001844409,9.322175255756186e-10,4,49
6,3,0.0175390341925074,12.09700745870194,0.5684421731597261,1090.255218922253,696.4254837326702,1293.702012358137,646.8714935052618,1.000000001844409,9.322175255756186e-10,4,49
6,4,0.0175390341925074,12.09700745870194,0.5684421731597261,1293.702012224248,0,1293.702012224248,646.8714935052618,1.000000001844409,9.322175255756186e-10,4,49
6,5,0.0175390341925074,12.09700745870194,0.5684421731597261,543.9027758651498,1173.811958821276,1293.701953413404,646.8714935052618,1.000000001844409,9.322175255756186e-10,4,49
6,6,0.0175390341925074,12.09700745870194,0.5684421731597261,543.9027758651498,-1173.811958821276,1293.701953413404,646.8714935052618,1.000000001844409,9.322175255756186e-10,4,49
6,7,0.0175390341925074,12.09700745870194,0.5684421731597261,-840.7291342784727,-983.1470302393107,1293.601005060295,646.8714935052618,1.000000001844409,9.322175255756186e-10,4,49
6,8,0.0175390341925074,12.09700745870194,0.5684421731597261,-840.7291342784727,983.1470302393107,1293.601005060295,646.8714935052618,1.000000001844409,9.322175255756186e-10,4,49
6,9,0.0175390341925074,12.09700745870194,0.5684421731597261,-0.6600268621601781,-0.8246386873709177,1.056250170878964,646.8714935052618,1.000000001844409,9.322175255756186e-10,4,49
6,10,0.0175390341925074,12.09700745870194,0.5684421731597261,-0.6600268621601781,0.8246386873709177,1.056250170878964,646.8714935052618,1.000000001844409,9.322175255756186e-10,4,49
6,11,0.0175390341925074,12.09700745870194,0.5684421731597261,-0.1304947375089336,1.001644265575578,1.010108960101813,646.8714935052618,1.000000001844409,9.322175255756186e-10,4,49
6,12,0.0175390341925074,12.09700745870194,0.5684421731597261,-0.1304947375089336,-1.001644265575578,1.010108960101813,646.8714935052618,1.000000001844409,9.322175255756186e-10,4,49
6,13,0.0175390341925074,12.09700745870194,0.5684421731597261,-0.1391204364302448,0.9996073968792688,1.009242014448611,646.8714935052618,1.000000001844409,9.322175255756186e-10,4,49
6,14,0.0175390341925074,12.09700745870194,0.5684421731597261,-0.1391204364302448,-0.9996073968792688,1.009242014448611,646.8714935052618,1.000000001844409,9.322175255756186e-10,4,49
6,15,0.0175390341925074,12.09700745870194,0.5684421731597261,0.420260297243043,0.9082299226250328,1.000749873739829,646.8714935052618,1.000000001844409,9.322175255756186e-10,4,49
6,16,0.0175390341925074,12.09700745870194,0.5684421731597261,0.420260297243043,-0.9082299226250328,1.000749873739829,646.8714935052618,1.000000001844409,9.322175255756186e-10,4,49
6,17,0.0175390341925074,12.09700745870194,0.5684421731597261,0.4212112152584705,-0.9077851801414415,1.000746132215332,646.8714935052618,1.000000001844409,9.322175255756186e-10,4,49
6,18,0.0175390341925074,12.09700745870194,0.5684421731597261,0.4212112152584705,0.9077851801414415,1.000746132215332,646.8714935052618,1.000000001844409,9.322175255756186e-10,4,49
6,19,0.0175390341925074,12.09700745870194,0.5684421731597261,0.8428001417907909,-0.5383125524087216,1.000046240472594,646.8714935052618,1.000000001844409,9.322175255756186e-10,4,49
6,20,0.0175390341925074,12.09700745870194,0.5684421731597261,0.8428001417907909,0.5383125524087216,1.000046240472594,646.8714935052618,1.000000001844409,9.322175255756186e-10,4,49
6,21,0.0175390341925074,12.09700745870194,0.5684421731597261,0.8427590328603054,-0.5383768906196437,1.000046230841811,646.8714935052618,1.000000001844409,9.322175255756186e-10,4,49
6,22,0.0175390341925074,12.09700745870194,0.5684421731597261,0.8427590328603054,0.5383768906196437,1.000046230841811,646.8714935052618,1.000000001844409,9.322175255756186e-10,4,49
6,23,0.0175390341925074,12.09700745870194,0.5684421731597261,1.000016400203855,0,1.000016400203855,646.8714935052618,1.000000001844409,9.322175255756186e-10,4,49
6,24,0.0175390341925074,12.09700745870194,0.5684421731597261,0.9999999992161223,-3.95935918053925e-05,0.9999999999999485,646.8714935052618,1.000000001844409,9.322175255756186e-10,4,49
6,25,0.0175390341925074,12.09700745870194,0.5684421731597261,0.9999999992161223,3.95935918053925e-05,0.9999999999999485,646.8714935052618,1.000000001844409,9.322175255756186e-10,4,49
6,26,0.0175390341925074,12.09700745870194,0.5684421731597261,-0.9675601740986,0.2526406726918026,0.9999999999999397,646.8714935052618,1.000000001844409,9.322175255756186e-10,4,49
6,27,0.0175390341925074,12.09700745870194,0.5684421731597261,-0.9675601740986,-0.2526406726918026,0.9999999999999397,646.8714935052618,1.000000001844409,9.322175255756186e-10,4,49
6,28,0.0175390341925074,12.09700745870194,0.5684421731597261,-0.7078550028367074,0.7063577669697175,0.9999999999997004,646.8714935052618,1.000000001844409,9.322175255756186e-10,4,49
6,29,0.0175390341925074,12.09700745870194,0.5684421731597261,-0.7078550028367074,-0.7063577669697175,0.9999999999997004,646.8714935052618,1.000000001844409,9.322175255756186e-10,4,49
6,30,0.0175390341925074,12.09700745870194,0.5684421731597261,0.9999836000650111,0,0.9999836000650111,646.8714935052618,1.000000001844409,9.322175255756186e-10,4,49
6,31,0.0175390341925074,12.09700745870194,0.5684421731597261,0.842681115351281,-0.5383271145481601,0.9999537711451599,646.8714935052618,1.000000001844409,9.322175255756186e-10,4,49
6,32,0.0175390341925074,12.09700745870194,0.5684421731597261,0.842681115351281,0.5383271145481601,0.9999537711451599,646.8714935052618,1.000000001844409,9.322175255756186e-10,4,49
6,33,0.0175390341925074,12.09700745870194,0.5684421731597261,0.8427222045025711,0.5382627720803098,0.9999537618156416,646.8714935052618,1.000000001844409,9.322175255756186e-10,4,49
6,34,0.0175390341925074,12.09700745870194,0.5684421731597261,0.8427222045025711,-0.5382627720803098,0.9999537618156416,646.8714935052618,1.000000001844409,9.322175255756186e-10,4,49
6,35,0.0175390341925074,12.09700745870194,0.5684421731597261,0.4205833595333005,-0.9064320392357088,0.999254424092945,646.8714935052618,1.000000001844409,9.322175255756186e-10,4,49
6,36,0.0175390341925074,12.09700745870194,0.5684421731597261,0.4205833595333005,0.9064320392357088,0.999254424092945,646.8714935052618,1.000000001844409,9.322175255756186e-10,4,49
6,37,0.0175390341925074,12.09700745870194,0.5684421731597261,0.4196307211619534,-0.9068693376687466,0.9992506881391937,646.8714935052618,1.000000001844409,9.322175255756186e-10,4,49
6,38,0.0175390341925074,12.09700745870194,0.5684421731597261,0.4196307211619534,0.9068693376687466,0.9992506881391937,646.8714935052618,1.000000001844409,9.322175255756186e-10,4,49
6,39,0.0175390341925074,12.09700745870194,0.5684421731597261,-0.1365841448377015,-0.9813836484431717,0.990842618205675,646.8714935052618,1.000000001844409,9.322175255756186e-10,4,49
6,40,0.0175390341925074,12.09700745870194,0.5684421731597261,-0.1365841448377015,0.9813836484431717,0.990842618205675,646.8714935052618,1.000000001844409,9.322175255756186e-10,4,49
6,41,0.0175390341925074,12.09700745870194,0.5684421731597261,-0.1278958790147432,-0.9816960917506676,0.9899922082660495,646.8714935052618,1.000000001844409,9.322175255756186e-10,4,49
6,42,0.0175390341925074,12.09700745870194,0.5684421731597261,-0.1278958790147432,0.9816960917506676,0.9899922082660495,646.8714935052618,1.000000001844409,9.322175255756186e-10,4,49
6,43,0.0175390341925074,12.09700745870194,0.5684421731597261,-0.5915998110796508,-0.7391458130372843,0.9467454089669655,646.8714935052618,1.000000001844409,9.322175255756186e-10,4,49
6,44,0.0175390341925074,12.09700745870194,0.5684421731597261,-0.5915998110796508,0.7391458130372843,0.9467454089669655,646.8714935052618,1.000000001844409,9.322175255756186e-10,4,49
6,45,0.0175390341925074,12.09700745870194,0.5684421731597261,-0.0005024066844736007,-0.0005875134090553956,0.0007730358868924835,646.8714935052618,1.000000001844409,9.322175255756186e-10,4,49
6,46,0.0175390341925074,12.09700745870194,0.5684421731597261,-0.0005024066844736007,0.0005875134090553956,0.0007730358868924835,646.8714935052618,1.000000001844409,9.322175255756186e-10,4,49
6,47,0.0175390341925074,12.09700745870194,0.5684421731597261,0.0003249771364366754,0.0007013423465849994,0.0007729755664443314,646.8714935052618,1.000000001844409,9.322175255756186e-10,4,49
6,48,0.0175390341925074,12.09700745870194,0.5684421731597261,0.0003249771364366754,-0.0007013423465849994,0.0007729755664443314,646.8714935052618,1.000000001844409,9.322175255756186e-10,4,49
6,49,0.0175390341925074,12.09700745870194,0.5684421731597261,0.0007729755312006067,0,0.0007729755312006067,646.8714935052618,1.000000001844409,9.322175255756186e-10,4,49
6,50,0.0175390341925074,12.09700745870194,0.5684421731597261,0.0006514178681680115,0.0004161080782780528,0.0007729755311630575,646.8714935052618,1.000000001844409,9.322175255756186e-10,4,49
6,51,0.0175390341925074,12.09700745870194,0.5684421731597261,0.0006514178681680115,-0.0004161080782780528,0.0007729755311630575,646.8714935052618,1.000000001844409,9.322175255756186e-10,4,49
6,52,0.0175390341925074,12.09700745870194,0.5684421731597261,-0.0001036518451860178,0.0007659701916341054,0.0007729515117279054,646.8714935052618,1.000000001844409,9.322175255756186e-10,4,49
6,53,0.0175390341925074,12.09700745870194,0.5684421731597261,-0.0001036518451860178,-0.0007659701916341054,0.0007729515117279054,646.8714935052618,1.000000001844409,9.322175255756186e-10,4,49
