schema_version,family,epsilon,candidate_tags,numerical_acceptance,figure_id,branch,panel_id,panel_role,paper_mask_pixels,prediction_mask_pixels,symmetric_chamfer_px,symmetric_chamfer_diagonal_fraction,precision_at_0p01_diagonal,recall_at_0p01_diagonal,f1_at_0p01_diagonal,hd95_px,hd95_diagonal_fraction,area_ratio_prediction_over_paper,projection_loss,renderer,normalized_panel_size,camera_config_sha256,protocol_sha256,camera_evidence_sha256,state_evidence_sha256,holdout_red_mask_read,paper_projection_acceptance,paper_3d_equivalence,selected_for_final_model,selected_model,fit_lock_sha256,evidence_npz_sha256
chapter4_projection_fit_lock_v1,halo,1.59099025766973e-07,coarse,pass,4.3,plus_x,a,train,11867,8353,5.45421962775836,0.00753264782200918,0.818508320363941,0.626780146625095,0.709927155400823,28.2683464013191,0.0390405067056701,0.70388472233926,0.250114367525324,orthographic_projected_quad_union_curve_seam_only,512,7FE3D12CF319A3CBD60B540FFDAD005B5C7B51C8B5F3A2D924B7CFECBC26DFA0,6D2FD58CFCA4E74CC533B757E852D7AC772D036E0E385C30A1057EB9861D01C1,D0A16AF2EDC36B22EBEE15195CBDED051354E08A291B8ED2F66CB25359B5DF59,8BBD1CC9F646E5DB0F15812BCADFEDA1954813E6E4DBDF43E380C1E1E97989A2,false,not_run,false,false,H0_global,D2767E61A3EBF428ED8242CA00EDE441FF2C0666189E062397AA928277E43374,D304295179BAB23E8B7A942217B55BE102D38127A5C38DC577F75ED7C6FE9B67
chapter4_projection_fit_lock_v1,halo,1.59099025766973e-07,coarse,pass,4.3,plus_x,b,train,8152,8422,17.6054632561277,0.0243143407311298,0.403467109950131,0.40689401373896,0.405173315896267,60.8769250208977,0.0840751689454331,1.03312070657507,0.350892483474183,orthographic_projected_quad_union_curve_seam_only,512,7FE3D12CF319A3CBD60B540FFDAD005B5C7B51C8B5F3A2D924B7CFECBC26DFA0,6D2FD58CFCA4E74CC533B757E852D7AC772D036E0E385C30A1057EB9861D01C1,D0A16AF2EDC36B22EBEE15195CBDED051354E08A291B8ED2F66CB25359B5DF59,8BBD1CC9F646E5DB0F15812BCADFEDA1954813E6E4DBDF43E380C1E1E97989A2,false,not_run,false,false,H0_global,D2767E61A3EBF428ED8242CA00EDE441FF2C0666189E062397AA928277E43374,D304295179BAB23E8B7A942217B55BE102D38127A5C38DC577F75ED7C6FE9B67
chapter4_projection_fit_lock_v1,halo,1.59099025766973e-07,coarse,pass,4.3,plus_x,c,validation,10970,8044,44.1565656668635,0.060983216829977,0.312904027846842,0.213400182315406,0.253745933627079,131.164588941398,0.181147207601579,0.733272561531449,0.556956502511016,orthographic_projected_quad_union_curve_seam_only,512,7FE3D12CF319A3CBD60B540FFDAD005B5C7B51C8B5F3A2D924B7CFECBC26DFA0,6D2FD58CFCA4E74CC533B757E852D7AC772D036E0E385C30A1057EB9861D01C1,D0A16AF2EDC36B22EBEE15195CBDED051354E08A291B8ED2F66CB25359B5DF59,8BBD1CC9F646E5DB0F15812BCADFEDA1954813E6E4DBDF43E380C1E1E97989A2,false,not_run,false,false,H0_global,D2767E61A3EBF428ED8242CA00EDE441FF2C0666189E062397AA928277E43374,D304295179BAB23E8B7A942217B55BE102D38127A5C38DC577F75ED7C6FE9B67
chapter4_projection_fit_lock_v1,halo,1.59099025766973e-07,coarse,pass,4.4,minus_x,a,train,3932,2944,6.51526556801734,0.00899802434448493,0.903532608695652,0.501780264496439,0.645229742103829,29.777466123209,0.0411247035591285,0.748728382502543,0.269009079536925,orthographic_projected_quad_union_curve_seam_only,512,7FE3D12CF319A3CBD60B540FFDAD005B5C7B51C8B5F3A2D924B7CFECBC26DFA0,6D2FD58CFCA4E74CC533B757E852D7AC772D036E0E385C30A1057EB9861D01C1,D0A16AF2EDC36B22EBEE15195CBDED051354E08A291B8ED2F66CB25359B5DF59,8BBD1CC9F646E5DB0F15812BCADFEDA1954813E6E4DBDF43E380C1E1E97989A2,false,not_run,false,false,H0_global,D2767E61A3EBF428ED8242CA00EDE441FF2C0666189E062397AA928277E43374,D304295179BAB23E8B7A942217B55BE102D38127A5C38DC577F75ED7C6FE9B67
chapter4_projection_fit_lock_v1,halo,1.59099025766973e-07,coarse,pass,4.4,minus_x,b,train,4921,2898,12.7262146184032,0.0175757669052897,0.877846790890269,0.307254623044097,0.455188866799205,50.9116882454314,0.0703125,0.588904694167852,0.439932188002025,orthographic_projected_quad_union_curve_seam_only,512,7FE3D12CF319A3CBD60B540FFDAD005B5C7B51C8B5F3A2D924B7CFECBC26DFA0,6D2FD58CFCA4E74CC533B757E852D7AC772D036E0E385C30A1057EB9861D01C1,D0A16AF2EDC36B22EBEE15195CBDED051354E08A291B8ED2F66CB25359B5DF59,8BBD1CC9F646E5DB0F15812BCADFEDA1954813E6E4DBDF43E380C1E1E97989A2,false,not_run,false,false,H0_global,D2767E61A3EBF428ED8242CA00EDE441FF2C0666189E062397AA928277E43374,D304295179BAB23E8B7A942217B55BE102D38127A5C38DC577F75ED7C6FE9B67
chapter4_projection_fit_lock_v1,halo,1.59099025766973e-07,coarse,pass,4.4,minus_x,c,validation,7723,3263,30.5826114276194,0.0422366639196541,0.447747471651854,0.1757089214036,0.252377635970888,88.2383136738231,0.121863105389113,0.422504208209245,0.661902590275474,orthographic_projected_quad_union_curve_seam_only,512,7FE3D12CF319A3CBD60B540FFDAD005B5C7B51C8B5F3A2D924B7CFECBC26DFA0,6D2FD58CFCA4E74CC533B757E852D7AC772D036E0E385C30A1057EB9861D01C1,D0A16AF2EDC36B22EBEE15195CBDED051354E08A291B8ED2F66CB25359B5DF59,8BBD1CC9F646E5DB0F15812BCADFEDA1954813E6E4DBDF43E380C1E1E97989A2,false,not_run,false,false,H0_global,D2767E61A3EBF428ED8242CA00EDE441FF2C0666189E062397AA928277E43374,D304295179BAB23E8B7A942217B55BE102D38127A5C38DC577F75ED7C6FE9B67
chapter4_projection_fit_lock_v1,halo,2.25e-07,coarse,pass,4.3,plus_x,a,train,11867,8403,5.30052307423638,0.00732038244068029,0.822087349756039,0.634617005140305,0.716288943754866,27.2946881279124,0.0376958184875367,0.708098087132384,0.244893028619362,orthographic_projected_quad_union_curve_seam_only,512,7FE3D12CF319A3CBD60B540FFDAD005B5C7B51C8B5F3A2D924B7CFECBC26DFA0,6D2FD58CFCA4E74CC533B757E852D7AC772D036E0E385C30A1057EB9861D01C1,D0A16AF2EDC36B22EBEE15195CBDED051354E08A291B8ED2F66CB25359B5DF59,8BBD1CC9F646E5DB0F15812BCADFEDA1954813E6E4DBDF43E380C1E1E97989A2,false,not_run,false,false,H0_global,D2767E61A3EBF428ED8242CA00EDE441FF2C0666189E062397AA928277E43374,D304295179BAB23E8B7A942217B55BE102D38127A5C38DC577F75ED7C6FE9B67
chapter4_projection_fit_lock_v1,halo,2.25e-07,coarse,pass,4.3,plus_x,b,train,8152,8474,17.2155613298644,0.0237758596841407,0.407835732829832,0.421736997055937,0.414669892245482,60.1082357085949,0.0830135567865368,1.03949950932287,0.34687914182902,orthographic_projected_quad_union_curve_seam_only,512,7FE3D12CF319A3CBD60B540FFDAD005B5C7B51C8B5F3A2D924B7CFECBC26DFA0,6D2FD58CFCA4E74CC533B757E852D7AC772D036E0E385C30A1057EB9861D01C1,D0A16AF2EDC36B22EBEE15195CBDED051354E08A291B8ED2F66CB25359B5DF59,8BBD1CC9F646E5DB0F15812BCADFEDA1954813E6E4DBDF43E380C1E1E97989A2,false,not_run,false,false,H0_global,D2767E61A3EBF428ED8242CA00EDE441FF2C0666189E062397AA928277E43374,D304295179BAB23E8B7A942217B55BE102D38127A5C38DC577F75ED7C6FE9B67
chapter4_projection_fit_lock_v1,halo,2.25e-07,coarse,pass,4.3,plus_x,c,validation,10970,8136,41.1629407441513,0.0568488174487683,0.321288102261554,0.229990884229717,0.268079634966433,122.534280766285,0.169228165737611,0.741659070191431,0.539832445285174,orthographic_projected_quad_union_curve_seam_only,512,7FE3D12CF319A3CBD60B540FFDAD005B5C7B51C8B5F3A2D924B7CFECBC26DFA0,6D2FD58CFCA4E74CC533B757E852D7AC772D036E0E385C30A1057EB9861D01C1,D0A16AF2EDC36B22EBEE15195CBDED051354E08A291B8ED2F66CB25359B5DF59,8BBD1CC9F646E5DB0F15812BCADFEDA1954813E6E4DBDF43E380C1E1E97989A2,false,not_run,false,false,H0_global,D2767E61A3EBF428ED8242CA00EDE441FF2C0666189E062397AA928277E43374,D304295179BAB23E8B7A942217B55BE102D38127A5C38DC577F75ED7C6FE9B67
chapter4_projection_fit_lock_v1,halo,2.25e-07,coarse,pass,4.4,minus_x,a,train,3932,2947,6.53968252585344,0.00903174582194949,0.903291482863929,0.498219735503561,0.642217682994074,29.777466123209,0.0411247035591285,0.749491353001017,0.270294204847035,orthographic_projected_quad_union_curve_seam_only,512,7FE3D12CF319A3CBD60B540FFDAD005B5C7B51C8B5F3A2D924B7CFECBC26DFA0,6D2FD58CFCA4E74CC533B757E852D7AC772D036E0E385C30A1057EB9861D01C1,D0A16AF2EDC36B22EBEE15195CBDED051354E08A291B8ED2F66CB25359B5DF59,8BBD1CC9F646E5DB0F15812BCADFEDA1954813E6E4DBDF43E380C1E1E97989A2,false,not_run,false,false,H0_global,D2767E61A3EBF428ED8242CA00EDE441FF2C0666189E062397AA928277E43374,D304295179BAB23E8B7A942217B55BE102D38127A5C38DC577F75ED7C6FE9B67
chapter4_projection_fit_lock_v1,halo,2.25e-07,coarse,pass,4.4,minus_x,b,train,4921,2906,12.6349853857985,0.0174497731376778,0.883000688231246,0.309896362527941,0.458780078663757,50.9116882454314,0.0703125,0.590530380004064,0.437321407989737,orthographic_projected_quad_union_curve_seam_only,512,7FE3D12CF319A3CBD60B540FFDAD005B5C7B51C8B5F3A2D924B7CFECBC26DFA0,6D2FD58CFCA4E74CC533B757E852D7AC772D036E0E385C30A1057EB9861D01C1,D0A16AF2EDC36B22EBEE15195CBDED051354E08A291B8ED2F66CB25359B5DF59,8BBD1CC9F646E5DB0F15812BCADFEDA1954813E6E4DBDF43E380C1E1E97989A2,false,not_run,false,false,H0_global,D2767E61A3EBF428ED8242CA00EDE441FF2C0666189E062397AA928277E43374,D304295179BAB23E8B7A942217B55BE102D38127A5C38DC577F75ED7C6FE9B67
chapter4_projection_fit_lock_v1,halo,2.25e-07,coarse,pass,4.4,minus_x,c,validation,7723,3348,28.2707722976601,0.039043857033313,0.473715651135006,0.200440243428719,0.281690573931545,82.975297509149,0.114594522538458,0.43351029392723,0.63580713494213,orthographic_projected_quad_union_curve_seam_only,512,7FE3D12CF319A3CBD60B540FFDAD005B5C7B51C8B5F3A2D924B7CFECBC26DFA0,6D2FD58CFCA4E74CC533B757E852D7AC772D036E0E385C30A1057EB9861D01C1,D0A16AF2EDC36B22EBEE15195CBDED051354E08A291B8ED2F66CB25359B5DF59,8BBD1CC9F646E5DB0F15812BCADFEDA1954813E6E4DBDF43E380C1E1E97989A2,false,not_run,false,false,H0_global,D2767E61A3EBF428ED8242CA00EDE441FF2C0666189E062397AA928277E43374,D304295179BAB23E8B7A942217B55BE102D38127A5C38DC577F75ED7C6FE9B67
chapter4_projection_fit_lock_v1,halo,3.18198051533946e-07,coarse,pass,4.3,plus_x,a,train,11867,8454,5.1114033922077,0.00705919531251951,0.826709250059144,0.643802140389315,0.72388039715273,26.2488094968134,0.0362513890493566,0.71239571922137,0.238962278133094,orthographic_projected_quad_union_curve_seam_only,512,7FE3D12CF319A3CBD60B540FFDAD005B5C7B51C8B5F3A2D924B7CFECBC26DFA0,6D2FD58CFCA4E74CC533B757E852D7AC772D036E0E385C30A1057EB9861D01C1,D0A16AF2EDC36B22EBEE15195CBDED051354E08A291B8ED2F66CB25359B5DF59,8BBD1CC9F646E5DB0F15812BCADFEDA1954813E6E4DBDF43E380C1E1E97989A2,false,not_run,false,false,H0_global,D2767E61A3EBF428ED8242CA00EDE441FF2C0666189E062397AA928277E43374,D304295179BAB23E8B7A942217B55BE102D38127A5C38DC577F75ED7C6FE9B67
chapter4_projection_fit_lock_v1,halo,3.18198051533946e-07,coarse,pass,4.3,plus_x,b,train,8152,8533,16.6618832402475,0.0230111926299169,0.412984882221962,0.443694798822375,0.427789402010276,58.7962583843564,0.0812016269765133,1.04673699705594,0.340836324277413,orthographic_projected_quad_union_curve_seam_only,512,7FE3D12CF319A3CBD60B540FFDAD005B5C7B51C8B5F3A2D924B7CFECBC26DFA0,6D2FD58CFCA4E74CC533B757E852D7AC772D036E0E385C30A1057EB9861D01C1,D0A16AF2EDC36B22EBEE15195CBDED051354E08A291B8ED2F66CB25359B5DF59,8BBD1CC9F646E5DB0F15812BCADFEDA1954813E6E4DBDF43E380C1E1E97989A2,false,not_run,false,false,H0_global,D2767E61A3EBF428ED8242CA00EDE441FF2C0666189E062397AA928277E43374,D304295179BAB23E8B7A942217B55BE102D38127A5C38DC577F75ED7C6FE9B67
chapter4_projection_fit_lock_v1,halo,3.18198051533946e-07,coarse,pass,4.3,plus_x,c,validation,10970,8590,31.2539776203546,0.0431638662390729,0.355878928987194,0.271103008204193,0.307759578009866,92.8924108848511,0.128290729799698,0.783044667274385,0.482498144256808,orthographic_projected_quad_union_curve_seam_only,512,7FE3D12CF319A3CBD60B540FFDAD005B5C7B51C8B5F3A2D924B7CFECBC26DFA0,6D2FD58CFCA4E74CC533B757E852D7AC772D036E0E385C30A1057EB9861D01C1,D0A16AF2EDC36B22EBEE15195CBDED051354E08A291B8ED2F66CB25359B5DF59,8BBD1CC9F646E5DB0F15812BCADFEDA1954813E6E4DBDF43E380C1E1E97989A2,false,not_run,false,false,H0_global,D2767E61A3EBF428ED8242CA00EDE441FF2C0666189E062397AA928277E43374,D304295179BAB23E8B7A942217B55BE102D38127A5C38DC577F75ED7C6FE9B67
chapter4_projection_fit_lock_v1,halo,3.18198051533946e-07,coarse,pass,4.4,minus_x,a,train,3932,2958,6.56169816419317,0.00906215091406311,0.902298850574713,0.49440488301119,0.638791100692773,29.777466123209,0.0411247035591285,0.752288911495422,0.271106485956537,orthographic_projected_quad_union_curve_seam_only,512,7FE3D12CF319A3CBD60B540FFDAD005B5C7B51C8B5F3A2D924B7CFECBC26DFA0,6D2FD58CFCA4E74CC533B757E852D7AC772D036E0E385C30A1057EB9861D01C1,D0A16AF2EDC36B22EBEE15195CBDED051354E08A291B8ED2F66CB25359B5DF59,8BBD1CC9F646E5DB0F15812BCADFEDA1954813E6E4DBDF43E380C1E1E97989A2,false,not_run,false,false,H0_global,D2767E61A3EBF428ED8242CA00EDE441FF2C0666189E062397AA928277E43374,D304295179BAB23E8B7A942217B55BE102D38127A5C38DC577F75ED7C6FE9B67
chapter4_projection_fit_lock_v1,halo,3.18198051533946e-07,coarse,pass,4.4,minus_x,b,train,4921,2904,12.2900209865852,0.016973353868241,0.890840220385675,0.320869741922373,0.471802131699488,50.4479930225178,0.06967210539741,0.590123958545011,0.430345980598172,orthographic_projected_quad_union_curve_seam_only,512,7FE3D12CF319A3CBD60B540FFDAD005B5C7B51C8B5F3A2D924B7CFECBC26DFA0,6D2FD58CFCA4E74CC533B757E852D7AC772D036E0E385C30A1057EB9861D01C1,D0A16AF2EDC36B22EBEE15195CBDED051354E08A291B8ED2F66CB25359B5DF59,8BBD1CC9F646E5DB0F15812BCADFEDA1954813E6E4DBDF43E380C1E1E97989A2,false,not_run,false,false,H0_global,D2767E61A3EBF428ED8242CA00EDE441FF2C0666189E062397AA928277E43374,D304295179BAB23E8B7A942217B55BE102D38127A5C38DC577F75ED7C6FE9B67
chapter4_projection_fit_lock_v1,halo,3.18198051533946e-07,coarse,pass,4.4,minus_x,c,validation,7723,3419,25.8277007639984,0.0356698092825787,0.507458321146534,0.231904700246018,0.318333393604638,78.1024967590665,0.107864853683469,0.442703612585783,0.607183020633618,orthographic_projected_quad_union_curve_seam_only,512,7FE3D12CF319A3CBD60B540FFDAD005B5C7B51C8B5F3A2D924B7CFECBC26DFA0,6D2FD58CFCA4E74CC533B757E852D7AC772D036E0E385C30A1057EB9861D01C1,D0A16AF2EDC36B22EBEE15195CBDED051354E08A291B8ED2F66CB25359B5DF59,8BBD1CC9F646E5DB0F15812BCADFEDA1954813E6E4DBDF43E380C1E1E97989A2,false,not_run,false,false,H0_global,D2767E61A3EBF428ED8242CA00EDE441FF2C0666189E062397AA928277E43374,D304295179BAB23E8B7A942217B55BE102D38127A5C38DC577F75ED7C6FE9B67
chapter4_projection_fit_lock_v1,halo,4.5e-07,coarse,pass,4.3,plus_x,a,train,11867,8536,4.84299880446487,0.00668851034358487,0.835168697282099,0.657284907727311,0.735625922691703,24.8394846967484,0.0343050157622076,0.719305637482093,0.229819034109173,orthographic_projected_quad_union_curve_seam_only,512,7FE3D12CF319A3CBD60B540FFDAD005B5C7B51C8B5F3A2D924B7CFECBC26DFA0,6D2FD58CFCA4E74CC533B757E852D7AC772D036E0E385C30A1057EB9861D01C1,D0A16AF2EDC36B22EBEE15195CBDED051354E08A291B8ED2F66CB25359B5DF59,8BBD1CC9F646E5DB0F15812BCADFEDA1954813E6E4DBDF43E380C1E1E97989A2,false,not_run,false,false,H0_global,D2767E61A3EBF428ED8242CA00EDE441FF2C0666189E062397AA928277E43374,D304295179BAB23E8B7A942217B55BE102D38127A5C38DC577F75ED7C6FE9B67
chapter4_projection_fit_lock_v1,halo,4.5e-07,coarse,pass,4.3,plus_x,b,train,8152,8584,16.0014375744859,0.022099072300102,0.418569431500466,0.472031403336605,0.443695780233836,57.2800139664787,0.0791075904339009,1.05299313052012,0.332937257143653,orthographic_projected_quad_union_curve_seam_only,512,7FE3D12CF319A3CBD60B540FFDAD005B5C7B51C8B5F3A2D924B7CFECBC26DFA0,6D2FD58CFCA4E74CC533B757E852D7AC772D036E0E385C30A1057EB9861D01C1,D0A16AF2EDC36B22EBEE15195CBDED051354E08A291B8ED2F66CB25359B5DF59,8BBD1CC9F646E5DB0F15812BCADFEDA1954813E6E4DBDF43E380C1E1E97989A2,false,not_run,false,false,H0_global,D2767E61A3EBF428ED8242CA00EDE441FF2C0666189E062397AA928277E43374,D304295179BAB23E8B7A942217B55BE102D38127A5C38DC577F75ED7C6FE9B67
chapter4_projection_fit_lock_v1,halo,4.5e-07,coarse,pass,4.3,plus_x,c,validation,10970,9411,22.929904931788,0.0316677563852151,0.408776963128254,0.347493163172288,0.375652019058992,73,0.100817959036363,0.857885141294439,0.407367500717432,orthographic_projected_quad_union_curve_seam_only,512,7FE3D12CF319A3CBD60B540FFDAD005B5C7B51C8B5F3A2D924B7CFECBC26DFA0,6D2FD58CFCA4E74CC533B757E852D7AC772D036E0E385C30A1057EB9861D01C1,D0A16AF2EDC36B22EBEE15195CBDED051354E08A291B8ED2F66CB25359B5DF59,8BBD1CC9F646E5DB0F15812BCADFEDA1954813E6E4DBDF43E380C1E1E97989A2,false,not_run,false,false,H0_global,D2767E61A3EBF428ED8242CA00EDE441FF2C0666189E062397AA928277E43374,D304295179BAB23E8B7A942217B55BE102D38127A5C38DC577F75ED7C6FE9B67
chapter4_projection_fit_lock_v1,halo,4.5e-07,coarse,pass,4.4,minus_x,a,train,3932,2953,6.59132101705007,0.00910306208619827,0.899424314256688,0.488555442522889,0.633177309281616,29.7136285179959,0.0410365394897127,0.751017293997965,0.274355192198602,orthographic_projected_quad_union_curve_seam_only,512,7FE3D12CF319A3CBD60B540FFDAD005B5C7B51C8B5F3A2D924B7CFECBC26DFA0,6D2FD58CFCA4E74CC533B757E852D7AC772D036E0E385C30A1057EB9861D01C1,D0A16AF2EDC36B22EBEE15195CBDED051354E08A291B8ED2F66CB25359B5DF59,8BBD1CC9F646E5DB0F15812BCADFEDA1954813E6E4DBDF43E380C1E1E97989A2,false,not_run,false,false,H0_global,D2767E61A3EBF428ED8242CA00EDE441FF2C0666189E062397AA928277E43374,D304295179BAB23E8B7A942217B55BE102D38127A5C38DC577F75ED7C6FE9B67
chapter4_projection_fit_lock_v1,halo,4.5e-07,coarse,pass,4.4,minus_x,b,train,4921,2930,11.5365302574762,0.0159327319852055,0.896928327645051,0.342410079252185,0.49561491525363,48.7954915950234,0.0673898886683051,0.595407437512701,0.414600081239183,orthographic_projected_quad_union_curve_seam_only,512,7FE3D12CF319A3CBD60B540FFDAD005B5C7B51C8B5F3A2D924B7CFECBC26DFA0,6D2FD58CFCA4E74CC533B757E852D7AC772D036E0E385C30A1057EB9861D01C1,D0A16AF2EDC36B22EBEE15195CBDED051354E08A291B8ED2F66CB25359B5DF59,8BBD1CC9F646E5DB0F15812BCADFEDA1954813E6E4DBDF43E380C1E1E97989A2,false,not_run,false,false,H0_global,D2767E61A3EBF428ED8242CA00EDE441FF2C0666189E062397AA928277E43374,D304295179BAB23E8B7A942217B55BE102D38127A5C38DC577F75ED7C6FE9B67
chapter4_projection_fit_lock_v1,halo,4.5e-07,coarse,pass,4.4,minus_x,c,validation,7723,3496,23.2031853365405,0.0320451751886642,0.545766590389016,0.27320989252881,0.36413458656287,74,0.102199026968368,0.452673831412663,0.57367349659778,orthographic_projected_quad_union_curve_seam_only,512,7FE3D12CF319A3CBD60B540FFDAD005B5C7B51C8B5F3A2D924B7CFECBC26DFA0,6D2FD58CFCA4E74CC533B757E852D7AC772D036E0E385C30A1057EB9861D01C1,D0A16AF2EDC36B22EBEE15195CBDED051354E08A291B8ED2F66CB25359B5DF59,8BBD1CC9F646E5DB0F15812BCADFEDA1954813E6E4DBDF43E380C1E1E97989A2,false,not_run,false,false,H0_global,D2767E61A3EBF428ED8242CA00EDE441FF2C0666189E062397AA928277E43374,D304295179BAB23E8B7A942217B55BE102D38127A5C38DC577F75ED7C6FE9B67
chapter4_projection_fit_lock_v1,halo,6.36396103067893e-07,coarse,pass,4.3,plus_x,a,train,11867,8688,4.45608628429876,0.00615415786949222,0.843116942909761,0.679531473835005,0.7525368200961,22.6715680975093,0.0313109756677371,0.73211426645319,0.215668160611232,orthographic_projected_quad_union_curve_seam_only,512,7FE3D12CF319A3CBD60B540FFDAD005B5C7B51C8B5F3A2D924B7CFECBC26DFA0,6D2FD58CFCA4E74CC533B757E852D7AC772D036E0E385C30A1057EB9861D01C1,D0A16AF2EDC36B22EBEE15195CBDED051354E08A291B8ED2F66CB25359B5DF59,8BBD1CC9F646E5DB0F15812BCADFEDA1954813E6E4DBDF43E380C1E1E97989A2,false,not_run,false,false,H0_global,D2767E61A3EBF428ED8242CA00EDE441FF2C0666189E062397AA928277E43374,D304295179BAB23E8B7A942217B55BE102D38127A5C38DC577F75ED7C6FE9B67
chapter4_projection_fit_lock_v1,halo,6.36396103067893e-07,coarse,pass,4.3,plus_x,b,train,8152,8661,14.9258204902433,0.0206135720379378,0.423738598314282,0.510304219823356,0.463010026141967,54.817880294663,0.0757072165754465,1.06243866535819,0.323177086467937,orthographic_projected_quad_union_curve_seam_only,512,7FE3D12CF319A3CBD60B540FFDAD005B5C7B51C8B5F3A2D924B7CFECBC26DFA0,6D2FD58CFCA4E74CC533B757E852D7AC772D036E0E385C30A1057EB9861D01C1,D0A16AF2EDC36B22EBEE15195CBDED051354E08A291B8ED2F66CB25359B5DF59,8BBD1CC9F646E5DB0F15812BCADFEDA1954813E6E4DBDF43E380C1E1E97989A2,false,not_run,false,false,H0_global,D2767E61A3EBF428ED8242CA00EDE441FF2C0666189E062397AA928277E43374,D304295179BAB23E8B7A942217B55BE102D38127A5C38DC577F75ED7C6FE9B67
chapter4_projection_fit_lock_v1,halo,6.36396103067893e-07,coarse,pass,4.3,plus_x,c,validation,10970,10337,17.998247695195,0.0248568027241163,0.460868724001161,0.457793983591613,0.459326208257928,65.7647321898295,0.0908255626842689,0.942297174111212,0.332758734941417,orthographic_projected_quad_union_curve_seam_only,512,7FE3D12CF319A3CBD60B540FFDAD005B5C7B51C8B5F3A2D924B7CFECBC26DFA0,6D2FD58CFCA4E74CC533B757E852D7AC772D036E0E385C30A1057EB9861D01C1,D0A16AF2EDC36B22EBEE15195CBDED051354E08A291B8ED2F66CB25359B5DF59,8BBD1CC9F646E5DB0F15812BCADFEDA1954813E6E4DBDF43E380C1E1E97989A2,false,not_run,false,false,H0_global,D2767E61A3EBF428ED8242CA00EDE441FF2C0666189E062397AA928277E43374,D304295179BAB23E8B7A942217B55BE102D38127A5C38DC577F75ED7C6FE9B67
chapter4_projection_fit_lock_v1,halo,6.36396103067893e-07,coarse,pass,4.4,minus_x,a,train,3932,2961,6.63062514540057,0.00915734375745856,0.894292468760554,0.483214649033571,0.62741631726375,29.7136285179959,0.0410365394897127,0.753051881993896,0.276613608289378,orthographic_projected_quad_union_curve_seam_only,512,7FE3D12CF319A3CBD60B540FFDAD005B5C7B51C8B5F3A2D924B7CFECBC26DFA0,6D2FD58CFCA4E74CC533B757E852D7AC772D036E0E385C30A1057EB9861D01C1,D0A16AF2EDC36B22EBEE15195CBDED051354E08A291B8ED2F66CB25359B5DF59,8BBD1CC9F646E5DB0F15812BCADFEDA1954813E6E4DBDF43E380C1E1E97989A2,false,not_run,false,false,H0_global,D2767E61A3EBF428ED8242CA00EDE441FF2C0666189E062397AA928277E43374,D304295179BAB23E8B7A942217B55BE102D38127A5C38DC577F75ED7C6FE9B67
chapter4_projection_fit_lock_v1,halo,6.36396103067893e-07,coarse,pass,4.4,minus_x,b,train,4921,2943,10.5025824769378,0.0145047798621362,0.9072375127421,0.374720585246901,0.53037704159903,46.0977222864644,0.0636640859883071,0.598049176996545,0.393752853717824,orthographic_projected_quad_union_curve_seam_only,512,7FE3D12CF319A3CBD60B540FFDAD005B5C7B51C8B5F3A2D924B7CFECBC26DFA0,6D2FD58CFCA4E74CC533B757E852D7AC772D036E0E385C30A1057EB9861D01C1,D0A16AF2EDC36B22EBEE15195CBDED051354E08A291B8ED2F66CB25359B5DF59,8BBD1CC9F646E5DB0F15812BCADFEDA1954813E6E4DBDF43E380C1E1E97989A2,false,not_run,false,false,H0_global,D2767E61A3EBF428ED8242CA00EDE441FF2C0666189E062397AA928277E43374,D304295179BAB23E8B7A942217B55BE102D38127A5C38DC577F75ED7C6FE9B67
chapter4_projection_fit_lock_v1,halo,6.36396103067893e-07,coarse,pass,4.4,minus_x,c,validation,7723,3623,20.3660840037787,0.0281269455181383,0.600331217223296,0.336268289524796,0.43107507554627,72.0069441095788,0.0994464813914138,0.469118218308947,0.526676147511403,orthographic_projected_quad_union_curve_seam_only,512,7FE3D12CF319A3CBD60B540FFDAD005B5C7B51C8B5F3A2D924B7CFECBC26DFA0,6D2FD58CFCA4E74CC533B757E852D7AC772D036E0E385C30A1057EB9861D01C1,D0A16AF2EDC36B22EBEE15195CBDED051354E08A291B8ED2F66CB25359B5DF59,8BBD1CC9F646E5DB0F15812BCADFEDA1954813E6E4DBDF43E380C1E1E97989A2,false,not_run,false,false,H0_global,D2767E61A3EBF428ED8242CA00EDE441FF2C0666189E062397AA928277E43374,D304295179BAB23E8B7A942217B55BE102D38127A5C38DC577F75ED7C6FE9B67
chapter4_projection_fit_lock_v1,halo,9e-07,coarse,pass,4.3,plus_x,a,train,11867,8909,3.95297524635853,0.00545932734875524,0.856998540801437,0.711300244375158,0.777381551606029,20.1246117974981,0.0277934559975736,0.750737338838797,0.195391774781258,orthographic_projected_quad_union_curve_seam_only,512,7FE3D12CF319A3CBD60B540FFDAD005B5C7B51C8B5F3A2D924B7CFECBC26DFA0,6D2FD58CFCA4E74CC533B757E852D7AC772D036E0E385C30A1057EB9861D01C1,D0A16AF2EDC36B22EBEE15195CBDED051354E08A291B8ED2F66CB25359B5DF59,8BBD1CC9F646E5DB0F15812BCADFEDA1954813E6E4DBDF43E380C1E1E97989A2,false,not_run,false,false,H0_global,D2767E61A3EBF428ED8242CA00EDE441FF2C0666189E062397AA928277E43374,D304295179BAB23E8B7A942217B55BE102D38127A5C38DC577F75ED7C6FE9B67
chapter4_projection_fit_lock_v1,halo,9e-07,coarse,pass,4.3,plus_x,b,train,8152,9237,12.8375607286909,0.0177295434475614,0.433690592183609,0.548699705593719,0.484463050558039,41.5932686861708,0.0574431295697373,1.13309617271835,0.321097265983489,orthographic_projected_quad_union_curve_seam_only,512,7FE3D12CF319A3CBD60B540FFDAD005B5C7B51C8B5F3A2D924B7CFECBC26DFA0,6D2FD58CFCA4E74CC533B757E852D7AC772D036E0E385C30A1057EB9861D01C1,D0A16AF2EDC36B22EBEE15195CBDED051354E08A291B8ED2F66CB25359B5DF59,8BBD1CC9F646E5DB0F15812BCADFEDA1954813E6E4DBDF43E380C1E1E97989A2,false,not_run,false,false,H0_global,D2767E61A3EBF428ED8242CA00EDE441FF2C0666189E062397AA928277E43374,D304295179BAB23E8B7A942217B55BE102D38127A5C38DC577F75ED7C6FE9B67
chapter4_projection_fit_lock_v1,halo,9e-07,coarse,pass,4.3,plus_x,c,validation,10970,10734,17.0042076184714,0.0234839658510256,0.471958263461897,0.437739288969918,0.454205189667745,65.4071824916828,0.0903317622620604,0.97848678213309,0.324401311715794,orthographic_projected_quad_union_curve_seam_only,512,7FE3D12CF319A3CBD60B540FFDAD005B5C7B51C8B5F3A2D924B7CFECBC26DFA0,6D2FD58CFCA4E74CC533B757E852D7AC772D036E0E385C30A1057EB9861D01C1,D0A16AF2EDC36B22EBEE15195CBDED051354E08A291B8ED2F66CB25359B5DF59,8BBD1CC9F646E5DB0F15812BCADFEDA1954813E6E4DBDF43E380C1E1E97989A2,false,not_run,false,false,H0_global,D2767E61A3EBF428ED8242CA00EDE441FF2C0666189E062397AA928277E43374,D304295179BAB23E8B7A942217B55BE102D38127A5C38DC577F75ED7C6FE9B67
chapter4_projection_fit_lock_v1,halo,9e-07,coarse,pass,4.4,minus_x,a,train,3932,2938,6.67828381459563,0.00922316361716589,0.891763104152485,0.475839267548321,0.620554499008092,29.698484809835,0.041015625,0.747202441505595,0.282054601496429,orthographic_projected_quad_union_curve_seam_only,512,7FE3D12CF319A3CBD60B540FFDAD005B5C7B51C8B5F3A2D924B7CFECBC26DFA0,6D2FD58CFCA4E74CC533B757E852D7AC772D036E0E385C30A1057EB9861D01C1,D0A16AF2EDC36B22EBEE15195CBDED051354E08A291B8ED2F66CB25359B5DF59,8BBD1CC9F646E5DB0F15812BCADFEDA1954813E6E4DBDF43E380C1E1E97989A2,false,not_run,false,false,H0_global,D2767E61A3EBF428ED8242CA00EDE441FF2C0666189E062397AA928277E43374,D304295179BAB23E8B7A942217B55BE102D38127A5C38DC577F75ED7C6FE9B67
chapter4_projection_fit_lock_v1,halo,9e-07,coarse,pass,4.4,minus_x,b,train,4921,2981,9.18191808241254,0.0126808526179166,0.913116403891312,0.422271895956106,0.577485058306806,43.139309220246,0.0595783165729283,0.605771184718553,0.364146139404723,orthographic_projected_quad_union_curve_seam_only,512,7FE3D12CF319A3CBD60B540FFDAD005B5C7B51C8B5F3A2D924B7CFECBC26DFA0,6D2FD58CFCA4E74CC533B757E852D7AC772D036E0E385C30A1057EB9861D01C1,D0A16AF2EDC36B22EBEE15195CBDED051354E08A291B8ED2F66CB25359B5DF59,8BBD1CC9F646E5DB0F15812BCADFEDA1954813E6E4DBDF43E380C1E1E97989A2,false,not_run,false,false,H0_global,D2767E61A3EBF428ED8242CA00EDE441FF2C0666189E062397AA928277E43374,D304295179BAB23E8B7A942217B55BE102D38127A5C38DC577F75ED7C6FE9B67
chapter4_projection_fit_lock_v1,halo,9e-07,coarse,pass,4.4,minus_x,c,validation,7723,3755,18.2177572528493,0.0251599603349612,0.658588548601864,0.389874401139454,0.489796641925792,72.7990381926962,0.100540417128738,0.486210022012171,0.485675394747007,orthographic_projected_quad_union_curve_seam_only,512,7FE3D12CF319A3CBD60B540FFDAD005B5C7B51C8B5F3A2D924B7CFECBC26DFA0,6D2FD58CFCA4E74CC533B757E852D7AC772D036E0E385C30A1057EB9861D01C1,D0A16AF2EDC36B22EBEE15195CBDED051354E08A291B8ED2F66CB25359B5DF59,8BBD1CC9F646E5DB0F15812BCADFEDA1954813E6E4DBDF43E380C1E1E97989A2,false,not_run,false,false,H0_global,D2767E61A3EBF428ED8242CA00EDE441FF2C0666189E062397AA928277E43374,D304295179BAB23E8B7A942217B55BE102D38127A5C38DC577F75ED7C6FE9B67
chapter4_projection_fit_lock_v1,halo,1.27279220613579e-06,coarse,pass,4.3,plus_x,a,train,11867,9190,3.38637848735982,0.00467681873452416,0.872361262241567,0.755034970927783,0.809468827382426,17.8885438199983,0.0247052942200655,0.774416448976152,0.170030104177179,orthographic_projected_quad_union_curve_seam_only,512,7FE3D12CF319A3CBD60B540FFDAD005B5C7B51C8B5F3A2D924B7CFECBC26DFA0,6D2FD58CFCA4E74CC533B757E852D7AC772D036E0E385C30A1057EB9861D01C1,D0A16AF2EDC36B22EBEE15195CBDED051354E08A291B8ED2F66CB25359B5DF59,8BBD1CC9F646E5DB0F15812BCADFEDA1954813E6E4DBDF43E380C1E1E97989A2,false,not_run,false,false,H0_global,D2767E61A3EBF428ED8242CA00EDE441FF2C0666189E062397AA928277E43374,D304295179BAB23E8B7A942217B55BE102D38127A5C38DC577F75ED7C6FE9B67
chapter4_projection_fit_lock_v1,halo,1.27279220613579e-06,coarse,pass,4.3,plus_x,b,train,8152,9670,13.0345349589598,0.0180015782404171,0.405584281282316,0.508096172718351,0.451089481299373,39,0.053861649348194,1.18621197252208,0.348613503313974,orthographic_projected_quad_union_curve_seam_only,512,7FE3D12CF319A3CBD60B540FFDAD005B5C7B51C8B5F3A2D924B7CFECBC26DFA0,6D2FD58CFCA4E74CC533B757E852D7AC772D036E0E385C30A1057EB9861D01C1,D0A16AF2EDC36B22EBEE15195CBDED051354E08A291B8ED2F66CB25359B5DF59,8BBD1CC9F646E5DB0F15812BCADFEDA1954813E6E4DBDF43E380C1E1E97989A2,false,not_run,false,false,H0_global,D2767E61A3EBF428ED8242CA00EDE441FF2C0666189E062397AA928277E43374,D304295179BAB23E8B7A942217B55BE102D38127A5C38DC577F75ED7C6FE9B67
chapter4_projection_fit_lock_v1,halo,1.27279220613579e-06,coarse,pass,4.3,plus_x,c,validation,10970,10627,19.3656340025777,0.0267452561039052,0.40792321445375,0.319234275296263,0.358170199931335,65.7875368135941,0.0908570574188516,0.96873290793072,0.378316005967096,orthographic_projected_quad_union_curve_seam_only,512,7FE3D12CF319A3CBD60B540FFDAD005B5C7B51C8B5F3A2D924B7CFECBC26DFA0,6D2FD58CFCA4E74CC533B757E852D7AC772D036E0E385C30A1057EB9861D01C1,D0A16AF2EDC36B22EBEE15195CBDED051354E08A291B8ED2F66CB25359B5DF59,8BBD1CC9F646E5DB0F15812BCADFEDA1954813E6E4DBDF43E380C1E1E97989A2,false,not_run,false,false,H0_global,D2767E61A3EBF428ED8242CA00EDE441FF2C0666189E062397AA928277E43374,D304295179BAB23E8B7A942217B55BE102D38127A5C38DC577F75ED7C6FE9B67
chapter4_projection_fit_lock_v1,halo,1.27279220613579e-06,coarse,pass,4.4,minus_x,a,train,3932,2867,6.71518067451156,0.00927412068718745,0.887687478200209,0.468972533062055,0.613714625275473,29.698484809835,0.041015625,0.729145473041709,0.291641218145373,orthographic_projected_quad_union_curve_seam_only,512,7FE3D12CF319A3CBD60B540FFDAD005B5C7B51C8B5F3A2D924B7CFECBC26DFA0,6D2FD58CFCA4E74CC533B757E852D7AC772D036E0E385C30A1057EB9861D01C1,D0A16AF2EDC36B22EBEE15195CBDED051354E08A291B8ED2F66CB25359B5DF59,8BBD1CC9F646E5DB0F15812BCADFEDA1954813E6E4DBDF43E380C1E1E97989A2,false,not_run,false,false,H0_global,D2767E61A3EBF428ED8242CA00EDE441FF2C0666189E062397AA928277E43374,D304295179BAB23E8B7A942217B55BE102D38127A5C38DC577F75ED7C6FE9B67
chapter4_projection_fit_lock_v1,halo,1.27279220613579e-06,coarse,pass,4.4,minus_x,b,train,4921,3038,7.91927441760214,0.0109370559428977,0.919025674786043,0.482422271895956,0.632714836124554,41,0.056623785212204,0.617354196301565,0.329313673611237,orthographic_projected_quad_union_curve_seam_only,512,7FE3D12CF319A3CBD60B540FFDAD005B5C7B51C8B5F3A2D924B7CFECBC26DFA0,6D2FD58CFCA4E74CC533B757E852D7AC772D036E0E385C30A1057EB9861D01C1,D0A16AF2EDC36B22EBEE15195CBDED051354E08A291B8ED2F66CB25359B5DF59,8BBD1CC9F646E5DB0F15812BCADFEDA1954813E6E4DBDF43E380C1E1E97989A2,false,not_run,false,false,H0_global,D2767E61A3EBF428ED8242CA00EDE441FF2C0666189E062397AA928277E43374,D304295179BAB23E8B7A942217B55BE102D38127A5C38DC577F75ED7C6FE9B67
chapter4_projection_fit_lock_v1,halo,1.27279220613579e-06,coarse,pass,4.4,minus_x,c,validation,7723,3997,16.9490479599488,0.0234077866154996,0.715536652489367,0.410073805515991,0.521357697035703,72.691127381545,0.100391384967941,0.517544995468082,0.452491486804119,orthographic_projected_quad_union_curve_seam_only,512,7FE3D12CF319A3CBD60B540FFDAD005B5C7B51C8B5F3A2D924B7CFECBC26DFA0,6D2FD58CFCA4E74CC533B757E852D7AC772D036E0E385C30A1057EB9861D01C1,D0A16AF2EDC36B22EBEE15195CBDED051354E08A291B8ED2F66CB25359B5DF59,8BBD1CC9F646E5DB0F15812BCADFEDA1954813E6E4DBDF43E380C1E1E97989A2,false,not_run,false,false,H0_global,D2767E61A3EBF428ED8242CA00EDE441FF2C0666189E062397AA928277E43374,D304295179BAB23E8B7A942217B55BE102D38127A5C38DC577F75ED7C6FE9B67
chapter4_projection_fit_lock_v1,vertical,1.59099025766973e-07,coarse,pass,4.5,plus_x,a,train,8180,12448,3.91250748158736,0.00540343861654985,0.684125964010283,0.8880195599022,0.772851149257731,23.7697286480094,0.0328276099882258,1.52176039119804,0.232151720690086,orthographic_projected_quad_union_curve_seam_only,512,7FE3D12CF319A3CBD60B540FFDAD005B5C7B51C8B5F3A2D924B7CFECBC26DFA0,6D2FD58CFCA4E74CC533B757E852D7AC772D036E0E385C30A1057EB9861D01C1,D0A16AF2EDC36B22EBEE15195CBDED051354E08A291B8ED2F66CB25359B5DF59,8BBD1CC9F646E5DB0F15812BCADFEDA1954813E6E4DBDF43E380C1E1E97989A2,false,not_run,false,false,H0_global,D2767E61A3EBF428ED8242CA00EDE441FF2C0666189E062397AA928277E43374,D304295179BAB23E8B7A942217B55BE102D38127A5C38DC577F75ED7C6FE9B67
chapter4_projection_fit_lock_v1,vertical,1.59099025766973e-07,coarse,pass,4.5,plus_x,b,train,8069,12346,51.1938980588091,0.070702250923353,0.0121496841082132,0.0168546288263725,0.0141205493447442,91.5478017212866,0.126433733202819,1.53005329037055,0.701576050828019,orthographic_projected_quad_union_curve_seam_only,512,7FE3D12CF319A3CBD60B540FFDAD005B5C7B51C8B5F3A2D924B7CFECBC26DFA0,6D2FD58CFCA4E74CC533B757E852D7AC772D036E0E385C30A1057EB9861D01C1,D0A16AF2EDC36B22EBEE15195CBDED051354E08A291B8ED2F66CB25359B5DF59,8BBD1CC9F646E5DB0F15812BCADFEDA1954813E6E4DBDF43E380C1E1E97989A2,false,not_run,false,false,H0_global,D2767E61A3EBF428ED8242CA00EDE441FF2C0666189E062397AA928277E43374,D304295179BAB23E8B7A942217B55BE102D38127A5C38DC577F75ED7C6FE9B67
chapter4_projection_fit_lock_v1,vertical,1.59099025766973e-07,coarse,pass,4.5,plus_x,c,validation,19628,17397,31.4176666421052,0.043389931897834,0.370466172328562,0.273283065009171,0.314539032232049,89.196412483911,0.123186304931418,0.886335846749541,0.447081827180975,orthographic_projected_quad_union_curve_seam_only,512,7FE3D12CF319A3CBD60B540FFDAD005B5C7B51C8B5F3A2D924B7CFECBC26DFA0,6D2FD58CFCA4E74CC533B757E852D7AC772D036E0E385C30A1057EB9861D01C1,D0A16AF2EDC36B22EBEE15195CBDED051354E08A291B8ED2F66CB25359B5DF59,8BBD1CC9F646E5DB0F15812BCADFEDA1954813E6E4DBDF43E380C1E1E97989A2,false,not_run,false,false,H0_global,D2767E61A3EBF428ED8242CA00EDE441FF2C0666189E062397AA928277E43374,D304295179BAB23E8B7A942217B55BE102D38127A5C38DC577F75ED7C6FE9B67
chapter4_projection_fit_lock_v1,vertical,1.59099025766973e-07,coarse,pass,4.6,minus_x,a,train,2977,3486,1.46500223895023,0.00202326761252965,0.909638554216867,0.989922741014444,0.948084058338455,9.48683298050514,0.0131019608056628,1.1709774941216,0.0707164449107651,orthographic_projected_quad_union_curve_seam_only,512,7FE3D12CF319A3CBD60B540FFDAD005B5C7B51C8B5F3A2D924B7CFECBC26DFA0,6D2FD58CFCA4E74CC533B757E852D7AC772D036E0E385C30A1057EB9861D01C1,D0A16AF2EDC36B22EBEE15195CBDED051354E08A291B8ED2F66CB25359B5DF59,8BBD1CC9F646E5DB0F15812BCADFEDA1954813E6E4DBDF43E380C1E1E97989A2,false,not_run,false,false,H0_global,D2767E61A3EBF428ED8242CA00EDE441FF2C0666189E062397AA928277E43374,D304295179BAB23E8B7A942217B55BE102D38127A5C38DC577F75ED7C6FE9B67
chapter4_projection_fit_lock_v1,vertical,1.59099025766973e-07,coarse,pass,4.6,minus_x,b,train,4384,3583,9.64100164118204,0.0133148781990439,0.54367848171923,0.432709854014599,0.481888256640827,32.649655434629,0.0450913921117781,0.817290145985402,0.334083875737299,orthographic_projected_quad_union_curve_seam_only,512,7FE3D12CF319A3CBD60B540FFDAD005B5C7B51C8B5F3A2D924B7CFECBC26DFA0,6D2FD58CFCA4E74CC533B757E852D7AC772D036E0E385C30A1057EB9861D01C1,D0A16AF2EDC36B22EBEE15195CBDED051354E08A291B8ED2F66CB25359B5DF59,8BBD1CC9F646E5DB0F15812BCADFEDA1954813E6E4DBDF43E380C1E1E97989A2,false,not_run,false,false,H0_global,D2767E61A3EBF428ED8242CA00EDE441FF2C0666189E062397AA928277E43374,D304295179BAB23E8B7A942217B55BE102D38127A5C38DC577F75ED7C6FE9B67
chapter4_projection_fit_lock_v1,vertical,1.59099025766973e-07,coarse,pass,4.6,minus_x,c,validation,8119,4373,34.7881993014267,0.0480448664673983,0.160987880173794,0.0736543909348442,0.101068440959664,85.4295030283423,0.117983947079565,0.538613129695775,0.681696063119839,orthographic_projected_quad_union_curve_seam_only,512,7FE3D12CF319A3CBD60B540FFDAD005B5C7B51C8B5F3A2D924B7CFECBC26DFA0,6D2FD58CFCA4E74CC533B757E852D7AC772D036E0E385C30A1057EB9861D01C1,D0A16AF2EDC36B22EBEE15195CBDED051354E08A291B8ED2F66CB25359B5DF59,8BBD1CC9F646E5DB0F15812BCADFEDA1954813E6E4DBDF43E380C1E1E97989A2,false,not_run,false,false,H0_global,D2767E61A3EBF428ED8242CA00EDE441FF2C0666189E062397AA928277E43374,D304295179BAB23E8B7A942217B55BE102D38127A5C38DC577F75ED7C6FE9B67
chapter4_projection_fit_lock_v1,vertical,2.25e-07,coarse,pass,4.5,plus_x,a,train,8180,12565,3.74560127730107,0.00517292981015738,0.68842021488261,0.902078239608802,0.780898458340214,23.5881188723054,0.0325767945508623,1.53606356968215,0.230173654372991,orthographic_projected_quad_union_curve_seam_only,512,7FE3D12CF319A3CBD60B540FFDAD005B5C7B51C8B5F3A2D924B7CFECBC26DFA0,6D2FD58CFCA4E74CC533B757E852D7AC772D036E0E385C30A1057EB9861D01C1,D0A16AF2EDC36B22EBEE15195CBDED051354E08A291B8ED2F66CB25359B5DF59,8BBD1CC9F646E5DB0F15812BCADFEDA1954813E6E4DBDF43E380C1E1E97989A2,false,not_run,false,false,H0_global,D2767E61A3EBF428ED8242CA00EDE441FF2C0666189E062397AA928277E43374,D304295179BAB23E8B7A942217B55BE102D38127A5C38DC577F75ED7C6FE9B67
chapter4_projection_fit_lock_v1,vertical,2.25e-07,coarse,pass,4.5,plus_x,b,train,8069,12695,45.4998043624846,0.0628383207175275,0.0389129578574242,0.0777047961333499,0.0518570003928561,91.2195154558497,0.125980347569106,1.57330524228529,0.681699571485944,orthographic_projected_quad_union_curve_seam_only,512,7FE3D12CF319A3CBD60B540FFDAD005B5C7B51C8B5F3A2D924B7CFECBC26DFA0,6D2FD58CFCA4E74CC533B757E852D7AC772D036E0E385C30A1057EB9861D01C1,D0A16AF2EDC36B22EBEE15195CBDED051354E08A291B8ED2F66CB25359B5DF59,8BBD1CC9F646E5DB0F15812BCADFEDA1954813E6E4DBDF43E380C1E1E97989A2,false,not_run,false,false,H0_global,D2767E61A3EBF428ED8242CA00EDE441FF2C0666189E062397AA928277E43374,D304295179BAB23E8B7A942217B55BE102D38127A5C38DC577F75ED7C6FE9B67
chapter4_projection_fit_lock_v1,vertical,2.25e-07,coarse,pass,4.5,plus_x,c,validation,19628,18105,27.2512070667697,0.037635768188343,0.394034797017399,0.309557774607703,0.346724908141006,79.2022726946645,0.109383718960514,0.922406765844712,0.411811487610482,orthographic_projected_quad_union_curve_seam_only,512,7FE3D12CF319A3CBD60B540FFDAD005B5C7B51C8B5F3A2D924B7CFECBC26DFA0,6D2FD58CFCA4E74CC533B757E852D7AC772D036E0E385C30A1057EB9861D01C1,D0A16AF2EDC36B22EBEE15195CBDED051354E08A291B8ED2F66CB25359B5DF59,8BBD1CC9F646E5DB0F15812BCADFEDA1954813E6E4DBDF43E380C1E1E97989A2,false,not_run,false,false,H0_global,D2767E61A3EBF428ED8242CA00EDE441FF2C0666189E062397AA928277E43374,D304295179BAB23E8B7A942217B55BE102D38127A5C38DC577F75ED7C6FE9B67
chapter4_projection_fit_lock_v1,vertical,2.25e-07,coarse,pass,4.6,minus_x,a,train,2977,3618,1.31721835495017,0.00181916802947002,0.913764510779436,0.995969096405778,0.953097553192296,9.4339811320566,0.0130289688126234,1.21531743365805,0.0772789598713439,orthographic_projected_quad_union_curve_seam_only,512,7FE3D12CF319A3CBD60B540FFDAD005B5C7B51C8B5F3A2D924B7CFECBC26DFA0,6D2FD58CFCA4E74CC533B757E852D7AC772D036E0E385C30A1057EB9861D01C1,D0A16AF2EDC36B22EBEE15195CBDED051354E08A291B8ED2F66CB25359B5DF59,8BBD1CC9F646E5DB0F15812BCADFEDA1954813E6E4DBDF43E380C1E1E97989A2,false,not_run,false,false,H0_global,D2767E61A3EBF428ED8242CA00EDE441FF2C0666189E062397AA928277E43374,D304295179BAB23E8B7A942217B55BE102D38127A5C38DC577F75ED7C6FE9B67
chapter4_projection_fit_lock_v1,vertical,2.25e-07,coarse,pass,4.6,minus_x,b,train,4384,3858,8.44673914508321,0.0116655205632855,0.579315707620529,0.505018248175182,0.539621584732527,31.0644491340181,0.0429021145243922,0.880018248175182,0.284533415618664,orthographic_projected_quad_union_curve_seam_only,512,7FE3D12CF319A3CBD60B540FFDAD005B5C7B51C8B5F3A2D924B7CFECBC26DFA0,6D2FD58CFCA4E74CC533B757E852D7AC772D036E0E385C30A1057EB9861D01C1,D0A16AF2EDC36B22EBEE15195CBDED051354E08A291B8ED2F66CB25359B5DF59,8BBD1CC9F646E5DB0F15812BCADFEDA1954813E6E4DBDF43E380C1E1E97989A2,false,not_run,false,false,H0_global,D2767E61A3EBF428ED8242CA00EDE441FF2C0666189E062397AA928277E43374,D304295179BAB23E8B7A942217B55BE102D38127A5C38DC577F75ED7C6FE9B67
chapter4_projection_fit_lock_v1,vertical,2.25e-07,coarse,pass,4.6,minus_x,c,validation,8119,5120,26.9273455526098,0.0371884934367261,0.297265625,0.186352999137825,0.229091015086891,72.5017233797261,0.100129805174835,0.630619534425422,0.562938575894213,orthographic_projected_quad_union_curve_seam_only,512,7FE3D12CF319A3CBD60B540FFDAD005B5C7B51C8B5F3A2D924B7CFECBC26DFA0,6D2FD58CFCA4E74CC533B757E852D7AC772D036E0E385C30A1057EB9861D01C1,D0A16AF2EDC36B22EBEE15195CBDED051354E08A291B8ED2F66CB25359B5DF59,8BBD1CC9F646E5DB0F15812BCADFEDA1954813E6E4DBDF43E380C1E1E97989A2,false,not_run,false,false,H0_global,D2767E61A3EBF428ED8242CA00EDE441FF2C0666189E062397AA928277E43374,D304295179BAB23E8B7A942217B55BE102D38127A5C38DC577F75ED7C6FE9B67
chapter4_projection_fit_lock_v1,vertical,3.18198051533946e-07,coarse,fail,4.5,plus_x,a,train,8180,12737,3.51964677613364,0.00486087129450287,0.693412891575724,0.923227383863081,0.791985427497316,23.3452350598575,0.0322413555062875,1.55709046454768,0.227633244670659,orthographic_projected_quad_union_curve_seam_only,512,7FE3D12CF319A3CBD60B540FFDAD005B5C7B51C8B5F3A2D924B7CFECBC26DFA0,6D2FD58CFCA4E74CC533B757E852D7AC772D036E0E385C30A1057EB9861D01C1,D0A16AF2EDC36B22EBEE15195CBDED051354E08A291B8ED2F66CB25359B5DF59,8BBD1CC9F646E5DB0F15812BCADFEDA1954813E6E4DBDF43E380C1E1E97989A2,false,not_run,false,false,H0_global,D2767E61A3EBF428ED8242CA00EDE441FF2C0666189E062397AA928277E43374,D304295179BAB23E8B7A942217B55BE102D38127A5C38DC577F75ED7C6FE9B67
chapter4_projection_fit_lock_v1,vertical,3.18198051533946e-07,coarse,fail,4.5,plus_x,b,train,8069,13938,33.7530989853941,0.0466153226145175,0.123834122542689,0.266823646052795,0.169160194619362,90.4532997700278,0.124922151656418,1.72735159251456,0.62991310425643,orthographic_projected_quad_union_curve_seam_only,512,7FE3D12CF319A3CBD60B540FFDAD005B5C7B51C8B5F3A2D924B7CFECBC26DFA0,6D2FD58CFCA4E74CC533B757E852D7AC772D036E0E385C30A1057EB9861D01C1,D0A16AF2EDC36B22EBEE15195CBDED051354E08A291B8ED2F66CB25359B5DF59,8BBD1CC9F646E5DB0F15812BCADFEDA1954813E6E4DBDF43E380C1E1E97989A2,false,not_run,false,false,H0_global,D2767E61A3EBF428ED8242CA00EDE441FF2C0666189E062397AA928277E43374,D304295179BAB23E8B7A942217B55BE102D38127A5C38DC577F75ED7C6FE9B67
chapter4_projection_fit_lock_v1,vertical,3.18198051533946e-07,coarse,fail,4.5,plus_x,c,validation,19628,18589,23.887676588466,0.0329905041064364,0.421754801226532,0.383482779702466,0.401709277752829,76.8439978137525,0.106126781147634,0.947065416751579,0.372264338092593,orthographic_projected_quad_union_curve_seam_only,512,7FE3D12CF319A3CBD60B540FFDAD005B5C7B51C8B5F3A2D924B7CFECBC26DFA0,6D2FD58CFCA4E74CC533B757E852D7AC772D036E0E385C30A1057EB9861D01C1,D0A16AF2EDC36B22EBEE15195CBDED051354E08A291B8ED2F66CB25359B5DF59,8BBD1CC9F646E5DB0F15812BCADFEDA1954813E6E4DBDF43E380C1E1E97989A2,false,not_run,false,false,H0_global,D2767E61A3EBF428ED8242CA00EDE441FF2C0666189E062397AA928277E43374,D304295179BAB23E8B7A942217B55BE102D38127A5C38DC577F75ED7C6FE9B67
chapter4_projection_fit_lock_v1,vertical,3.18198051533946e-07,coarse,fail,4.6,minus_x,a,train,2977,3801,1.15966965615682,0.00160158257383743,0.919494869771113,0.998320456835741,0.957287728086026,9.21954445729289,0.0127328171976614,1.27678871346994,0.087227949823608,orthographic_projected_quad_union_curve_seam_only,512,7FE3D12CF319A3CBD60B540FFDAD005B5C7B51C8B5F3A2D924B7CFECBC26DFA0,6D2FD58CFCA4E74CC533B757E852D7AC772D036E0E385C30A1057EB9861D01C1,D0A16AF2EDC36B22EBEE15195CBDED051354E08A291B8ED2F66CB25359B5DF59,8BBD1CC9F646E5DB0F15812BCADFEDA1954813E6E4DBDF43E380C1E1E97989A2,false,not_run,false,false,H0_global,D2767E61A3EBF428ED8242CA00EDE441FF2C0666189E062397AA928277E43374,D304295179BAB23E8B7A942217B55BE102D38127A5C38DC577F75ED7C6FE9B67
chapter4_projection_fit_lock_v1,vertical,3.18198051533946e-07,coarse,fail,4.6,minus_x,b,train,4384,4250,6.94175288934775,0.00958703230738107,0.626117647058824,0.61154197080292,0.618743981480719,28.3169553488862,0.0391076389643634,0.969434306569343,0.21775259298546,orthographic_projected_quad_union_curve_seam_only,512,7FE3D12CF319A3CBD60B540FFDAD005B5C7B51C8B5F3A2D924B7CFECBC26DFA0,6D2FD58CFCA4E74CC533B757E852D7AC772D036E0E385C30A1057EB9861D01C1,D0A16AF2EDC36B22EBEE15195CBDED051354E08A291B8ED2F66CB25359B5DF59,8BBD1CC9F646E5DB0F15812BCADFEDA1954813E6E4DBDF43E380C1E1E97989A2,false,not_run,false,false,H0_global,D2767E61A3EBF428ED8242CA00EDE441FF2C0666189E062397AA928277E43374,D304295179BAB23E8B7A942217B55BE102D38127A5C38DC577F75ED7C6FE9B67
chapter4_projection_fit_lock_v1,vertical,3.18198051533946e-07,coarse,fail,4.6,minus_x,c,validation,8119,6072,18.6763084789954,0.0257932507285731,0.436100131752306,0.373568173420372,0.402419431775455,55.6057550978314,0.0767953252005371,0.747875354107649,0.416412104587725,orthographic_projected_quad_union_curve_seam_only,512,7FE3D12CF319A3CBD60B540FFDAD005B5C7B51C8B5F3A2D924B7CFECBC26DFA0,6D2FD58CFCA4E74CC533B757E852D7AC772D036E0E385C30A1057EB9861D01C1,D0A16AF2EDC36B22EBEE15195CBDED051354E08A291B8ED2F66CB25359B5DF59,8BBD1CC9F646E5DB0F15812BCADFEDA1954813E6E4DBDF43E380C1E1E97989A2,false,not_run,false,false,H0_global,D2767E61A3EBF428ED8242CA00EDE441FF2C0666189E062397AA928277E43374,D304295179BAB23E8B7A942217B55BE102D38127A5C38DC577F75ED7C6FE9B67
chapter4_projection_fit_lock_v1,vertical,4.5e-07,coarse,pass,4.5,plus_x,a,train,8180,13029,3.24914092590138,0.00448728433932736,0.700130478164095,0.950488997555012,0.806323112185485,23.0867927612304,0.0318844291353799,1.59278728606357,0.225668208431964,orthographic_projected_quad_union_curve_seam_only,512,7FE3D12CF319A3CBD60B540FFDAD005B5C7B51C8B5F3A2D924B7CFECBC26DFA0,6D2FD58CFCA4E74CC533B757E852D7AC772D036E0E385C30A1057EB9861D01C1,D0A16AF2EDC36B22EBEE15195CBDED051354E08A291B8ED2F66CB25359B5DF59,8BBD1CC9F646E5DB0F15812BCADFEDA1954813E6E4DBDF43E380C1E1E97989A2,false,not_run,false,false,H0_global,D2767E61A3EBF428ED8242CA00EDE441FF2C0666189E062397AA928277E43374,D304295179BAB23E8B7A942217B55BE102D38127A5C38DC577F75ED7C6FE9B67
chapter4_projection_fit_lock_v1,vertical,4.5e-07,coarse,pass,4.5,plus_x,b,train,8069,15590,27.3754890548959,0.03780741005667,0.218088518280949,0.497459412566613,0.303236670849032,89.3084542470644,0.123341042217554,1.93208576031726,0.581674366237371,orthographic_projected_quad_union_curve_seam_only,512,7FE3D12CF319A3CBD60B540FFDAD005B5C7B51C8B5F3A2D924B7CFECBC26DFA0,6D2FD58CFCA4E74CC533B757E852D7AC772D036E0E385C30A1057EB9861D01C1,D0A16AF2EDC36B22EBEE15195CBDED051354E08A291B8ED2F66CB25359B5DF59,8BBD1CC9F646E5DB0F15812BCADFEDA1954813E6E4DBDF43E380C1E1E97989A2,false,not_run,false,false,H0_global,D2767E61A3EBF428ED8242CA00EDE441FF2C0666189E062397AA928277E43374,D304295179BAB23E8B7A942217B55BE102D38127A5C38DC577F75ED7C6FE9B67
chapter4_projection_fit_lock_v1,vertical,4.5e-07,coarse,pass,4.5,plus_x,c,validation,19628,18971,22.4272672196813,0.0309735795596083,0.436930051130673,0.42306908498064,0.42988786655821,74.6324326281812,0.103072459390303,0.966527409822702,0.350309166342391,orthographic_projected_quad_union_curve_seam_only,512,7FE3D12CF319A3CBD60B540FFDAD005B5C7B51C8B5F3A2D924B7CFECBC26DFA0,6D2FD58CFCA4E74CC533B757E852D7AC772D036E0E385C30A1057EB9861D01C1,D0A16AF2EDC36B22EBEE15195CBDED051354E08A291B8ED2F66CB25359B5DF59,8BBD1CC9F646E5DB0F15812BCADFEDA1954813E6E4DBDF43E380C1E1E97989A2,false,not_run,false,false,H0_global,D2767E61A3EBF428ED8242CA00EDE441FF2C0666189E062397AA928277E43374,D304295179BAB23E8B7A942217B55BE102D38127A5C38DC577F75ED7C6FE9B67
chapter4_projection_fit_lock_v1,vertical,4.5e-07,coarse,pass,4.6,minus_x,a,train,2977,4077,1.05112794590699,0.0014516790985264,0.925680647534952,0.998320456835741,0.960629310276163,9,0.0124296113880448,1.36949949613705,0.102855762258325,orthographic_projected_quad_union_curve_seam_only,512,7FE3D12CF319A3CBD60B540FFDAD005B5C7B51C8B5F3A2D924B7CFECBC26DFA0,6D2FD58CFCA4E74CC533B757E852D7AC772D036E0E385C30A1057EB9861D01C1,D0A16AF2EDC36B22EBEE15195CBDED051354E08A291B8ED2F66CB25359B5DF59,8BBD1CC9F646E5DB0F15812BCADFEDA1954813E6E4DBDF43E380C1E1E97989A2,false,not_run,false,false,H0_global,D2767E61A3EBF428ED8242CA00EDE441FF2C0666189E062397AA928277E43374,D304295179BAB23E8B7A942217B55BE102D38127A5C38DC577F75ED7C6FE9B67
chapter4_projection_fit_lock_v1,vertical,4.5e-07,coarse,pass,4.6,minus_x,b,train,4384,4823,5.3276620199523,0.00735786316831698,0.682770060128551,0.714644160583942,0.698343596709118,23.8411220483915,0.0329262091240503,1.10013686131387,0.190276264955051,orthographic_projected_quad_union_curve_seam_only,512,7FE3D12CF319A3CBD60B540FFDAD005B5C7B51C8B5F3A2D924B7CFECBC26DFA0,6D2FD58CFCA4E74CC533B757E852D7AC772D036E0E385C30A1057EB9861D01C1,D0A16AF2EDC36B22EBEE15195CBDED051354E08A291B8ED2F66CB25359B5DF59,8BBD1CC9F646E5DB0F15812BCADFEDA1954813E6E4DBDF43E380C1E1E97989A2,false,not_run,false,false,H0_global,D2767E61A3EBF428ED8242CA00EDE441FF2C0666189E062397AA928277E43374,D304295179BAB23E8B7A942217B55BE102D38127A5C38DC577F75ED7C6FE9B67
chapter4_projection_fit_lock_v1,vertical,4.5e-07,coarse,pass,4.6,minus_x,c,validation,8119,7337,12.5095676498504,0.0172765627244552,0.526918359002317,0.546619041753911,0.536587934947582,52.3297233088855,0.0722709027525951,0.903682719546742,0.292369559475926,orthographic_projected_quad_union_curve_seam_only,512,7FE3D12CF319A3CBD60B540FFDAD005B5C7B51C8B5F3A2D924B7CFECBC26DFA0,6D2FD58CFCA4E74CC533B757E852D7AC772D036E0E385C30A1057EB9861D01C1,D0A16AF2EDC36B22EBEE15195CBDED051354E08A291B8ED2F66CB25359B5DF59,8BBD1CC9F646E5DB0F15812BCADFEDA1954813E6E4DBDF43E380C1E1E97989A2,false,not_run,false,false,H0_global,D2767E61A3EBF428ED8242CA00EDE441FF2C0666189E062397AA928277E43374,D304295179BAB23E8B7A942217B55BE102D38127A5C38DC577F75ED7C6FE9B67
chapter4_projection_fit_lock_v1,vertical,6.36396103067893e-07,coarse,fail,4.5,plus_x,a,train,8180,13545,2.97970672142748,0.00411517739974318,0.709929863418235,0.971760391198044,0.82046229370092,23,0.0317645624361144,1.65586797066015,0.227906502388912,orthographic_projected_quad_union_curve_seam_only,512,7FE3D12CF319A3CBD60B540FFDAD005B5C7B51C8B5F3A2D924B7CFECBC26DFA0,6D2FD58CFCA4E74CC533B757E852D7AC772D036E0E385C30A1057EB9861D01C1,D0A16AF2EDC36B22EBEE15195CBDED051354E08A291B8ED2F66CB25359B5DF59,8BBD1CC9F646E5DB0F15812BCADFEDA1954813E6E4DBDF43E380C1E1E97989A2,false,not_run,false,false,H0_global,D2767E61A3EBF428ED8242CA00EDE441FF2C0666189E062397AA928277E43374,D304295179BAB23E8B7A942217B55BE102D38127A5C38DC577F75ED7C6FE9B67
chapter4_projection_fit_lock_v1,vertical,6.36396103067893e-07,coarse,fail,4.5,plus_x,b,train,8069,17821,24.0135720156874,0.033164374243758,0.245104090679535,0.546660057008303,0.338455881275063,87.965902484997,0.121486887031906,2.20857603172636,0.592395149945351,orthographic_projected_quad_union_curve_seam_only,512,7FE3D12CF319A3CBD60B540FFDAD005B5C7B51C8B5F3A2D924B7CFECBC26DFA0,6D2FD58CFCA4E74CC533B757E852D7AC772D036E0E385C30A1057EB9861D01C1,D0A16AF2EDC36B22EBEE15195CBDED051354E08A291B8ED2F66CB25359B5DF59,8BBD1CC9F646E5DB0F15812BCADFEDA1954813E6E4DBDF43E380C1E1E97989A2,false,not_run,false,false,H0_global,D2767E61A3EBF428ED8242CA00EDE441FF2C0666189E062397AA928277E43374,D304295179BAB23E8B7A942217B55BE102D38127A5C38DC577F75ED7C6FE9B67
chapter4_projection_fit_lock_v1,vertical,6.36396103067893e-07,coarse,fail,4.5,plus_x,c,validation,19628,19487,21.4137474459991,0.0295738399017229,0.432288192128085,0.421846341960465,0.427003440895951,71.1969100453102,0.0983277693214209,0.99281638475647,0.342456447195517,orthographic_projected_quad_union_curve_seam_only,512,7FE3D12CF319A3CBD60B540FFDAD005B5C7B51C8B5F3A2D924B7CFECBC26DFA0,6D2FD58CFCA4E74CC533B757E852D7AC772D036E0E385C30A1057EB9861D01C1,D0A16AF2EDC36B22EBEE15195CBDED051354E08A291B8ED2F66CB25359B5DF59,8BBD1CC9F646E5DB0F15812BCADFEDA1954813E6E4DBDF43E380C1E1E97989A2,false,not_run,false,false,H0_global,D2767E61A3EBF428ED8242CA00EDE441FF2C0666189E062397AA928277E43374,D304295179BAB23E8B7A942217B55BE102D38127A5C38DC577F75ED7C6FE9B67
chapter4_projection_fit_lock_v1,vertical,6.36396103067893e-07,coarse,fail,4.6,minus_x,a,train,2977,4474,1.0946324959014,0.00151176183741999,0.92869915064819,0.998320456835741,0.962252129389188,8.54400374531753,0.0117998495835884,1.50285522337924,0.125177354797298,orthographic_projected_quad_union_curve_seam_only,512,7FE3D12CF319A3CBD60B540FFDAD005B5C7B51C8B5F3A2D924B7CFECBC26DFA0,6D2FD58CFCA4E74CC533B757E852D7AC772D036E0E385C30A1057EB9861D01C1,D0A16AF2EDC36B22EBEE15195CBDED051354E08A291B8ED2F66CB25359B5DF59,8BBD1CC9F646E5DB0F15812BCADFEDA1954813E6E4DBDF43E380C1E1E97989A2,false,not_run,false,false,H0_global,D2767E61A3EBF428ED8242CA00EDE441FF2C0666189E062397AA928277E43374,D304295179BAB23E8B7A942217B55BE102D38127A5C38DC577F75ED7C6FE9B67
chapter4_projection_fit_lock_v1,vertical,6.36396103067893e-07,coarse,fail,4.6,minus_x,b,train,4384,5690,4.05077400224464,0.00559439407429952,0.729701230228471,0.800410583941606,0.763422100765714,19.6123234745722,0.0270859510228401,1.29790145985401,0.195842006070284,orthographic_projected_quad_union_curve_seam_only,512,7FE3D12CF319A3CBD60B540FFDAD005B5C7B51C8B5F3A2D924B7CFECBC26DFA0,6D2FD58CFCA4E74CC533B757E852D7AC772D036E0E385C30A1057EB9861D01C1,D0A16AF2EDC36B22EBEE15195CBDED051354E08A291B8ED2F66CB25359B5DF59,8BBD1CC9F646E5DB0F15812BCADFEDA1954813E6E4DBDF43E380C1E1E97989A2,false,not_run,false,false,H0_global,D2767E61A3EBF428ED8242CA00EDE441FF2C0666189E062397AA928277E43374,D304295179BAB23E8B7A942217B55BE102D38127A5C38DC577F75ED7C6FE9B67
chapter4_projection_fit_lock_v1,vertical,6.36396103067893e-07,coarse,fail,4.6,minus_x,c,validation,8119,9120,10.2701229247684,0.0141837374291468,0.55844298245614,0.633206059859589,0.593479234272066,49.8251886334723,0.0688119702277874,1.12329104569528,0.263712815401543,orthographic_projected_quad_union_curve_seam_only,512,7FE3D12CF319A3CBD60B540FFDAD005B5C7B51C8B5F3A2D924B7CFECBC26DFA0,6D2FD58CFCA4E74CC533B757E852D7AC772D036E0E385C30A1057EB9861D01C1,D0A16AF2EDC36B22EBEE15195CBDED051354E08A291B8ED2F66CB25359B5DF59,8BBD1CC9F646E5DB0F15812BCADFEDA1954813E6E4DBDF43E380C1E1E97989A2,false,not_run,false,false,H0_global,D2767E61A3EBF428ED8242CA00EDE441FF2C0666189E062397AA928277E43374,D304295179BAB23E8B7A942217B55BE102D38127A5C38DC577F75ED7C6FE9B67
chapter4_projection_fit_lock_v1,vertical,9e-07,coarse,pass,4.5,plus_x,a,train,8180,14531,2.92140770605565,0.00403466249914568,0.698162549033102,0.986552567237164,0.817674214999985,22.6715680975093,0.0313109756677371,1.77640586797066,0.246673335847063,orthographic_projected_quad_union_curve_seam_only,512,7FE3D12CF319A3CBD60B540FFDAD005B5C7B51C8B5F3A2D924B7CFECBC26DFA0,6D2FD58CFCA4E74CC533B757E852D7AC772D036E0E385C30A1057EB9861D01C1,D0A16AF2EDC36B22EBEE15195CBDED051354E08A291B8ED2F66CB25359B5DF59,8BBD1CC9F646E5DB0F15812BCADFEDA1954813E6E4DBDF43E380C1E1E97989A2,false,not_run,false,false,H0_global,D2767E61A3EBF428ED8242CA00EDE441FF2C0666189E062397AA928277E43374,D304295179BAB23E8B7A942217B55BE102D38127A5C38DC577F75ED7C6FE9B67
chapter4_projection_fit_lock_v1,vertical,9e-07,coarse,pass,4.5,plus_x,b,train,8069,17871,24.1710639856698,0.0333818813530489,0.243243243243243,0.547775436857108,0.336888817374588,87.6812408671319,0.12109375,2.21477258644194,0.593998342277828,orthographic_projected_quad_union_curve_seam_only,512,7FE3D12CF319A3CBD60B540FFDAD005B5C7B51C8B5F3A2D924B7CFECBC26DFA0,6D2FD58CFCA4E74CC533B757E852D7AC772D036E0E385C30A1057EB9861D01C1,D0A16AF2EDC36B22EBEE15195CBDED051354E08A291B8ED2F66CB25359B5DF59,8BBD1CC9F646E5DB0F15812BCADFEDA1954813E6E4DBDF43E380C1E1E97989A2,false,not_run,false,false,H0_global,D2767E61A3EBF428ED8242CA00EDE441FF2C0666189E062397AA928277E43374,D304295179BAB23E8B7A942217B55BE102D38127A5C38DC577F75ED7C6FE9B67
chapter4_projection_fit_lock_v1,vertical,9e-07,coarse,pass,4.5,plus_x,c,validation,19628,20615,19.693639350719,0.0271982537717493,0.440844045597866,0.451599755451396,0.446157086754667,67,0.0925315514443334,1.05028530670471,0.339518060238301,orthographic_projected_quad_union_curve_seam_only,512,7FE3D12CF319A3CBD60B540FFDAD005B5C7B51C8B5F3A2D924B7CFECBC26DFA0,6D2FD58CFCA4E74CC533B757E852D7AC772D036E0E385C30A1057EB9861D01C1,D0A16AF2EDC36B22EBEE15195CBDED051354E08A291B8ED2F66CB25359B5DF59,8BBD1CC9F646E5DB0F15812BCADFEDA1954813E6E4DBDF43E380C1E1E97989A2,false,not_run,false,false,H0_global,D2767E61A3EBF428ED8242CA00EDE441FF2C0666189E062397AA928277E43374,D304295179BAB23E8B7A942217B55BE102D38127A5C38DC577F75ED7C6FE9B67
chapter4_projection_fit_lock_v1,vertical,9e-07,coarse,pass,4.6,minus_x,a,train,2977,5056,1.45181459384419,0.00200505457877503,0.861946202531646,0.997648639570037,0.924846032984679,10.862490369794,0.0150018371114353,1.69835404769903,0.175747391067024,orthographic_projected_quad_union_curve_seam_only,512,7FE3D12CF319A3CBD60B540FFDAD005B5C7B51C8B5F3A2D924B7CFECBC26DFA0,6D2FD58CFCA4E74CC533B757E852D7AC772D036E0E385C30A1057EB9861D01C1,D0A16AF2EDC36B22EBEE15195CBDED051354E08A291B8ED2F66CB25359B5DF59,8BBD1CC9F646E5DB0F15812BCADFEDA1954813E6E4DBDF43E380C1E1E97989A2,false,not_run,false,false,H0_global,D2767E61A3EBF428ED8242CA00EDE441FF2C0666189E062397AA928277E43374,D304295179BAB23E8B7A942217B55BE102D38127A5C38DC577F75ED7C6FE9B67
chapter4_projection_fit_lock_v1,vertical,9e-07,coarse,pass,4.6,minus_x,b,train,4384,7029,3.85255229533015,0.00532063643145263,0.678759425238298,0.855155109489051,0.756814773529159,19.723082923316,0.0272389173456667,1.6033302919708,0.251743703640303,orthographic_projected_quad_union_curve_seam_only,512,7FE3D12CF319A3CBD60B540FFDAD005B5C7B51C8B5F3A2D924B7CFECBC26DFA0,6D2FD58CFCA4E74CC533B757E852D7AC772D036E0E385C30A1057EB9861D01C1,D0A16AF2EDC36B22EBEE15195CBDED051354E08A291B8ED2F66CB25359B5DF59,8BBD1CC9F646E5DB0F15812BCADFEDA1954813E6E4DBDF43E380C1E1E97989A2,false,not_run,false,false,H0_global,D2767E61A3EBF428ED8242CA00EDE441FF2C0666189E062397AA928277E43374,D304295179BAB23E8B7A942217B55BE102D38127A5C38DC577F75ED7C6FE9B67
chapter4_projection_fit_lock_v1,vertical,9e-07,coarse,pass,4.6,minus_x,c,validation,8119,11628,11.2547080857049,0.0155435164212441,0.475404196766426,0.6530360881882,0.550239301279613,48.1445647639879,0.0664909144958804,1.43219608326149,0.346848841609488,orthographic_projected_quad_union_curve_seam_only,512,7FE3D12CF319A3CBD60B540FFDAD005B5C7B51C8B5F3A2D924B7CFECBC26DFA0,6D2FD58CFCA4E74CC533B757E852D7AC772D036E0E385C30A1057EB9861D01C1,D0A16AF2EDC36B22EBEE15195CBDED051354E08A291B8ED2F66CB25359B5DF59,8BBD1CC9F646E5DB0F15812BCADFEDA1954813E6E4DBDF43E380C1E1E97989A2,false,not_run,false,false,H0_global,D2767E61A3EBF428ED8242CA00EDE441FF2C0666189E062397AA928277E43374,D304295179BAB23E8B7A942217B55BE102D38127A5C38DC577F75ED7C6FE9B67
chapter4_projection_fit_lock_v1,vertical,1.27279220613579e-06,coarse,fail,4.5,plus_x,a,train,8180,15974,3.52988875755797,0.0048750161666082,0.64536121196945,0.995232273838631,0.782990194696831,25,0.0345266983001244,1.95281173594132,0.289329155863359,orthographic_projected_quad_union_curve_seam_only,512,7FE3D12CF319A3CBD60B540FFDAD005B5C7B51C8B5F3A2D924B7CFECBC26DFA0,6D2FD58CFCA4E74CC533B757E852D7AC772D036E0E385C30A1057EB9861D01C1,D0A16AF2EDC36B22EBEE15195CBDED051354E08A291B8ED2F66CB25359B5DF59,8BBD1CC9F646E5DB0F15812BCADFEDA1954813E6E4DBDF43E380C1E1E97989A2,false,not_run,false,false,H0_global,D2767E61A3EBF428ED8242CA00EDE441FF2C0666189E062397AA928277E43374,D304295179BAB23E8B7A942217B55BE102D38127A5C38DC577F75ED7C6FE9B67
chapter4_projection_fit_lock_v1,vertical,1.27279220613579e-06,coarse,fail,4.5,plus_x,b,train,8069,17891,25.4427671335262,0.0351381897895832,0.231233581130177,0.527946461767257,0.321607376646865,87.6184911990614,0.121007088445684,2.21725120832817,0.603653332137901,orthographic_projected_quad_union_curve_seam_only,512,7FE3D12CF319A3CBD60B540FFDAD005B5C7B51C8B5F3A2D924B7CFECBC26DFA0,6D2FD58CFCA4E74CC533B757E852D7AC772D036E0E385C30A1057EB9861D01C1,D0A16AF2EDC36B22EBEE15195CBDED051354E08A291B8ED2F66CB25359B5DF59,8BBD1CC9F646E5DB0F15812BCADFEDA1954813E6E4DBDF43E380C1E1E97989A2,false,not_run,false,false,H0_global,D2767E61A3EBF428ED8242CA00EDE441FF2C0666189E062397AA928277E43374,D304295179BAB23E8B7A942217B55BE102D38127A5C38DC577F75ED7C6FE9B67
chapter4_projection_fit_lock_v1,vertical,1.27279220613579e-06,coarse,fail,4.5,plus_x,c,validation,19628,20486,17.9536072439535,0.0247951512284364,0.467978131406814,0.481964540452415,0.474868372012009,59.9082632030006,0.0827373811717779,1.04371306297127,0.318741462462048,orthographic_projected_quad_union_curve_seam_only,512,7FE3D12CF319A3CBD60B540FFDAD005B5C7B51C8B5F3A2D924B7CFECBC26DFA0,6D2FD58CFCA4E74CC533B757E852D7AC772D036E0E385C30A1057EB9861D01C1,D0A16AF2EDC36B22EBEE15195CBDED051354E08A291B8ED2F66CB25359B5DF59,8BBD1CC9F646E5DB0F15812BCADFEDA1954813E6E4DBDF43E380C1E1E97989A2,false,not_run,false,false,H0_global,D2767E61A3EBF428ED8242CA00EDE441FF2C0666189E062397AA928277E43374,D304295179BAB23E8B7A942217B55BE102D38127A5C38DC577F75ED7C6FE9B67
chapter4_projection_fit_lock_v1,vertical,1.27279220613579e-06,coarse,fail,4.6,minus_x,a,train,2977,5881,2.35064717489534,0.00324640343270604,0.743751062744431,0.998992274101444,0.852680426116166,17.0293863659264,0.0235187394117037,1.97547866980181,0.252988558588594,orthographic_projected_quad_union_curve_seam_only,512,7FE3D12CF319A3CBD60B540FFDAD005B5C7B51C8B5F3A2D924B7CFECBC26DFA0,6D2FD58CFCA4E74CC533B757E852D7AC772D036E0E385C30A1057EB9861D01C1,D0A16AF2EDC36B22EBEE15195CBDED051354E08A291B8ED2F66CB25359B5DF59,8BBD1CC9F646E5DB0F15812BCADFEDA1954813E6E4DBDF43E380C1E1E97989A2,false,not_run,false,false,H0_global,D2767E61A3EBF428ED8242CA00EDE441FF2C0666189E062397AA928277E43374,D304295179BAB23E8B7A942217B55BE102D38127A5C38DC577F75ED7C6FE9B67
chapter4_projection_fit_lock_v1,vertical,1.27279220613579e-06,coarse,fail,4.6,minus_x,b,train,4384,8991,5.38523838315567,0.00743738003717862,0.581915248581915,0.916058394160584,0.7117192625333,35.7770876399966,0.0494105884401309,2.05086678832117,0.343496027719792,orthographic_projected_quad_union_curve_seam_only,512,7FE3D12CF319A3CBD60B540FFDAD005B5C7B51C8B5F3A2D924B7CFECBC26DFA0,6D2FD58CFCA4E74CC533B757E852D7AC772D036E0E385C30A1057EB9861D01C1,D0A16AF2EDC36B22EBEE15195CBDED051354E08A291B8ED2F66CB25359B5DF59,8BBD1CC9F646E5DB0F15812BCADFEDA1954813E6E4DBDF43E380C1E1E97989A2,false,not_run,false,false,H0_global,D2767E61A3EBF428ED8242CA00EDE441FF2C0666189E062397AA928277E43374,D304295179BAB23E8B7A942217B55BE102D38127A5C38DC577F75ED7C6FE9B67
chapter4_projection_fit_lock_v1,vertical,1.27279220613579e-06,coarse,fail,4.6,minus_x,c,validation,8119,15236,16.1061375415755,0.0222436700671314,0.417760567077973,0.738391427515704,0.533616380764685,95.7914332955208,0.132294476685237,1.8765857864269,0.445872612540111,orthographic_projected_quad_union_curve_seam_only,512,7FE3D12CF319A3CBD60B540FFDAD005B5C7B51C8B5F3A2D924B7CFECBC26DFA0,6D2FD58CFCA4E74CC533B757E852D7AC772D036E0E385C30A1057EB9861D01C1,D0A16AF2EDC36B22EBEE15195CBDED051354E08A291B8ED2F66CB25359B5DF59,8BBD1CC9F646E5DB0F15812BCADFEDA1954813E6E4DBDF43E380C1E1E97989A2,false,not_run,false,false,H0_global,D2767E61A3EBF428ED8242CA00EDE441FF2C0666189E062397AA928277E43374,D304295179BAB23E8B7A942217B55BE102D38127A5C38DC577F75ED7C6FE9B67
chapter4_projection_fit_lock_v1,halo,3.78403386864171e-07,fine_H0,pass,4.3,plus_x,a,train,11867,8473,4.99047312565242,0.0068921823993712,0.831228608521185,0.649448049212101,0.729179858997431,25.6124969497314,0.0353725981958493,0.713996797842757,0.235364602816287,orthographic_projected_quad_union_curve_seam_only,512,7FE3D12CF319A3CBD60B540FFDAD005B5C7B51C8B5F3A2D924B7CFECBC26DFA0,6D2FD58CFCA4E74CC533B757E852D7AC772D036E0E385C30A1057EB9861D01C1,D0A16AF2EDC36B22EBEE15195CBDED051354E08A291B8ED2F66CB25359B5DF59,8BBD1CC9F646E5DB0F15812BCADFEDA1954813E6E4DBDF43E380C1E1E97989A2,false,not_run,false,false,H0_global,D2767E61A3EBF428ED8242CA00EDE441FF2C0666189E062397AA928277E43374,D304295179BAB23E8B7A942217B55BE102D38127A5C38DC577F75ED7C6FE9B67
chapter4_projection_fit_lock_v1,halo,3.78403386864171e-07,fine_H0,pass,4.3,plus_x,b,train,8152,8546,16.369147575793,0.0226069047911847,0.414930961853499,0.456084396467125,0.434535477485382,58.1880306608262,0.0803616231721894,1.04833169774289,0.337229582166893,orthographic_projected_quad_union_curve_seam_only,512,7FE3D12CF319A3CBD60B540FFDAD005B5C7B51C8B5F3A2D924B7CFECBC26DFA0,6D2FD58CFCA4E74CC533B757E852D7AC772D036E0E385C30A1057EB9861D01C1,D0A16AF2EDC36B22EBEE15195CBDED051354E08A291B8ED2F66CB25359B5DF59,8BBD1CC9F646E5DB0F15812BCADFEDA1954813E6E4DBDF43E380C1E1E97989A2,false,not_run,false,false,H0_global,D2767E61A3EBF428ED8242CA00EDE441FF2C0666189E062397AA928277E43374,D304295179BAB23E8B7A942217B55BE102D38127A5C38DC577F75ED7C6FE9B67
chapter4_projection_fit_lock_v1,halo,3.78403386864171e-07,fine_H0,pass,4.3,plus_x,c,validation,10970,8898,27.1044822707255,0.0374331312776964,0.376601483479434,0.298541476754786,0.333058832419696,82.6429038457743,0.11413546430917,0.811121239744758,0.451772016620963,orthographic_projected_quad_union_curve_seam_only,512,7FE3D12CF319A3CBD60B540FFDAD005B5C7B51C8B5F3A2D924B7CFECBC26DFA0,6D2FD58CFCA4E74CC533B757E852D7AC772D036E0E385C30A1057EB9861D01C1,D0A16AF2EDC36B22EBEE15195CBDED051354E08A291B8ED2F66CB25359B5DF59,8BBD1CC9F646E5DB0F15812BCADFEDA1954813E6E4DBDF43E380C1E1E97989A2,false,not_run,false,false,H0_global,D2767E61A3EBF428ED8242CA00EDE441FF2C0666189E062397AA928277E43374,D304295179BAB23E8B7A942217B55BE102D38127A5C38DC577F75ED7C6FE9B67
chapter4_projection_fit_lock_v1,halo,3.78403386864171e-07,fine_H0,pass,4.4,minus_x,a,train,3932,2956,6.55439535830478,0.00905206524303699,0.902232746955345,0.493133265513733,0.637712222862924,29.7136285179959,0.0410365394897127,0.751780264496439,0.271782888483744,orthographic_projected_quad_union_curve_seam_only,512,7FE3D12CF319A3CBD60B540FFDAD005B5C7B51C8B5F3A2D924B7CFECBC26DFA0,6D2FD58CFCA4E74CC533B757E852D7AC772D036E0E385C30A1057EB9861D01C1,D0A16AF2EDC36B22EBEE15195CBDED051354E08A291B8ED2F66CB25359B5DF59,8BBD1CC9F646E5DB0F15812BCADFEDA1954813E6E4DBDF43E380C1E1E97989A2,false,not_run,false,false,H0_global,D2767E61A3EBF428ED8242CA00EDE441FF2C0666189E062397AA928277E43374,D304295179BAB23E8B7A942217B55BE102D38127A5C38DC577F75ED7C6FE9B67
chapter4_projection_fit_lock_v1,halo,3.78403386864171e-07,fine_H0,pass,4.4,minus_x,b,train,4921,2908,12.0122659200303,0.0165897552528701,0.893741403026135,0.329404592562487,0.481385744272289,49.8196748283246,0.0688043552883146,0.590936801463117,0.424609522491946,orthographic_projected_quad_union_curve_seam_only,512,7FE3D12CF319A3CBD60B540FFDAD005B5C7B51C8B5F3A2D924B7CFECBC26DFA0,6D2FD58CFCA4E74CC533B757E852D7AC772D036E0E385C30A1057EB9861D01C1,D0A16AF2EDC36B22EBEE15195CBDED051354E08A291B8ED2F66CB25359B5DF59,8BBD1CC9F646E5DB0F15812BCADFEDA1954813E6E4DBDF43E380C1E1E97989A2,false,not_run,false,false,H0_global,D2767E61A3EBF428ED8242CA00EDE441FF2C0666189E062397AA928277E43374,D304295179BAB23E8B7A942217B55BE102D38127A5C38DC577F75ED7C6FE9B67
chapter4_projection_fit_lock_v1,halo,3.78403386864171e-07,fine_H0,pass,4.4,minus_x,c,validation,7723,3458,24.623396066894,0.0340065826850447,0.524291497975709,0.249384954033407,0.337997649490921,75.9605160593318,0.104906632828092,0.447753463679917,0.592112541728114,orthographic_projected_quad_union_curve_seam_only,512,7FE3D12CF319A3CBD60B540FFDAD005B5C7B51C8B5F3A2D924B7CFECBC26DFA0,6D2FD58CFCA4E74CC533B757E852D7AC772D036E0E385C30A1057EB9861D01C1,D0A16AF2EDC36B22EBEE15195CBDED051354E08A291B8ED2F66CB25359B5DF59,8BBD1CC9F646E5DB0F15812BCADFEDA1954813E6E4DBDF43E380C1E1E97989A2,false,not_run,false,false,H0_global,D2767E61A3EBF428ED8242CA00EDE441FF2C0666189E062397AA928277E43374,D304295179BAB23E8B7A942217B55BE102D38127A5C38DC577F75ED7C6FE9B67
chapter4_projection_fit_lock_v1,halo,4.12651819442102e-07,fine_H0,pass,4.3,plus_x,a,train,11867,8534,4.89034240659953,0.00675389507427865,0.833606749472697,0.654925423443162,0.733541757870146,25.0599281722833,0.0346094631770886,0.719137102890368,0.231061195412776,orthographic_projected_quad_union_curve_seam_only,512,7FE3D12CF319A3CBD60B540FFDAD005B5C7B51C8B5F3A2D924B7CFECBC26DFA0,6D2FD58CFCA4E74CC533B757E852D7AC772D036E0E385C30A1057EB9861D01C1,D0A16AF2EDC36B22EBEE15195CBDED051354E08A291B8ED2F66CB25359B5DF59,8BBD1CC9F646E5DB0F15812BCADFEDA1954813E6E4DBDF43E380C1E1E97989A2,false,not_run,false,false,H0_global,D2767E61A3EBF428ED8242CA00EDE441FF2C0666189E062397AA928277E43374,D304295179BAB23E8B7A942217B55BE102D38127A5C38DC577F75ED7C6FE9B67
chapter4_projection_fit_lock_v1,halo,4.12651819442102e-07,fine_H0,pass,4.3,plus_x,b,train,8152,8577,16.1583278668093,0.0223157484516727,0.417395359682873,0.46540726202159,0.440095728658937,57.6888204074238,0.0796721798998873,1.05213444553484,0.334891155619141,orthographic_projected_quad_union_curve_seam_only,512,7FE3D12CF319A3CBD60B540FFDAD005B5C7B51C8B5F3A2D924B7CFECBC26DFA0,6D2FD58CFCA4E74CC533B757E852D7AC772D036E0E385C30A1057EB9861D01C1,D0A16AF2EDC36B22EBEE15195CBDED051354E08A291B8ED2F66CB25359B5DF59,8BBD1CC9F646E5DB0F15812BCADFEDA1954813E6E4DBDF43E380C1E1E97989A2,false,not_run,false,false,H0_global,D2767E61A3EBF428ED8242CA00EDE441FF2C0666189E062397AA928277E43374,D304295179BAB23E8B7A942217B55BE102D38127A5C38DC577F75ED7C6FE9B67
chapter4_projection_fit_lock_v1,halo,4.12651819442102e-07,fine_H0,pass,4.3,plus_x,c,validation,10970,9112,24.9613877539755,0.0344733721653573,0.391242317822651,0.320510483135825,0.352361842874809,77.3281960663075,0.106795491826971,0.830628988149499,0.43138433572026,orthographic_projected_quad_union_curve_seam_only,512,7FE3D12CF319A3CBD60B540FFDAD005B5C7B51C8B5F3A2D924B7CFECBC26DFA0,6D2FD58CFCA4E74CC533B757E852D7AC772D036E0E385C30A1057EB9861D01C1,D0A16AF2EDC36B22EBEE15195CBDED051354E08A291B8ED2F66CB25359B5DF59,8BBD1CC9F646E5DB0F15812BCADFEDA1954813E6E4DBDF43E380C1E1E97989A2,false,not_run,false,false,H0_global,D2767E61A3EBF428ED8242CA00EDE441FF2C0666189E062397AA928277E43374,D304295179BAB23E8B7A942217B55BE102D38127A5C38DC577F75ED7C6FE9B67
chapter4_projection_fit_lock_v1,halo,4.12651819442102e-07,fine_H0,pass,4.4,minus_x,a,train,3932,2959,6.57772667389511,0.00908428737481029,0.899628252788104,0.491607324516785,0.635785693850105,29.7136285179959,0.0410365394897127,0.752543234994913,0.272524782538898,orthographic_projected_quad_union_curve_seam_only,512,7FE3D12CF319A3CBD60B540FFDAD005B5C7B51C8B5F3A2D924B7CFECBC26DFA0,6D2FD58CFCA4E74CC533B757E852D7AC772D036E0E385C30A1057EB9861D01C1,D0A16AF2EDC36B22EBEE15195CBDED051354E08A291B8ED2F66CB25359B5DF59,8BBD1CC9F646E5DB0F15812BCADFEDA1954813E6E4DBDF43E380C1E1E97989A2,false,not_run,false,false,H0_global,D2767E61A3EBF428ED8242CA00EDE441FF2C0666189E062397AA928277E43374,D304295179BAB23E8B7A942217B55BE102D38127A5C38DC577F75ED7C6FE9B67
chapter4_projection_fit_lock_v1,halo,4.12651819442102e-07,fine_H0,pass,4.4,minus_x,b,train,4921,2923,11.697529157001,0.0161550824024272,0.895313034553541,0.337329811014022,0.490029659167453,48.8364617882991,0.0674464712884063,0.593984962406015,0.418227189579485,orthographic_projected_quad_union_curve_seam_only,512,7FE3D12CF319A3CBD60B540FFDAD005B5C7B51C8B5F3A2D924B7CFECBC26DFA0,6D2FD58CFCA4E74CC533B757E852D7AC772D036E0E385C30A1057EB9861D01C1,D0A16AF2EDC36B22EBEE15195CBDED051354E08A291B8ED2F66CB25359B5DF59,8BBD1CC9F646E5DB0F15812BCADFEDA1954813E6E4DBDF43E380C1E1E97989A2,false,not_run,false,false,H0_global,D2767E61A3EBF428ED8242CA00EDE441FF2C0666189E062397AA928277E43374,D304295179BAB23E8B7A942217B55BE102D38127A5C38DC577F75ED7C6FE9B67
chapter4_projection_fit_lock_v1,halo,4.12651819442102e-07,fine_H0,pass,4.4,minus_x,c,validation,7723,3477,23.8417140277932,0.0329270266878183,0.536381938452689,0.261556390003884,0.351641520357438,74.8131004570724,0.103321973935129,0.45021364754629,0.582445019133232,orthographic_projected_quad_union_curve_seam_only,512,7FE3D12CF319A3CBD60B540FFDAD005B5C7B51C8B5F3A2D924B7CFECBC26DFA0,6D2FD58CFCA4E74CC533B757E852D7AC772D036E0E385C30A1057EB9861D01C1,D0A16AF2EDC36B22EBEE15195CBDED051354E08A291B8ED2F66CB25359B5DF59,8BBD1CC9F646E5DB0F15812BCADFEDA1954813E6E4DBDF43E380C1E1E97989A2,false,not_run,false,false,H0_global,D2767E61A3EBF428ED8242CA00EDE441FF2C0666189E062397AA928277E43374,D304295179BAB23E8B7A942217B55BE102D38127A5C38DC577F75ED7C6FE9B67
chapter4_projection_fit_lock_v1,halo,4.90728479699366e-07,fine_H0,pass,4.3,plus_x,a,train,11867,8598,4.72387442210841,0.00652399147919247,0.837287741335194,0.664110558692172,0.740711681469317,24.1867732448956,0.0334035769072013,0.724530209825567,0.225077000123562,orthographic_projected_quad_union_curve_seam_only,512,7FE3D12CF319A3CBD60B540FFDAD005B5C7B51C8B5F3A2D924B7CFECBC26DFA0,6D2FD58CFCA4E74CC533B757E852D7AC772D036E0E385C30A1057EB9861D01C1,D0A16AF2EDC36B22EBEE15195CBDED051354E08A291B8ED2F66CB25359B5DF59,8BBD1CC9F646E5DB0F15812BCADFEDA1954813E6E4DBDF43E380C1E1E97989A2,false,not_run,false,true,H0_global,D2767E61A3EBF428ED8242CA00EDE441FF2C0666189E062397AA928277E43374,D304295179BAB23E8B7A942217B55BE102D38127A5C38DC577F75ED7C6FE9B67
chapter4_projection_fit_lock_v1,halo,4.90728479699366e-07,fine_H0,pass,4.3,plus_x,b,train,8152,8595,15.7980113735648,0.0218181268974802,0.418382780686446,0.478532875368008,0.446440897078493,56.6789032553429,0.0782774157071666,1.05434249263984,0.331396368013623,orthographic_projected_quad_union_curve_seam_only,512,7FE3D12CF319A3CBD60B540FFDAD005B5C7B51C8B5F3A2D924B7CFECBC26DFA0,6D2FD58CFCA4E74CC533B757E852D7AC772D036E0E385C30A1057EB9861D01C1,D0A16AF2EDC36B22EBEE15195CBDED051354E08A291B8ED2F66CB25359B5DF59,8BBD1CC9F646E5DB0F15812BCADFEDA1954813E6E4DBDF43E380C1E1E97989A2,false,not_run,false,true,H0_global,D2767E61A3EBF428ED8242CA00EDE441FF2C0666189E062397AA928277E43374,D304295179BAB23E8B7A942217B55BE102D38127A5C38DC577F75ED7C6FE9B67
chapter4_projection_fit_lock_v1,halo,4.90728479699366e-07,fine_H0,pass,4.3,plus_x,c,validation,10970,9675,21.3432188570859,0.0294764351292852,0.424909560723514,0.372743846855059,0.397120911726249,69.1548926099553,0.0955076045248572,0.881950774840474,0.386197639240199,orthographic_projected_quad_union_curve_seam_only,512,7FE3D12CF319A3CBD60B540FFDAD005B5C7B51C8B5F3A2D924B7CFECBC26DFA0,6D2FD58CFCA4E74CC533B757E852D7AC772D036E0E385C30A1057EB9861D01C1,D0A16AF2EDC36B22EBEE15195CBDED051354E08A291B8ED2F66CB25359B5DF59,8BBD1CC9F646E5DB0F15812BCADFEDA1954813E6E4DBDF43E380C1E1E97989A2,false,not_run,false,true,H0_global,D2767E61A3EBF428ED8242CA00EDE441FF2C0666189E062397AA928277E43374,D304295179BAB23E8B7A942217B55BE102D38127A5C38DC577F75ED7C6FE9B67
chapter4_projection_fit_lock_v1,halo,4.90728479699366e-07,fine_H0,pass,4.4,minus_x,a,train,3932,2953,6.60424344608011,0.00912090883853527,0.899085675584152,0.486266531027467,0.631168406815638,29.7136285179959,0.0410365394897127,0.751017293997965,0.275377490183928,orthographic_projected_quad_union_curve_seam_only,512,7FE3D12CF319A3CBD60B540FFDAD005B5C7B51C8B5F3A2D924B7CFECBC26DFA0,6D2FD58CFCA4E74CC533B757E852D7AC772D036E0E385C30A1057EB9861D01C1,D0A16AF2EDC36B22EBEE15195CBDED051354E08A291B8ED2F66CB25359B5DF59,8BBD1CC9F646E5DB0F15812BCADFEDA1954813E6E4DBDF43E380C1E1E97989A2,false,not_run,false,true,H0_global,D2767E61A3EBF428ED8242CA00EDE441FF2C0666189E062397AA928277E43374,D304295179BAB23E8B7A942217B55BE102D38127A5C38DC577F75ED7C6FE9B67
chapter4_projection_fit_lock_v1,halo,4.90728479699366e-07,fine_H0,pass,4.4,minus_x,b,train,4921,2933,11.3318924661287,0.0156501132938991,0.899079440845551,0.34911603332656,0.502938929884598,48.1040538832228,0.0664349662175584,0.59601706970128,0.410160882878121,orthographic_projected_quad_union_curve_seam_only,512,7FE3D12CF319A3CBD60B540FFDAD005B5C7B51C8B5F3A2D924B7CFECBC26DFA0,6D2FD58CFCA4E74CC533B757E852D7AC772D036E0E385C30A1057EB9861D01C1,D0A16AF2EDC36B22EBEE15195CBDED051354E08A291B8ED2F66CB25359B5DF59,8BBD1CC9F646E5DB0F15812BCADFEDA1954813E6E4DBDF43E380C1E1E97989A2,false,not_run,false,true,H0_global,D2767E61A3EBF428ED8242CA00EDE441FF2C0666189E062397AA928277E43374,D304295179BAB23E8B7A942217B55BE102D38127A5C38DC577F75ED7C6FE9B67
chapter4_projection_fit_lock_v1,halo,4.90728479699366e-07,fine_H0,pass,4.4,minus_x,c,validation,7723,3529,22.4495282115635,0.0310043235016313,0.558231793709266,0.286805645474557,0.378927660468728,73.3259796531687,0.101268159081841,0.45694678233847,0.562654619261226,orthographic_projected_quad_union_curve_seam_only,512,7FE3D12CF319A3CBD60B540FFDAD005B5C7B51C8B5F3A2D924B7CFECBC26DFA0,6D2FD58CFCA4E74CC533B757E852D7AC772D036E0E385C30A1057EB9861D01C1,D0A16AF2EDC36B22EBEE15195CBDED051354E08A291B8ED2F66CB25359B5DF59,8BBD1CC9F646E5DB0F15812BCADFEDA1954813E6E4DBDF43E380C1E1E97989A2,false,not_run,false,true,H0_global,D2767E61A3EBF428ED8242CA00EDE441FF2C0666189E062397AA928277E43374,D304295179BAB23E8B7A942217B55BE102D38127A5C38DC577F75ED7C6FE9B67
chapter4_projection_fit_lock_v1,halo,5.35143201751224e-07,fine_H0,pass,4.3,plus_x,a,train,11867,8618,4.6534781406815,0.00642676943238136,0.839057786029241,0.667902587005983,0.743760587158244,23.8537208837531,0.0329436089715488,0.726215555742816,0.222759477968485,orthographic_projected_quad_union_curve_seam_only,512,7FE3D12CF319A3CBD60B540FFDAD005B5C7B51C8B5F3A2D924B7CFECBC26DFA0,6D2FD58CFCA4E74CC533B757E852D7AC772D036E0E385C30A1057EB9861D01C1,D0A16AF2EDC36B22EBEE15195CBDED051354E08A291B8ED2F66CB25359B5DF59,8BBD1CC9F646E5DB0F15812BCADFEDA1954813E6E4DBDF43E380C1E1E97989A2,false,not_run,false,false,H0_global,D2767E61A3EBF428ED8242CA00EDE441FF2C0666189E062397AA928277E43374,D304295179BAB23E8B7A942217B55BE102D38127A5C38DC577F75ED7C6FE9B67
chapter4_projection_fit_lock_v1,halo,5.35143201751224e-07,fine_H0,pass,4.3,plus_x,b,train,8152,8604,15.5814696753413,0.0215190681021219,0.418874941887494,0.486138370951914,0.450007041869665,56.0802995712398,0.0774507033550717,1.05544651619235,0.329369201877322,orthographic_projected_quad_union_curve_seam_only,512,7FE3D12CF319A3CBD60B540FFDAD005B5C7B51C8B5F3A2D924B7CFECBC26DFA0,6D2FD58CFCA4E74CC533B757E852D7AC772D036E0E385C30A1057EB9861D01C1,D0A16AF2EDC36B22EBEE15195CBDED051354E08A291B8ED2F66CB25359B5DF59,8BBD1CC9F646E5DB0F15812BCADFEDA1954813E6E4DBDF43E380C1E1E97989A2,false,not_run,false,false,H0_global,D2767E61A3EBF428ED8242CA00EDE441FF2C0666189E062397AA928277E43374,D304295179BAB23E8B7A942217B55BE102D38127A5C38DC577F75ED7C6FE9B67
chapter4_projection_fit_lock_v1,halo,5.35143201751224e-07,fine_H0,pass,4.3,plus_x,c,validation,10970,9932,19.9341601624615,0.0275304293518267,0.43918646798228,0.398085688240656,0.417627281818163,66.0817658155389,0.0912634076581035,0.905378304466727,0.366383242017575,orthographic_projected_quad_union_curve_seam_only,512,7FE3D12CF319A3CBD60B540FFDAD005B5C7B51C8B5F3A2D924B7CFECBC26DFA0,6D2FD58CFCA4E74CC533B757E852D7AC772D036E0E385C30A1057EB9861D01C1,D0A16AF2EDC36B22EBEE15195CBDED051354E08A291B8ED2F66CB25359B5DF59,8BBD1CC9F646E5DB0F15812BCADFEDA1954813E6E4DBDF43E380C1E1E97989A2,false,not_run,false,false,H0_global,D2767E61A3EBF428ED8242CA00EDE441FF2C0666189E062397AA928277E43374,D304295179BAB23E8B7A942217B55BE102D38127A5C38DC577F75ED7C6FE9B67
chapter4_projection_fit_lock_v1,halo,5.35143201751224e-07,fine_H0,pass,4.4,minus_x,a,train,3932,2946,6.61852570181548,0.00914063360392809,0.896469789545146,0.484740590030519,0.62923838562834,29.7136285179959,0.0410365394897127,0.749237029501526,0.276955546723307,orthographic_projected_quad_union_curve_seam_only,512,7FE3D12CF319A3CBD60B540FFDAD005B5C7B51C8B5F3A2D924B7CFECBC26DFA0,6D2FD58CFCA4E74CC533B757E852D7AC772D036E0E385C30A1057EB9861D01C1,D0A16AF2EDC36B22EBEE15195CBDED051354E08A291B8ED2F66CB25359B5DF59,8BBD1CC9F646E5DB0F15812BCADFEDA1954813E6E4DBDF43E380C1E1E97989A2,false,not_run,false,false,H0_global,D2767E61A3EBF428ED8242CA00EDE441FF2C0666189E062397AA928277E43374,D304295179BAB23E8B7A942217B55BE102D38127A5C38DC577F75ED7C6FE9B67
chapter4_projection_fit_lock_v1,halo,5.35143201751224e-07,fine_H0,pass,4.4,minus_x,b,train,4921,2946,10.9868313669841,0.0151735604752881,0.902919212491514,0.358260516155253,0.51298049876015,47.3814309619285,0.0654369748740272,0.598658809185125,0.403308415774571,orthographic_projected_quad_union_curve_seam_only,512,7FE3D12CF319A3CBD60B540FFDAD005B5C7B51C8B5F3A2D924B7CFECBC26DFA0,6D2FD58CFCA4E74CC533B757E852D7AC772D036E0E385C30A1057EB9861D01C1,D0A16AF2EDC36B22EBEE15195CBDED051354E08A291B8ED2F66CB25359B5DF59,8BBD1CC9F646E5DB0F15812BCADFEDA1954813E6E4DBDF43E380C1E1E97989A2,false,not_run,false,false,H0_global,D2767E61A3EBF428ED8242CA00EDE441FF2C0666189E062397AA928277E43374,D304295179BAB23E8B7A942217B55BE102D38127A5C38DC577F75ED7C6FE9B67
chapter4_projection_fit_lock_v1,halo,5.35143201751224e-07,fine_H0,pass,4.4,minus_x,c,validation,7723,3550,21.7404287520686,0.0300250089775209,0.573239436619718,0.30195519875696,0.395552305791584,72.4430811050993,0.100048816209888,0.459665932927619,0.551574881659152,orthographic_projected_quad_union_curve_seam_only,512,7FE3D12CF319A3CBD60B540FFDAD005B5C7B51C8B5F3A2D924B7CFECBC26DFA0,6D2FD58CFCA4E74CC533B757E852D7AC772D036E0E385C30A1057EB9861D01C1,D0A16AF2EDC36B22EBEE15195CBDED051354E08A291B8ED2F66CB25359B5DF59,8BBD1CC9F646E5DB0F15812BCADFEDA1954813E6E4DBDF43E380C1E1E97989A2,false,not_run,false,false,H0_global,D2767E61A3EBF428ED8242CA00EDE441FF2C0666189E062397AA928277E43374,D304295179BAB23E8B7A942217B55BE102D38127A5C38DC577F75ED7C6FE9B67
chapter4_projection_fit_lock_v1,vertical,3.78403386864171e-07,H1_vertical;fine_H0,pass,4.5,plus_x,a,train,8180,12858,3.39102142992525,0.00468323095361141,0.696686887540831,0.935819070904645,0.798738739588722,23.259406699226,0.0321228207097627,1.5718826405868,0.226413075112901,orthographic_projected_quad_union_curve_seam_only,512,7FE3D12CF319A3CBD60B540FFDAD005B5C7B51C8B5F3A2D924B7CFECBC26DFA0,6D2FD58CFCA4E74CC533B757E852D7AC772D036E0E385C30A1057EB9861D01C1,D0A16AF2EDC36B22EBEE15195CBDED051354E08A291B8ED2F66CB25359B5DF59,8BBD1CC9F646E5DB0F15812BCADFEDA1954813E6E4DBDF43E380C1E1E97989A2,false,not_run,false,false,H0_global,D2767E61A3EBF428ED8242CA00EDE441FF2C0666189E062397AA928277E43374,D304295179BAB23E8B7A942217B55BE102D38127A5C38DC577F75ED7C6FE9B67
chapter4_projection_fit_lock_v1,vertical,3.78403386864171e-07,H1_vertical;fine_H0,pass,4.5,plus_x,b,train,8069,14853,28.962066561909,0.0399985813732461,0.178415134989564,0.419011029867394,0.250266606497915,89.8109124772708,0.124034971166464,1.84074854380964,0.598417097461161,orthographic_projected_quad_union_curve_seam_only,512,7FE3D12CF319A3CBD60B540FFDAD005B5C7B51C8B5F3A2D924B7CFECBC26DFA0,6D2FD58CFCA4E74CC533B757E852D7AC772D036E0E385C30A1057EB9861D01C1,D0A16AF2EDC36B22EBEE15195CBDED051354E08A291B8ED2F66CB25359B5DF59,8BBD1CC9F646E5DB0F15812BCADFEDA1954813E6E4DBDF43E380C1E1E97989A2,false,not_run,false,false,H0_global,D2767E61A3EBF428ED8242CA00EDE441FF2C0666189E062397AA928277E43374,D304295179BAB23E8B7A942217B55BE102D38127A5C38DC577F75ED7C6FE9B67
chapter4_projection_fit_lock_v1,vertical,3.78403386864171e-07,H1_vertical;fine_H0,pass,4.5,plus_x,c,validation,19628,18738,23.0907601430571,0.0318899083591948,0.428487565375173,0.413694721825963,0.420961226227811,76,0.104961162832378,0.954656613001834,0.359250478628049,orthographic_projected_quad_union_curve_seam_only,512,7FE3D12CF319A3CBD60B540FFDAD005B5C7B51C8B5F3A2D924B7CFECBC26DFA0,6D2FD58CFCA4E74CC533B757E852D7AC772D036E0E385C30A1057EB9861D01C1,D0A16AF2EDC36B22EBEE15195CBDED051354E08A291B8ED2F66CB25359B5DF59,8BBD1CC9F646E5DB0F15812BCADFEDA1954813E6E4DBDF43E380C1E1E97989A2,false,not_run,false,false,H0_global,D2767E61A3EBF428ED8242CA00EDE441FF2C0666189E062397AA928277E43374,D304295179BAB23E8B7A942217B55BE102D38127A5C38DC577F75ED7C6FE9B67
chapter4_projection_fit_lock_v1,vertical,3.78403386864171e-07,H1_vertical;fine_H0,pass,4.6,minus_x,a,train,2977,3938,1.09386818808026,0.00151070627639804,0.922549517521585,0.998320456835741,0.958940550980171,9.00830777072059,0.0124410849837734,1.32280819617064,0.0950899265780794,orthographic_projected_quad_union_curve_seam_only,512,7FE3D12CF319A3CBD60B540FFDAD005B5C7B51C8B5F3A2D924B7CFECBC26DFA0,6D2FD58CFCA4E74CC533B757E852D7AC772D036E0E385C30A1057EB9861D01C1,D0A16AF2EDC36B22EBEE15195CBDED051354E08A291B8ED2F66CB25359B5DF59,8BBD1CC9F646E5DB0F15812BCADFEDA1954813E6E4DBDF43E380C1E1E97989A2,false,not_run,false,false,H0_global,D2767E61A3EBF428ED8242CA00EDE441FF2C0666189E062397AA928277E43374,D304295179BAB23E8B7A942217B55BE102D38127A5C38DC577F75ED7C6FE9B67
chapter4_projection_fit_lock_v1,vertical,3.78403386864171e-07,H1_vertical;fine_H0,pass,4.6,minus_x,b,train,4384,4497,6.18679665556096,0.00854438646283087,0.652212586168557,0.658302919708029,0.655243601193252,26.4678973453722,0.0365539642512931,1.02577554744526,0.196423316464742,orthographic_projected_quad_union_curve_seam_only,512,7FE3D12CF319A3CBD60B540FFDAD005B5C7B51C8B5F3A2D924B7CFECBC26DFA0,6D2FD58CFCA4E74CC533B757E852D7AC772D036E0E385C30A1057EB9861D01C1,D0A16AF2EDC36B22EBEE15195CBDED051354E08A291B8ED2F66CB25359B5DF59,8BBD1CC9F646E5DB0F15812BCADFEDA1954813E6E4DBDF43E380C1E1E97989A2,false,not_run,false,false,H0_global,D2767E61A3EBF428ED8242CA00EDE441FF2C0666189E062397AA928277E43374,D304295179BAB23E8B7A942217B55BE102D38127A5C38DC577F75ED7C6FE9B67
chapter4_projection_fit_lock_v1,vertical,3.78403386864171e-07,H1_vertical;fine_H0,pass,4.6,minus_x,c,validation,8119,6651,15.1808222962146,0.0209657468547681,0.483085250338295,0.477029190787043,0.480038120830534,53.2634959423431,0.0735605061924472,0.819189555363961,0.349196756632119,orthographic_projected_quad_union_curve_seam_only,512,7FE3D12CF319A3CBD60B540FFDAD005B5C7B51C8B5F3A2D924B7CFECBC26DFA0,6D2FD58CFCA4E74CC533B757E852D7AC772D036E0E385C30A1057EB9861D01C1,D0A16AF2EDC36B22EBEE15195CBDED051354E08A291B8ED2F66CB25359B5DF59,8BBD1CC9F646E5DB0F15812BCADFEDA1954813E6E4DBDF43E380C1E1E97989A2,false,not_run,false,false,H0_global,D2767E61A3EBF428ED8242CA00EDE441FF2C0666189E062397AA928277E43374,D304295179BAB23E8B7A942217B55BE102D38127A5C38DC577F75ED7C6FE9B67
chapter4_projection_fit_lock_v1,vertical,4.12651819442102e-07,H1_vertical;fine_H0,pass,4.5,plus_x,a,train,8180,12942,3.31686870661447,0.00458082100537607,0.698346468861072,0.943887530562347,0.802760780986925,23.1948270094864,0.0320336317712045,1.58215158924205,0.225905259959819,orthographic_projected_quad_union_curve_seam_only,512,7FE3D12CF319A3CBD60B540FFDAD005B5C7B51C8B5F3A2D924B7CFECBC26DFA0,6D2FD58CFCA4E74CC533B757E852D7AC772D036E0E385C30A1057EB9861D01C1,D0A16AF2EDC36B22EBEE15195CBDED051354E08A291B8ED2F66CB25359B5DF59,8BBD1CC9F646E5DB0F15812BCADFEDA1954813E6E4DBDF43E380C1E1E97989A2,false,not_run,false,false,H0_global,D2767E61A3EBF428ED8242CA00EDE441FF2C0666189E062397AA928277E43374,D304295179BAB23E8B7A942217B55BE102D38127A5C38DC577F75ED7C6FE9B67
chapter4_projection_fit_lock_v1,vertical,4.12651819442102e-07,H1_vertical;fine_H0,pass,4.5,plus_x,b,train,8069,15303,27.6803105962213,0.0382283893123788,0.203358818532314,0.4908910645681,0.287582409010503,89.6230989348941,0.123775587905891,1.89651753624984,0.585385913969232,orthographic_projected_quad_union_curve_seam_only,512,7FE3D12CF319A3CBD60B540FFDAD005B5C7B51C8B5F3A2D924B7CFECBC26DFA0,6D2FD58CFCA4E74CC533B757E852D7AC772D036E0E385C30A1057EB9861D01C1,D0A16AF2EDC36B22EBEE15195CBDED051354E08A291B8ED2F66CB25359B5DF59,8BBD1CC9F646E5DB0F15812BCADFEDA1954813E6E4DBDF43E380C1E1E97989A2,false,not_run,false,false,H0_global,D2767E61A3EBF428ED8242CA00EDE441FF2C0666189E062397AA928277E43374,D304295179BAB23E8B7A942217B55BE102D38127A5C38DC577F75ED7C6FE9B67
chapter4_projection_fit_lock_v1,vertical,4.12651819442102e-07,H1_vertical;fine_H0,pass,4.5,plus_x,c,validation,19628,18890,22.719569549271,0.0313772689334549,0.434197988353626,0.421031179947014,0.427513228367542,75.1531769122237,0.103791642621769,0.962400652129611,0.353149674583686,orthographic_projected_quad_union_curve_seam_only,512,7FE3D12CF319A3CBD60B540FFDAD005B5C7B51C8B5F3A2D924B7CFECBC26DFA0,6D2FD58CFCA4E74CC533B757E852D7AC772D036E0E385C30A1057EB9861D01C1,D0A16AF2EDC36B22EBEE15195CBDED051354E08A291B8ED2F66CB25359B5DF59,8BBD1CC9F646E5DB0F15812BCADFEDA1954813E6E4DBDF43E380C1E1E97989A2,false,not_run,false,false,H0_global,D2767E61A3EBF428ED8242CA00EDE441FF2C0666189E062397AA928277E43374,D304295179BAB23E8B7A942217B55BE102D38127A5C38DC577F75ED7C6FE9B67
chapter4_projection_fit_lock_v1,vertical,4.12651819442102e-07,H1_vertical;fine_H0,pass,4.6,minus_x,a,train,2977,4005,1.06676888039781,0.00147328029157827,0.924344569288389,0.998320456835741,0.959909375941438,9,0.0124296113880448,1.34531407457172,0.0987828697895414,orthographic_projected_quad_union_curve_seam_only,512,7FE3D12CF319A3CBD60B540FFDAD005B5C7B51C8B5F3A2D924B7CFECBC26DFA0,6D2FD58CFCA4E74CC533B757E852D7AC772D036E0E385C30A1057EB9861D01C1,D0A16AF2EDC36B22EBEE15195CBDED051354E08A291B8ED2F66CB25359B5DF59,8BBD1CC9F646E5DB0F15812BCADFEDA1954813E6E4DBDF43E380C1E1E97989A2,false,not_run,false,false,H0_global,D2767E61A3EBF428ED8242CA00EDE441FF2C0666189E062397AA928277E43374,D304295179BAB23E8B7A942217B55BE102D38127A5C38DC577F75ED7C6FE9B67
chapter4_projection_fit_lock_v1,vertical,4.12651819442102e-07,H1_vertical;fine_H0,pass,4.6,minus_x,b,train,4384,4659,5.73094788106026,0.00791482833852419,0.667954496673106,0.687956204379562,0.677807822997101,25,0.0345266983001244,1.06272810218978,0.192852412212241,orthographic_projected_quad_union_curve_seam_only,512,7FE3D12CF319A3CBD60B540FFDAD005B5C7B51C8B5F3A2D924B7CFECBC26DFA0,6D2FD58CFCA4E74CC533B757E852D7AC772D036E0E385C30A1057EB9861D01C1,D0A16AF2EDC36B22EBEE15195CBDED051354E08A291B8ED2F66CB25359B5DF59,8BBD1CC9F646E5DB0F15812BCADFEDA1954813E6E4DBDF43E380C1E1E97989A2,false,not_run,false,false,H0_global,D2767E61A3EBF428ED8242CA00EDE441FF2C0666189E062397AA928277E43374,D304295179BAB23E8B7A942217B55BE102D38127A5C38DC577F75ED7C6FE9B67
chapter4_projection_fit_lock_v1,vertical,4.12651819442102e-07,H1_vertical;fine_H0,pass,4.6,minus_x,c,validation,8119,6980,13.7297977846694,0.0189617834333199,0.505157593123209,0.524079320113314,0.514444525938316,52.8015151297763,0.0729224793070096,0.859711787165907,0.317759659567421,orthographic_projected_quad_union_curve_seam_only,512,7FE3D12CF319A3CBD60B540FFDAD005B5C7B51C8B5F3A2D924B7CFECBC26DFA0,6D2FD58CFCA4E74CC533B757E852D7AC772D036E0E385C30A1057EB9861D01C1,D0A16AF2EDC36B22EBEE15195CBDED051354E08A291B8ED2F66CB25359B5DF59,8BBD1CC9F646E5DB0F15812BCADFEDA1954813E6E4DBDF43E380C1E1E97989A2,false,not_run,false,false,H0_global,D2767E61A3EBF428ED8242CA00EDE441FF2C0666189E062397AA928277E43374,D304295179BAB23E8B7A942217B55BE102D38127A5C38DC577F75ED7C6FE9B67
chapter4_projection_fit_lock_v1,vertical,4.90728479699366e-07,H1_vertical;fine_H0,pass,4.5,plus_x,a,train,8180,13130,3.17381126600756,0.00438324896171916,0.702208682406702,0.95721271393643,0.810117406124195,23.0867927612304,0.0318844291353799,1.60513447432763,0.225597537608479,orthographic_projected_quad_union_curve_seam_only,512,7FE3D12CF319A3CBD60B540FFDAD005B5C7B51C8B5F3A2D924B7CFECBC26DFA0,6D2FD58CFCA4E74CC533B757E852D7AC772D036E0E385C30A1057EB9861D01C1,D0A16AF2EDC36B22EBEE15195CBDED051354E08A291B8ED2F66CB25359B5DF59,8BBD1CC9F646E5DB0F15812BCADFEDA1954813E6E4DBDF43E380C1E1E97989A2,false,not_run,false,true,H0_global,D2767E61A3EBF428ED8242CA00EDE441FF2C0666189E062397AA928277E43374,D304295179BAB23E8B7A942217B55BE102D38127A5C38DC577F75ED7C6FE9B67
chapter4_projection_fit_lock_v1,vertical,4.90728479699366e-07,H1_vertical;fine_H0,pass,4.5,plus_x,b,train,8069,16022,27.1714864947357,0.0375256686627857,0.233990762701286,0.479365472797125,0.314477078942451,89.095454429505,0.123046875,1.98562399305986,0.582532152673199,orthographic_projected_quad_union_curve_seam_only,512,7FE3D12CF319A3CBD60B540FFDAD005B5C7B51C8B5F3A2D924B7CFECBC26DFA0,6D2FD58CFCA4E74CC533B757E852D7AC772D036E0E385C30A1057EB9861D01C1,D0A16AF2EDC36B22EBEE15195CBDED051354E08A291B8ED2F66CB25359B5DF59,8BBD1CC9F646E5DB0F15812BCADFEDA1954813E6E4DBDF43E380C1E1E97989A2,false,not_run,false,true,H0_global,D2767E61A3EBF428ED8242CA00EDE441FF2C0666189E062397AA928277E43374,D304295179BAB23E8B7A942217B55BE102D38127A5C38DC577F75ED7C6FE9B67
chapter4_projection_fit_lock_v1,vertical,4.90728479699366e-07,H1_vertical;fine_H0,pass,4.5,plus_x,c,validation,19628,19065,22.1469636553598,0.0305864612956972,0.438762129556779,0.424138985123293,0.431326651860321,73.9797269527267,0.102171028512895,0.971316486651722,0.347741623723293,orthographic_projected_quad_union_curve_seam_only,512,7FE3D12CF319A3CBD60B540FFDAD005B5C7B51C8B5F3A2D924B7CFECBC26DFA0,6D2FD58CFCA4E74CC533B757E852D7AC772D036E0E385C30A1057EB9861D01C1,D0A16AF2EDC36B22EBEE15195CBDED051354E08A291B8ED2F66CB25359B5DF59,8BBD1CC9F646E5DB0F15812BCADFEDA1954813E6E4DBDF43E380C1E1E97989A2,false,not_run,false,true,H0_global,D2767E61A3EBF428ED8242CA00EDE441FF2C0666189E062397AA928277E43374,D304295179BAB23E8B7A942217B55BE102D38127A5C38DC577F75ED7C6FE9B67
chapter4_projection_fit_lock_v1,vertical,4.90728479699366e-07,H1_vertical;fine_H0,pass,4.6,minus_x,a,train,2977,4170,1.04456648910481,0.00144261728094968,0.928297362110312,0.998320456835741,0.962036411693054,8.94427190999916,0.0123526471100327,1.40073899899227,0.107762561656198,orthographic_projected_quad_union_curve_seam_only,512,7FE3D12CF319A3CBD60B540FFDAD005B5C7B51C8B5F3A2D924B7CFECBC26DFA0,6D2FD58CFCA4E74CC533B757E852D7AC772D036E0E385C30A1057EB9861D01C1,D0A16AF2EDC36B22EBEE15195CBDED051354E08A291B8ED2F66CB25359B5DF59,8BBD1CC9F646E5DB0F15812BCADFEDA1954813E6E4DBDF43E380C1E1E97989A2,false,not_run,false,true,H0_global,D2767E61A3EBF428ED8242CA00EDE441FF2C0666189E062397AA928277E43374,D304295179BAB23E8B7A942217B55BE102D38127A5C38DC577F75ED7C6FE9B67
chapter4_projection_fit_lock_v1,vertical,4.90728479699366e-07,H1_vertical;fine_H0,pass,4.6,minus_x,b,train,4384,5007,4.96918891868497,0.0068627874636703,0.698022768124625,0.738138686131387,0.717520453464918,23.0217288664427,0.0317945714767572,1.14210766423358,0.189270049525924,orthographic_projected_quad_union_curve_seam_only,512,7FE3D12CF319A3CBD60B540FFDAD005B5C7B51C8B5F3A2D924B7CFECBC26DFA0,6D2FD58CFCA4E74CC533B757E852D7AC772D036E0E385C30A1057EB9861D01C1,D0A16AF2EDC36B22EBEE15195CBDED051354E08A291B8ED2F66CB25359B5DF59,8BBD1CC9F646E5DB0F15812BCADFEDA1954813E6E4DBDF43E380C1E1E97989A2,false,not_run,false,true,H0_global,D2767E61A3EBF428ED8242CA00EDE441FF2C0666189E062397AA928277E43374,D304295179BAB23E8B7A942217B55BE102D38127A5C38DC577F75ED7C6FE9B67
chapter4_projection_fit_lock_v1,vertical,4.90728479699366e-07,H1_vertical;fine_H0,pass,4.6,minus_x,c,validation,8119,7721,11.5777370023601,0.015989641299147,0.548374562880456,0.569158763394507,0.558573387921051,51.7397332811061,0.0714560864450262,0.950979184628649,0.267132745088286,orthographic_projected_quad_union_curve_seam_only,512,7FE3D12CF319A3CBD60B540FFDAD005B5C7B51C8B5F3A2D924B7CFECBC26DFA0,6D2FD58CFCA4E74CC533B757E852D7AC772D036E0E385C30A1057EB9861D01C1,D0A16AF2EDC36B22EBEE15195CBDED051354E08A291B8ED2F66CB25359B5DF59,8BBD1CC9F646E5DB0F15812BCADFEDA1954813E6E4DBDF43E380C1E1E97989A2,false,not_run,false,true,H0_global,D2767E61A3EBF428ED8242CA00EDE441FF2C0666189E062397AA928277E43374,D304295179BAB23E8B7A942217B55BE102D38127A5C38DC577F75ED7C6FE9B67
chapter4_projection_fit_lock_v1,vertical,5.35143201751224e-07,H1_vertical;fine_H0,fail,4.5,plus_x,a,train,8180,13228,3.12150250148316,0.0043110070044717,0.70418808587844,0.960635696821516,0.812660438420901,23.0217288664427,0.0317945714767572,1.61711491442543,0.226090341789433,orthographic_projected_quad_union_curve_seam_only,512,7FE3D12CF319A3CBD60B540FFDAD005B5C7B51C8B5F3A2D924B7CFECBC26DFA0,6D2FD58CFCA4E74CC533B757E852D7AC772D036E0E385C30A1057EB9861D01C1,D0A16AF2EDC36B22EBEE15195CBDED051354E08A291B8ED2F66CB25359B5DF59,8BBD1CC9F646E5DB0F15812BCADFEDA1954813E6E4DBDF43E380C1E1E97989A2,false,not_run,false,false,H0_global,D2767E61A3EBF428ED8242CA00EDE441FF2C0666189E062397AA928277E43374,D304295179BAB23E8B7A942217B55BE102D38127A5C38DC577F75ED7C6FE9B67
chapter4_projection_fit_lock_v1,vertical,5.35143201751224e-07,H1_vertical;fine_H0,fail,4.5,plus_x,b,train,8069,16570,26.1231516761764,0.0360778470628693,0.233554616777308,0.490643202379477,0.316465976767382,88.6543787202177,0.122437719482317,2.0535382327426,0.588345356692783,orthographic_projected_quad_union_curve_seam_only,512,7FE3D12CF319A3CBD60B540FFDAD005B5C7B51C8B5F3A2D924B7CFECBC26DFA0,6D2FD58CFCA4E74CC533B757E852D7AC772D036E0E385C30A1057EB9861D01C1,D0A16AF2EDC36B22EBEE15195CBDED051354E08A291B8ED2F66CB25359B5DF59,8BBD1CC9F646E5DB0F15812BCADFEDA1954813E6E4DBDF43E380C1E1E97989A2,false,not_run,false,false,H0_global,D2767E61A3EBF428ED8242CA00EDE441FF2C0666189E062397AA928277E43374,D304295179BAB23E8B7A942217B55BE102D38127A5C38DC577F75ED7C6FE9B67
chapter4_projection_fit_lock_v1,vertical,5.35143201751224e-07,H1_vertical;fine_H0,fail,4.5,plus_x,c,validation,19628,19086,21.9031805370283,0.0302497802486053,0.436917112019281,0.421999184837987,0.429328598813496,72.9931503635786,0.100808499223156,0.972386386794375,0.347788114705795,orthographic_projected_quad_union_curve_seam_only,512,7FE3D12CF319A3CBD60B540FFDAD005B5C7B51C8B5F3A2D924B7CFECBC26DFA0,6D2FD58CFCA4E74CC533B757E852D7AC772D036E0E385C30A1057EB9861D01C1,D0A16AF2EDC36B22EBEE15195CBDED051354E08A291B8ED2F66CB25359B5DF59,8BBD1CC9F646E5DB0F15812BCADFEDA1954813E6E4DBDF43E380C1E1E97989A2,false,not_run,false,false,H0_global,D2767E61A3EBF428ED8242CA00EDE441FF2C0666189E062397AA928277E43374,D304295179BAB23E8B7A942217B55BE102D38127A5C38DC577F75ED7C6FE9B67
chapter4_projection_fit_lock_v1,vertical,5.35143201751224e-07,H1_vertical;fine_H0,fail,4.6,minus_x,a,train,2977,4257,1.04422171707747,0.00144214112735887,0.929762743716232,0.998320456835741,0.96282273170568,8.94427190999916,0.0123526471100327,1.42996305005039,0.112531088255121,orthographic_projected_quad_union_curve_seam_only,512,7FE3D12CF319A3CBD60B540FFDAD005B5C7B51C8B5F3A2D924B7CFECBC26DFA0,6D2FD58CFCA4E74CC533B757E852D7AC772D036E0E385C30A1057EB9861D01C1,D0A16AF2EDC36B22EBEE15195CBDED051354E08A291B8ED2F66CB25359B5DF59,8BBD1CC9F646E5DB0F15812BCADFEDA1954813E6E4DBDF43E380C1E1E97989A2,false,not_run,false,false,H0_global,D2767E61A3EBF428ED8242CA00EDE441FF2C0666189E062397AA928277E43374,D304295179BAB23E8B7A942217B55BE102D38127A5C38DC577F75ED7C6FE9B67
chapter4_projection_fit_lock_v1,vertical,5.35143201751224e-07,H1_vertical;fine_H0,fail,4.6,minus_x,b,train,4384,5215,4.59690985499646,0.00634864478705325,0.711217641418984,0.760264598540146,0.734923711540129,21.9317121994613,0.0302891844126383,1.18955291970803,0.189853469821904,orthographic_projected_quad_union_curve_seam_only,512,7FE3D12CF319A3CBD60B540FFDAD005B5C7B51C8B5F3A2D924B7CFECBC26DFA0,6D2FD58CFCA4E74CC533B757E852D7AC772D036E0E385C30A1057EB9861D01C1,D0A16AF2EDC36B22EBEE15195CBDED051354E08A291B8ED2F66CB25359B5DF59,8BBD1CC9F646E5DB0F15812BCADFEDA1954813E6E4DBDF43E380C1E1E97989A2,false,not_run,false,false,H0_global,D2767E61A3EBF428ED8242CA00EDE441FF2C0666189E062397AA928277E43374,D304295179BAB23E8B7A942217B55BE102D38127A5C38DC577F75ED7C6FE9B67
chapter4_projection_fit_lock_v1,vertical,5.35143201751224e-07,H1_vertical;fine_H0,fail,4.6,minus_x,c,validation,8119,8143,10.9457379916935,0.0151168077324565,0.551516640058946,0.593669171080182,0.571817120603399,51.0881590977792,0.0705562182351111,1.00295602906762,0.247585219140706,orthographic_projected_quad_union_curve_seam_only,512,7FE3D12CF319A3CBD60B540FFDAD005B5C7B51C8B5F3A2D924B7CFECBC26DFA0,6D2FD58CFCA4E74CC533B757E852D7AC772D036E0E385C30A1057EB9861D01C1,D0A16AF2EDC36B22EBEE15195CBDED051354E08A291B8ED2F66CB25359B5DF59,8BBD1CC9F646E5DB0F15812BCADFEDA1954813E6E4DBDF43E380C1E1E97989A2,false,not_run,false,false,H0_global,D2767E61A3EBF428ED8242CA00EDE441FF2C0666189E062397AA928277E43374,D304295179BAB23E8B7A942217B55BE102D38127A5C38DC577F75ED7C6FE9B67
