target_jacobi,best_evidence_source,audit_status,phase_index,phase_rad,x,y,z,xdot,ydot,zdot,point_jacobi,mapping_time_days,rotation_angle_rad,curve_samples,max_map_residual,curve_jacobi_span
2.9225,cold_start_checkpoint_member_0,paper_reported_precision,0,0.0,0.7958592342252544,-2.9064180333959755e-05,-2.757136040227975e-08,-3.693863997670303e-05,0.531610436228823,-0.0015733071624247975,2.9224969610737324,14.749327602275182,1.4312317226704832,21,7.068741303454738e-13,1.8207657603852567e-14
2.9225,cold_start_checkpoint_member_0,paper_reported_precision,1,0.2991993003418851,0.7958598249314994,-2.651208964934366e-05,0.00029471166225964406,-3.551849494142834e-05,0.5316099150892256,-0.001503399222880752,2.9224969610737244,14.749327602275182,1.4312317226704832,21,7.068741303454738e-13,1.8207657603852567e-14
2.9225,cold_start_checkpoint_member_0,paper_reported_precision,2,0.5983986006837702,0.7958613928304107,-2.484601221188988e-05,0.0005632758667039326,-3.4591407532922876e-05,0.5316085309250428,-0.0012999012291556096,2.9224969610737253,14.749327602275182,1.4312317226704832,21,7.068741303454738e-13,1.8207657603852567e-14
2.9225,cold_start_checkpoint_member_0,paper_reported_precision,3,0.8975979010256552,0.7958633931071797,-2.4645076087794873e-05,0.0007818047540185566,-3.447972136603795e-05,0.5316067646759367,-0.0009809035972248503,2.922496961073718,14.749327602275182,1.4312317226704832,21,7.068741303454738e-13,1.8207657603852567e-14
2.9225,cold_start_checkpoint_member_0,paper_reported_precision,4,1.1967972013675403,0.7958651306308548,-2.5979687386744353e-05,0.000930873189214071,-3.5222963592311265e-05,0.5316052301393436,-0.0005747576653097874,2.9224969610737324,14.749327602275182,1.4312317226704832,21,7.068741303454738e-13,1.8207657603852567e-14
2.9225,cold_start_checkpoint_member_0,paper_reported_precision,5,1.4959965017094254,0.7958660015149622,-2.8386329891792346e-05,0.000997223135557543,-3.656320113064028e-05,0.5316044606796986,-0.0001175512849375094,2.922496961073733,14.749327602275182,1.4312317226704832,21,7.068741303454738e-13,1.8207657603852567e-14
2.9225,cold_start_checkpoint_member_0,paper_reported_precision,6,1.7951958020513104,0.7958657030552421,-3.102827897006944e-05,0.0009749512167657749,-3.8034222883055737e-05,0.531604723772582,0.0003500977422448289,2.9224969610737337,14.749327602275182,1.4312317226704832,21,7.068741303454738e-13,1.8207657603852567e-14
2.9225,cold_start_checkpoint_member_0,paper_reported_precision,7,2.0943951023931957,0.7958643389928267,-3.298684010248663e-05,0.0008660392013136723,-3.912412480322522e-05,0.5316059279607784,0.0007866454710903168,2.922496961073728,14.749327602275182,1.4312317226704832,21,7.068741303454738e-13,1.8207657603852567e-14
2.9225,cold_start_checkpoint_member_0,paper_reported_precision,8,2.3935944027350806,0.7958623834369256,-3.3581327239421706e-05,0.0006801757969309794,-3.94540891778066e-05,0.5316076546713285,0.0011533066094992876,2.922496961073722,14.749327602275182,1.4312317226704832,21,7.068741303454738e-13,1.8207657603852567e-14
2.9225,cold_start_checkpoint_member_0,paper_reported_precision,9,2.6927937030769655,0.795860516016201,-3.260566637484417e-05,0.00043388718376709897,-3.891009458596293e-05,0.5316093037939842,0.0014174978319565735,2.9224969610737332,14.749327602275182,1.4312317226704832,21,7.068741303454738e-13,1.8207657603852567e-14
2.9225,cold_start_checkpoint_member_0,paper_reported_precision,10,2.991993003418851,0.7958593856556574,-3.039934859100367e-05,0.00014906000562862548,-3.7681720372714924e-05,0.5316103022832617,0.0015557358648752037,2.9224969610737315,14.749327602275182,1.4312317226704832,21,7.068741303454738e-13,1.8207657603852567e-14
2.9225,cold_start_checkpoint_member_0,paper_reported_precision,11,3.291192303760736,0.7958593851187503,-2.7728906600309954e-05,-0.00014900547734413957,-3.6195591216665775e-05,0.5316103032261531,0.0015557306484637544,2.922496961073735,14.749327602275182,1.4312317226704832,21,7.068741303454738e-13,1.8207657603852567e-14
2.9225,cold_start_checkpoint_member_0,paper_reported_precision,12,3.5903916041026207,0.7958605145919279,-2.5521796195547587e-05,-0.0004338374905902012,-3.496744849382552e-05,0.531609306295259,0.0014174826402085382,2.9224969610737235,14.749327602275182,1.4312317226704832,21,7.068741303454738e-13,1.8207657603852567e-14
2.9225,cold_start_checkpoint_member_0,paper_reported_precision,13,3.889590904444506,0.7958623816201571,-2.4544825947969948e-05,-0.0006801353518579924,-3.442383699807466e-05,0.5316076578620589,0.0011532827787516227,2.922496961073719,14.749327602275182,1.4312317226704832,21,7.068741303454738e-13,1.8207657603852567e-14
2.9225,cold_start_checkpoint_member_0,paper_reported_precision,14,4.188790204786391,0.7958643374149325,-2.5137940083127134e-05,-0.0008660116049637429,-3.475420060702643e-05,0.5316059307321577,0.0007866151079787521,2.922496961073731,14.749327602275182,1.4312317226704832,21,7.068741303454738e-13,1.8207657603852567e-14
2.9225,cold_start_checkpoint_member_0,paper_reported_precision,15,4.487989505128276,0.7958657022646629,-2.709554398751036e-05,-0.000974938932262152,-3.584438189575291e-05,0.5316047251611976,0.00035006354466086774,2.9224969610737332,14.749327602275182,1.4312317226704832,21,7.068741303454738e-13,1.8207657603852567e-14
2.9225,cold_start_checkpoint_member_0,paper_reported_precision,16,4.787188805470161,0.7958660017865398,-2.9737282748120995e-05,-0.0009972272613302895,-3.7315464094206795e-05,0.5316044602026821,-0.00011758626754680209,2.9224969610737364,14.749327602275182,1.4312317226704832,21,7.068741303454738e-13,1.8207657603852567e-14
2.9225,cold_start_checkpoint_member_0,paper_reported_precision,17,5.086388105812047,0.795865131870165,-3.2144536496329264e-05,-0.0009308933562080635,-3.8655524258578974e-05,0.5316052279625927,-0.0005747903110797077,2.922496961073728,14.749327602275182,1.4312317226704832,21,7.068741303454738e-13,1.8207657603852567e-14
2.9225,cold_start_checkpoint_member_0,paper_reported_precision,18,5.385587406153931,0.7958633948834497,-3.34803670997589e-05,-0.000781839160339076,-3.9398411448478015e-05,0.5316067615562403,-0.0009809309994195648,2.9224969610737266,14.749327602275182,1.4312317226704832,21,7.068741303454738e-13,1.8207657603852567e-14
2.9225,cold_start_checkpoint_member_0,paper_reported_precision,19,5.684786706495816,0.7958613945262589,-3.3280834297968947e-05,-0.0005633214452293395,-3.928631559865012e-05,0.5316085279467659,-0.0012999209589806967,2.922496961073726,14.749327602275182,1.4312317226704832,21,7.068741303454738e-13,1.8207657603852567e-14
2.9225,cold_start_checkpoint_member_0,paper_reported_precision,20,5.983986006837702,0.7958598259576782,-3.16158571547847e-05,-0.0002947643606746291,-3.835890719349223e-05,0.5316099132871109,-0.0015034095407696574,2.922496961073734,14.749327602275182,1.4312317226704832,21,7.068741303454738e-13,1.8207657603852567e-14
2.9221,projection_row_4,strict_fixed_time,0,0.0,0.7987068768431053,-0.0694354590742735,-0.000872078801597896,-0.08335025220013526,0.5085622814286629,-0.05787343361592921,2.922099999986913,14.749327602275182,1.4548474691039088,57,4.57610745983986e-10,8.813838547894193e-12
2.9221,projection_row_4,strict_fixed_time,1,0.11023132117858923,0.7983988427429197,-0.0690583188961711,0.0028159107590159218,-0.08321397372133633,0.5089511724207846,-0.05765880591256587,2.922099999986319,14.749327602275182,1.4548474691039088,57,4.57610745983986e-10,8.813838547894193e-12
2.9221,projection_row_4,strict_fixed_time,2,0.22046264235717847,0.7982838773909955,-0.06879168652700691,0.006433457216624792,-0.08332149462184965,0.509112586460388,-0.05666072901725635,2.922099999986379,14.749327602275182,1.4548474691039088,57,4.57610745983986e-10,8.813838547894193e-12
2.9221,projection_row_4,strict_fixed_time,3,0.3306939635357677,0.7983468370262016,-0.06854092747396677,0.009953016156202676,-0.08357089861345728,0.509108018832864,-0.05486814941649341,2.922099999986967,14.749327602275182,1.4548474691039088,57,4.57610745983986e-10,8.813838547894193e-12
2.9221,projection_row_4,strict_fixed_time,4,0.44092528471435694,0.7985726326349426,-0.06819800478006648,0.013349556679764653,-0.08385158639466284,0.5090004939210889,-0.05229598192761592,2.9220999999877972,14.749327602275182,1.4548474691039088,57,4.57610745983986e-10,8.813838547894193e-12
2.9221,projection_row_4,strict_fixed_time,5,0.5511566058929461,0.7989496913999233,-0.06768263073846582,0.016603498515745475,-0.08407269596949407,0.5088344938568264,-0.048983107810594534,2.9220999999885264,14.749327602275182,1.4548474691039088,57,4.57610745983986e-10,8.813838547894193e-12
2.9221,projection_row_4,strict_fixed_time,6,0.6613879270715354,0.799469659428996,-0.0669734309755481,0.01970119773499867,-0.08418397552310085,0.5086237237462786,-0.04498832494473587,2.9220999999889803,14.749327602275182,1.4548474691039088,57,4.57610745983986e-10,8.813838547894193e-12
2.9221,projection_row_4,strict_fixed_time,7,0.7716192482501246,0.8001238775511371,-0.06611862043602293,0.022631538954276897,-0.08418478595222895,0.5083509435490104,-0.04038577845831129,2.922099999989143,14.749327602275182,1.4548474691039088,57,4.57610745983986e-10,8.813838547894193e-12
2.9221,projection_row_4,strict_fixed_time,8,0.8818505694287139,0.8008983157397493,-0.06522429861968304,0.025379664721888805,-0.08412046072060678,0.5079792482733382,-0.0352605801920223,2.9220999999891,14.749327602275182,1.4548474691039088,57,4.57610745983986e-10,8.813838547894193e-12
2.9221,projection_row_4,strict_fixed_time,9,0.9920818906073031,0.8017691323728299,-0.06442638123467088,0.02792070085846721,-0.08406783352885533,0.5074696831906661,-0.029704686865850927,2.922099999988922,14.749327602275182,1.4548474691039088,57,4.57610745983986e-10,8.813838547894193e-12
2.9221,projection_row_4,strict_fixed_time,10,1.1023132117858923,0.8027007086442569,-0.06385613278677824,0.030216458126579495,-0.08411343072510764,0.5067984440733423,-0.023813126573963273,2.9220999999887427,14.749327602275182,1.4548474691039088,57,4.57610745983986e-10,8.813838547894193e-12
2.9221,projection_row_4,strict_fixed_time,11,1.2125445329644815,0.8036471009728232,-0.06360946552525118,0.032216674432185774,-0.08432950430120474,0.5059682687779758,-0.017680913990921233,2.9220999999886144,14.749327602275182,1.4548474691039088,57,4.57610745983986e-10,8.813838547894193e-12
2.9221,projection_row_4,strict_fixed_time,12,1.3227758541430708,0.8045566730040143,-0.06372816520122818,0.03386436099157453,-0.08475454081229604,0.5050114467697648,-0.011400833571586427,2.922099999988499,14.749327602275182,1.4548474691039088,57,4.57610745983986e-10,8.813838547894193e-12
2.9221,projection_row_4,strict_fixed_time,13,1.43300717532166,0.8053785032097327,-0.06419758543379404,0.03510324508674362,-0.08538439645155319,0.5039847012679607,-0.0050617281325913395,2.9220999999882586,14.749327602275182,1.4548474691039088,57,4.57610745983986e-10,8.813838547894193e-12
2.9221,projection_row_4,strict_fixed_time,14,1.5432384965002492,0.8060683905627283,-0.06495999783197459,0.03588478489981366,-0.08617635895865196,0.5029584528497916,0.001253292650470233,2.922099999987869,14.749327602275182,1.4548474691039088,57,4.57610745983986e-10,8.813838547894193e-12
2.9221,projection_row_4,strict_fixed_time,15,1.6534698176788385,0.806592341174568,-0.06593669351008344,0.036172861498617856,-0.08706238748025766,0.5020045897296973,0.007468767904887231,2.9220999999874255,14.749327602275182,1.4548474691039088,57,4.57610745983986e-10,8.813838547894193e-12
2.9221,projection_row_4,strict_fixed_time,16,1.7637011388574277,0.8069265563323431,-0.06704816349513884,0.03594563802047954,-0.08796350298823749,0.5011873413852638,0.013518186784654742,2.922099999987209,14.749327602275182,1.4548474691039088,57,4.57610745983986e-10,8.813838547894193e-12
2.9221,projection_row_4,strict_fixed_time,17,1.873932460036017,0.8070548159697355,-0.06822330091027232,0.03519546824230406,-0.08879837280535353,0.5005602479179887,0.01934389817858,2.922099999987565,14.749327602275182,1.4548474691039088,57,4.57610745983986e-10,8.813838547894193e-12
2.9221,projection_row_4,strict_fixed_time,18,1.9841637812146062,0.8069657348241372,-0.06939564602276907,0.03392837750136355,-0.08948516297478672,0.5001685050314387,0.024895813492925963,2.922099999988774,14.749327602275182,1.4548474691039088,57,4.57610745983986e-10,8.813838547894193e-12
2.9221,projection_row_4,strict_fixed_time,19,2.0943951023931953,0.8066525748616346,-0.0704933295951431,0.0321641961483874,-0.08994225039491492,0.5000520421715722,0.030130111770101657,2.922099999990741,14.749327602275182,1.4548474691039088,57,4.57610745983986e-10,8.813838547894193e-12
2.9221,projection_row_4,strict_fixed_time,20,2.2046264235717845,0.8061167911503231,-0.07143365718227788,0.029937253259170547,-0.09009512789057644,0.5002436117412761,0.035009014905693074,2.922099999992909,14.749327602275182,1.4548474691039088,57,4.57610745983986e-10,8.813838547894193e-12
2.9221,projection_row_4,strict_fixed_time,21,2.3148577447503738,0.8053739932778183,-0.07213003003210518,0.027296505870616116,-0.08989207152305748,0.5007594894489802,0.03950127928488215,2.9220999999945154,14.749327602275182,1.4548474691039088,57,4.57610745983986e-10,8.813838547894193e-12
2.9221,projection_row_4,strict_fixed_time,22,2.425089065928963,0.8044590393716158,-0.07251070230354487,0.02430378845718923,-0.08932352754358612,0.5015861665871331,0.04358166194867753,2.92209999999508,14.749327602275182,1.4548474691039088,57,4.57610745983986e-10,8.813838547894193e-12
2.9221,projection_row_4,strict_fixed_time,23,2.5353203871075523,0.8034268835623096,-0.07254146197739968,0.02102955079648014,-0.08843562124061996,0.5026705139802982,0.04722772945728162,2.9220999999946367,14.749327602275182,1.4548474691039088,57,4.57610745983986e-10,8.813838547894193e-12
2.9221,projection_row_4,strict_fixed_time,24,2.6455517082861415,0.8023476521032838,-0.07224180057485892,0.017546562018603693,-0.08732978535603834,0.503920311904884,0.05041411668242673,2.922099999993531,14.749327602275182,1.4548474691039088,57,4.57610745983986e-10,8.813838547894193e-12
2.9221,projection_row_4,strict_fixed_time,25,2.7557830294647307,0.8012970522262128,-0.0716868522035703,0.013923068869324373,-0.08614660668432542,0.5052171550665595,0.053106391071382236,2.922099999992081,14.749327602275182,1.4548474691039088,57,4.57610745983986e-10,8.813838547894193e-12
2.9221,projection_row_4,strict_fixed_time,26,2.86601435064332,0.8003451347492,-0.07099278915399528,0.01021740414391769,-0.08503833184116241,0.5064379420500911,0.05525751497873512,2.9220999999904542,14.749327602275182,1.4548474691039088,57,4.57610745983986e-10,8.813838547894193e-12
2.9221,projection_row_4,strict_fixed_time,27,2.9762456718219092,0.7995468062645721,-0.07028869697643346,0.006475779158352303,-0.08413785173612945,0.5074779706342918,0.05680903143256888,2.9220999999888324,14.749327602275182,1.4548474691039088,57,4.57610745983986e-10,8.813838547894193e-12
2.9221,projection_row_4,strict_fixed_time,28,3.0864769930004985,0.7989365114784214,-0.06968216629439326,0.002733858211115146,-0.08353213480025776,0.5082690322853417,0.05769719038862795,2.9220999999874366,14.749327602275182,1.4548474691039088,57,4.57610745983986e-10,8.813838547894193e-12
2.9221,projection_row_4,strict_fixed_time,29,3.1967083141790877,0.7985279389788983,-0.06922877111613057,-0.0009789854689361086,-0.08324642460618518,0.5087883434337201,0.057862361223292254,2.9220999999865387,14.749327602275182,1.4548474691039088,57,4.57610745983986e-10,8.813838547894193e-12
2.9221,projection_row_4,strict_fixed_time,30,3.306939635357677,0.7983181100085145,-0.0689163045997766,-0.004635231017264314,-0.08324307075746466,0.5090567663872947,0.05725899959744041,2.922099999986266,14.749327602275182,1.4548474691039088,57,4.57610745983986e-10,8.813838547894193e-12
2.9221,projection_row_4,strict_fixed_time,31,3.4171709565362662,0.798294119183606,-0.06867125679979978,-0.00820714834210817,-0.08343552442322424,0.5091268891807793,0.05586341951385747,2.9220999999866244,14.749327602275182,1.4548474691039088,57,4.57610745983986e-10,8.813838547894193e-12
2.9221,projection_row_4,strict_fixed_time,32,3.5274022777148555,0.7984402011148461,-0.06838710260959521,-0.011668038904379925,-0.08371376954471067,0.5090637149750487,0.053677603919232236,2.922099999987369,14.749327602275182,1.4548474691039088,57,4.57610745983986e-10,8.813838547894193e-12
2.9221,projection_row_4,strict_fixed_time,33,3.6376335988934447,0.7987428229712371,-0.06796483064906143,-0.014995323564859208,-0.0839738498041672,0.5089231601934738,0.050728871379820475,2.9220999999881934,14.749327602275182,1.4548474691039088,57,4.57610745983986e-10,8.813838547894193e-12
2.9221,projection_row_4,strict_fixed_time,34,3.747864920072034,0.7991922887491112,-0.067350840733772,-0.018172567089941406,-0.0841432839590438,0.5087351424227994,0.047066627849036945,2.9220999999887867,14.749327602275182,1.4548474691039088,57,4.57610745983986e-10,8.813838547894193e-12
2.9221,projection_row_4,strict_fixed_time,35,3.8580962412506232,0.7997806778830113,-0.06655868096125553,-0.021188047321369072,-0.08419630988982407,0.5084971226774766,0.04275791024698932,2.9220999999890944,14.749327602275182,1.4548474691039088,57,4.57610745983986e-10,8.813838547894193e-12
2.9221,projection_row_4,strict_fixed_time,36,3.9683275624292125,0.8004972906723654,-0.06566820376256317,-0.024029639539834172,-0.08415647106221683,0.508180066350905,0.037882877331478666,2.922099999989141,14.749327602275182,1.4548474691039088,57,4.57610745983986e-10,8.813838547894193e-12
2.9221,projection_row_4,strict_fixed_time,37,4.078558883607801,0.8013236264856128,-0.0648045752540652,-0.02667813508142042,-0.08408721866349712,0.50774371372673,0.03253056269320631,2.922099999989023,14.749327602275182,1.4548474691039088,57,4.57610745983986e-10,8.813838547894193e-12
2.9221,projection_row_4,strict_fixed_time,38,4.1887902047863905,0.8022299960806643,-0.06410568119846577,-0.029102144086287546,-0.08407323631505413,0.5071548021636668,0.026794896416818058,2.922099999988826,14.749327602275182,1.4548474691039088,57,4.57610745983986e-10,8.813838547894193e-12
2.9221,projection_row_4,strict_fixed_time,39,4.29902152596498,0.803175217902104,-0.06368835923331818,-0.03125699628734619,-0.08419679379804956,0.5064018736442486,0.020771229594444822,2.9220999999886725,14.749327602275182,1.4548474691039088,57,4.57610745983986e-10,8.813838547894193e-12
2.9221,projection_row_4,strict_fixed_time,40,4.409252847143569,0.8041097670140962,-0.06362282793190029,-0.03308820790280142,-0.08451514898416111,0.5055026089625955,0.01455369266024242,2.9220999999885637,14.749327602275182,1.4548474691039088,57,4.57610745983986e-10,8.813838547894193e-12
2.9221,projection_row_4,strict_fixed_time,41,4.519484168322158,0.8049815332473291,-0.0639218742089783,-0.03453818766548733,-0.08504575952344014,0.5045025865542876,0.008233307258799673,2.922099999988397,14.749327602275182,1.4548474691039088,57,4.57610745983986e-10,8.813838547894193e-12
2.9221,projection_row_4,strict_fixed_time,42,4.6297154895007475,0.8057423205046073,-0.06454686828911621,-0.035553766326746485,-0.08576395775418647,0.5034669238563904,0.0018962908514157154,2.9220999999880846,14.749327602275182,1.4548474691039088,57,4.57610745983986e-10,8.813838547894193e-12
2.9221,projection_row_4,strict_fixed_time,43,4.739946810679337,0.8063528114976171,-0.06542668686872147,-0.03609221048600611,-0.08661243411958892,0.5024682109821227,-0.004377846853748009,2.9220999999876365,14.749327602275182,1.4548474691039088,57,4.57610745983986e-10,8.813838547894193e-12
2.9221,projection_row_4,strict_fixed_time,44,4.850178131857926,0.8067843182399119,-0.06648023413021248,-0.03612446508279411,-0.08751613389382971,0.5015753010842993,-0.010518033675135317,2.9220999999872728,14.749327602275182,1.4548474691039088,57,4.57610745983986e-10,8.813838547894193e-12
2.9221,projection_row_4,strict_fixed_time,45,4.960409453036515,0.8070172354934013,-0.06763192327429429,-0.03563586245266799,-0.08839431561381943,0.50084705266029,-0.016462294895400322,2.9220999999872896,14.749327602275182,1.4548474691039088,57,4.57610745983986e-10,8.813838547894193e-12
2.9221,projection_row_4,strict_fixed_time,46,5.0706407742151045,0.8070379967825884,-0.06881407522619,-0.03462562954144402,-0.08916542057516388,0.5003323522269859,-0.022156957120492118,2.9220999999880615,14.749327602275182,1.4548474691039088,57,4.57610745983986e-10,8.813838547894193e-12
2.9221,projection_row_4,strict_fixed_time,47,5.180872095393694,0.8068373305480256,-0.06995874754116373,-0.03310662521921136,-0.08974738831745735,0.5000735735255448,-0.02755517310656806,2.922099999989685,14.749327602275182,1.4548474691039088,57,4.57610745983986e-10,8.813838547894193e-12
2.9221,projection_row_4,strict_fixed_time,48,5.291103416572283,0.8064119404123348,-0.07098865927521321,-0.031105844222926584,-0.09006071284310549,0.500107767109283,-0.03261609751840476,2.922099999991854,14.749327602275182,1.4548474691039088,57,4.57610745983986e-10,8.813838547894193e-12
2.9221,projection_row_4,strict_fixed_time,49,5.401334737750872,0.805769578654791,-0.0718174427706422,-0.028665004686662773,-0.09003988848065621,0.5004610057720021,-0.03730517303623242,2.922099999993822,14.749327602275182,1.4548474691039088,57,4.57610745983986e-10,8.813838547894193e-12
2.9221,projection_row_4,strict_fixed_time,50,5.5115660589294615,0.8049350427281753,-0.07236309196872588,-0.025839875632172465,-0.08965198343339274,0.5011363140056684,-0.041594365504046944,2.9220999999949395,14.749327602275182,1.4548474691039088,57,4.57610745983986e-10,8.813838547894193e-12
2.9221,projection_row_4,strict_fixed_time,51,5.621797380108051,0.803953488724939,-0.07256996575254945,-0.02269728374601733,-0.08891433393989258,0.5021010736863121,-0.04546042435952501,2.9220999999949626,14.749327602275182,1.4548474691039088,57,4.57610745983986e-10,8.813838547894193e-12
2.9221,projection_row_4,strict_fixed_time,52,5.73202870128664,0.8028884189714558,-0.07242944953755404,-0.019309703633002787,-0.0879017911889417,0.503281743840862,-0.048880261546597935,2.9220999999941437,14.749327602275182,1.4548474691039088,57,4.57610745983986e-10,8.813838547894193e-12
2.9221,projection_row_4,strict_fixed_time,53,5.842260022465229,0.8018141352756364,-0.07198966096766196,-0.01574845579662992,-0.08673825481963088,0.5045707175730921,-0.05182465043796404,2.922099999992833,14.749327602275182,1.4548474691039088,57,4.57610745983986e-10,8.813838547894193e-12
2.9221,projection_row_4,strict_fixed_time,54,5.9524913436438185,0.8008048850653607,-0.07134904978584498,-0.012077336401116693,-0.08557399619404647,0.5058442803954215,-0.05425303277321158,2.9220999999912785,14.749327602275182,1.4548474691039088,57,4.57610745983986e-10,8.813838547894193e-12
2.9221,projection_row_4,strict_fixed_time,55,6.062722664822408,0.7999241116822671,-0.07063436435036195,-0.008348652347718031,-0.08455535546451898,0.5069858251582572,-0.056112184783386025,2.922099999989628,14.749327602275182,1.4548474691039088,57,4.57610745983986e-10,8.813838547894193e-12
2.9221,projection_row_4,strict_fixed_time,56,6.172953986000997,0.7992168424800697,-0.06996826252895938,-0.0046029306810414505,-0.08379503282186743,0.5079071431004852,-0.05733997542681777,2.9220999999880863,14.749327602275182,1.4548474691039088,57,4.57610745983986e-10,8.813838547894193e-12
2.9215,projection_row_23,strict_fixed_time,0,0.0,0.7975394291008716,-0.08064295683920629,0.0009776696355481534,-0.09279984644899814,0.49976622967213813,-0.09120803308285047,2.921500000043116,14.749327602275182,1.4882206982789679,81,7.522288622936982e-11,1.4452528063202408e-10
2.9215,projection_row_23,strict_fixed_time,1,0.07757018897752575,0.7972355382010026,-0.08184051473445272,0.004904345125403011,-0.09384551099126517,0.4992065622662798,-0.0918684961413515,2.9214999999527036,14.749327602275182,1.4882206982789679,81,7.522288622936982e-11,1.4452528063202408e-10
2.9215,projection_row_23,strict_fixed_time,2,0.1551403779550515,0.7971537076804781,-0.08344796307189571,0.008669785882837098,-0.09551935910564373,0.49822306402473016,-0.09181738477912647,2.9215000000492877,14.749327602275182,1.4882206982789679,81,7.522288622936982e-11,1.4452528063202408e-10
2.9215,projection_row_23,strict_fixed_time,3,0.23271056693257725,0.7972758430095367,-0.08511809864494699,0.012230445144361515,-0.09758495694398674,0.4970093665039106,-0.09103559047646367,2.9214999999482827,14.749327602275182,1.4882206982789679,81,7.522288622936982e-11,1.4452528063202408e-10
2.9215,projection_row_23,strict_fixed_time,4,0.310280755910103,0.7976051320611278,-0.08672199037558584,0.015599000136163445,-0.09990378912578277,0.49564568640187,-0.08949603007547037,2.9215000000545057,14.749327602275182,1.4882206982789679,81,7.522288622936982e-11,1.4452528063202408e-10
2.9215,projection_row_23,strict_fixed_time,5,0.3878509448876288,0.798139704273556,-0.08830823924660566,0.018832309540209553,-0.10238991851704188,0.4941356324873886,-0.08715988774986633,2.9214999999418994,14.749327602275182,1.4882206982789679,81,7.522288622936982e-11,1.4452528063202408e-10
2.9215,projection_row_23,strict_fixed_time,6,0.4654211338651545,0.7988477075586674,-0.0899192418959066,0.02198632570921737,-0.10492239936129719,0.4925095165608698,-0.08399789651232037,2.921500000060189,14.749327602275182,1.4882206982789679,81,7.522288622936982e-11,1.4452528063202408e-10
2.9215,projection_row_23,strict_fixed_time,7,0.5429913228426803,0.7996633881450991,-0.09141373237000047,0.025074590597965195,-0.10728784444154266,0.49091283256707485,-0.08001898304635527,2.921499999940103,14.749327602275182,1.4882206982789679,81,7.522288622936982e-11,1.4452528063202408e-10
2.9215,projection_row_23,strict_fixed_time,8,0.620561511820206,0.800508451927326,-0.09244003319327418,0.02806408032936657,-0.10920019174675406,0.48960416968357434,-0.07528225475961323,2.9215000000566365,14.749327602275182,1.4882206982789679,81,7.522288622936982e-11,1.4452528063202408e-10
2.9215,projection_row_23,strict_fixed_time,9,0.6981317007977318,0.8013284912596834,-0.09258338181113449,0.030911020047028764,-0.11038835603857201,0.4888476363382437,-0.06988266250962925,2.921499999948947,14.749327602275182,1.4882206982789679,81,7.522288622936982e-11,1.4452528063202408e-10
2.9215,projection_row_23,strict_fixed_time,10,0.7757018897752576,0.8021201463854761,-0.09156083546216333,0.03360254519935872,-0.1106846582599006,0.4887788641635876,-0.06392538200424475,2.921500000042683,14.749327602275182,1.4882206982789679,81,7.522288622936982e-11,1.4452528063202408e-10
2.9215,projection_row_23,strict_fixed_time,11,0.8532720787527833,0.8029293910960486,-0.08935413890694092,0.036173641465428584,-0.11006950753358767,0.4893303458038844,-0.05750880964338526,2.9214999999680957,14.749327602275182,1.4882206982789679,81,7.522288622936982e-11,1.4452528063202408e-10
2.9215,projection_row_23,strict_fixed_time,12,0.930842267730309,0.8038280357835171,-0.0862408434934558,0.03869352229009467,-0.10868074808371805,0.49024301615922355,-0.05072078806759852,2.921500000017421,14.749327602275182,1.4882206982789679,81,7.522288622936982e-11,1.4452528063202408e-10
2.9215,projection_row_23,strict_fixed_time,13,1.0084124567078347,0.8048802092892063,-0.08269916108313403,0.041226816452881475,-0.10678483303714423,0.4911652989147132,-0.043647196401384016,2.9214999999990847,14.749327602275182,1.4882206982789679,81,7.522288622936982e-11,1.4452528063202408e-10
2.9215,projection_row_23,strict_fixed_time,14,1.0859826456853605,0.8061109926576179,-0.07925343314219237,0.04379626692509233,-0.10471864990474368,0.49177993337650405,-0.036376779844138576,2.9214999999828817,14.749327602275182,1.4882206982789679,81,7.522288622936982e-11,1.4452528063202408e-10
2.9215,projection_row_23,strict_fixed_time,15,1.1635528346628863,0.8074944122113945,-0.07634464752254032,0.0463684340059364,-0.1028240140907376,0.491885507939751,-0.02899761862109579,2.9215000000342384,14.749327602275182,1.4882206982789679,81,7.522288622936982e-11,1.4452528063202408e-10
2.9215,projection_row_23,strict_fixed_time,16,1.241123023640412,0.808963344524218,-0.0742330481841755,0.048861837232652555,-0.10137370336555149,0.4914265509168243,-0.021592325156977486,2.9214999999507856,14.749327602275182,1.4882206982789679,81,7.522288622936982e-11,1.4452528063202408e-10
2.9215,projection_row_23,strict_fixed_time,17,1.3186932126179378,0.8104338550439691,-0.07297149166032017,0.05117103381863019,-0.10052219094440644,0.4904707733019757,-0.014236665294974953,2.921500000060256,14.749327602275182,1.4882206982789679,81,7.522288622936982e-11,1.4452528063202408e-10
2.9215,projection_row_23,strict_fixed_time,18,1.3962634015954636,0.811839493168398,-0.07246906640698204,0.05319529561580061,-0.1003203858010494,0.48913969684446273,-0.006995631901520692,2.9214999999323803,14.749327602275182,1.4882206982789679,81,7.522288622936982e-11,1.4452528063202408e-10
2.9215,projection_row_23,strict_fixed_time,19,1.4738335905729893,0.8131555776074959,-0.07259647996906438,0.05485565267724399,-0.10077379295515064,0.487536304227268,8.210727298191254e-05,2.9215000000710374,14.749327602275182,1.4882206982789679,81,7.522288622936982e-11,1.4452528063202408e-10
2.9215,projection_row_23,strict_fixed_time,20,1.5514037795505151,0.8143963169675846,-0.07329600106680721,0.0560991845036375,-0.10190606275872295,0.48569530016989554,0.006972731442997709,2.921499999927329,14.749327602275182,1.4882206982789679,81,7.522288622936982e-11,1.4452528063202408e-10
2.9215,projection_row_23,strict_fixed_time,21,1.6289739685280409,0.8155883222286997,-0.07462815374594216,0.05689235051647136,-0.10377524008989078,0.48357987032898736,0.013676926664941457,2.921500000071854,14.749327602275182,1.4882206982789679,81,7.522288622936982e-11,1.4452528063202408e-10
2.9215,projection_row_23,strict_fixed_time,22,1.7065441575055667,0.8167324564338563,-0.07669261796525946,0.05721085307967645,-0.10640181820197336,0.481146562586587,0.020200880301430007,2.921499999930602,14.749327602275182,1.4882206982789679,81,7.522288622936982e-11,1.4452528063202408e-10
2.9215,projection_row_23,strict_fixed_time,23,1.7841143464830924,0.8177758144989197,-0.07948329719628464,0.057036692509276635,-0.10965856129065295,0.47844040133931676,0.02652885833968758,2.9215000000640488,14.749327602275182,1.4882206982789679,81,7.522288622936982e-11,1.4452528063202408e-10
2.9215,projection_row_23,strict_fixed_time,24,1.861684535460618,0.8186193715760547,-0.08279267909170078,0.056361986547981066,-0.11322402367998806,0.47565143039155394,0.0326107788174616,2.9214999999437965,14.749327602275182,1.4882206982789679,81,7.522288622936982e-11,1.4452528063202408e-10
2.9215,projection_row_23,strict_fixed_time,25,1.9392547244381437,0.8191582209613154,-0.08623519844823926,0.055191841664709904,-0.11665283755764552,0.4730913267957068,0.038378172025338185,2.9215000000464637,14.749327602275182,1.4882206982789679,81,7.522288622936982e-11,1.4452528063202408e-10
2.9215,projection_row_23,strict_fixed_time,26,2.0168249134156695,0.8193258824120193,-0.08938933034261724,0.05354194408878956,-0.1195294592173975,0.4710878722222917,0.04377668053420824,2.9214999999632147,14.749327602275182,1.4882206982789679,81,7.522288622936982e-11,1.4452528063202408e-10
2.9215,projection_row_23,strict_fixed_time,27,2.0943951023931953,0.8191123274524647,-0.09196470416011593,0.05143144135761822,-0.12159656348139664,0.4698611008949389,0.04878929795998386,2.92150000002724,14.749327602275182,1.4882206982789679,81,7.522288622936982e-11,1.4452528063202408e-10
2.9215,projection_row_23,strict_fixed_time,28,2.171965291370721,0.8185419874998607,-0.09387701788290899,0.04887742435344291,-0.1227676871319429,0.4694765099522164,0.053432483550964485,2.921499999981831,14.749327602275182,1.4882206982789679,81,7.522288622936982e-11,1.4452528063202408e-10
2.9215,projection_row_23,strict_fixed_time,29,2.249535480348247,0.8176341192426253,-0.09519756606874284,0.045895150953564764,-0.12304619749848639,0.46989696324964325,0.05773600748881899,2.9215000000076325,14.749327602275182,1.4882206982789679,81,7.522288622936982e-11,1.4452528063202408e-10
2.9215,projection_row_23,strict_fixed_time,30,2.3271056693257726,0.8163810608244221,-0.09601828743322031,0.04250627480846861,-0.12242949706038615,0.471078621107128,0.061726164394659014,2.9215000000038303,14.749327602275182,1.4882206982789679,81,7.522288622936982e-11,1.4452528063202408e-10
2.9215,projection_row_23,strict_fixed_time,31,2.4046758583032983,0.8147579236741623,-0.09632992775600964,0.038751809622488476,-0.12086723412466727,0.47303080979692724,0.06542805963924198,2.9214999999844964,14.749327602275182,1.4882206982789679,81,7.522288622936982e-11,1.4452528063202408e-10
2.9215,projection_row_23,strict_fixed_time,32,2.482246047280824,0.8127607548911062,-0.09601051208805753,0.03470039340056179,-0.11831061220293462,0.47578110067511165,0.06887994721409434,2.9215000000251665,14.749327602275182,1.4882206982789679,81,7.522288622936982e-11,1.4452528063202408e-10
2.9215,projection_row_23,strict_fixed_time,33,2.55981623625835,0.8104484867633586,-0.09491105816609702,0.030444921830951047,-0.11480912026877212,0.4792812352546072,0.07214177643159334,2.921499999968093,14.749327602275182,1.4882206982789679,81,7.522288622936982e-11,1.4452528063202408e-10
2.9215,projection_row_23,strict_fixed_time,34,2.6373864252358756,0.8079539824699331,-0.09296607554797402,0.026091428019147385,-0.11057231274985677,0.4833400941651049,0.07528236682337211,2.9215000000351674,14.749327602275182,1.4882206982789679,81,7.522288622936982e-11,1.4452528063202408e-10
2.9215,projection_row_23,strict_fixed_time,35,2.7149566142134014,0.8054598292837957,-0.09029134480848605,0.02173818834079262,-0.10597173726532799,0.4876187321109825,0.07834989080859557,2.921499999963151,14.749327602275182,1.4882206982789679,81,7.522288622936982e-11,1.4452528063202408e-10
2.9215,projection_row_23,strict_fixed_time,36,2.792526803190927,0.8031555927852662,-0.08721656336813655,0.01745292369728704,-0.10148526596745013,0.4916927299568688,0.08134221405278619,2.921500000036743,14.749327602275182,1.4882206982789679,81,7.522288622936982e-11,1.4452528063202408e-10
2.9215,projection_row_23,strict_fixed_time,37,2.870096992168453,0.8011905509624349,-0.08422731961103344,0.013259943137514845,-0.09759752727017974,0.4951592870633581,0.08419426028677497,2.9214999999635882,14.749327602275182,1.4882206982789679,81,7.522288622936982e-11,1.4452528063202408e-10
2.9215,projection_row_23,strict_fixed_time,38,2.9476671811459787,0.7996449397866813,-0.0818533959971783,0.009142529970615728,-0.09470512561537582,0.49772525946326884,0.08678680774977139,2.921500000034201,14.749327602275182,1.4882206982789679,81,7.522288622936982e-11,1.4452528063202408e-10
2.9215,projection_row_23,strict_fixed_time,39,3.0252373701235045,0.7985271754896691,-0.08050780281949084,0.00506777693098517,-0.0930369546443251,0.49925936000328236,0.08897454212901532,2.9214999999699143,14.749327602275182,1.4882206982789679,81,7.522288622936982e-11,1.4452528063202408e-10
2.9215,projection_row_23,strict_fixed_time,40,3.1028075591010302,0.7977890630229818,-0.08033287119063108,0.0010242448050793614,-0.09260416060397954,0.49980758681934306,0.09062100056498198,2.9215000000233617,14.749327602275182,1.4882206982789679,81,7.522288622936982e-11,1.4452528063202408e-10
2.9215,projection_row_23,strict_fixed_time,41,3.180377748078556,0.797357349135805,-0.08116333027272984,-0.002956878377523697,-0.09322616856105072,0.49955487152387235,0.0916256803857955,2.9214999999849587,14.749327602275182,1.4882206982789679,81,7.522288622936982e-11,1.4452528063202408e-10
2.9215,projection_row_23,strict_fixed_time,42,3.2579479370560818,0.7971687118828107,-0.08261887826603136,-0.006811077098034644,-0.09462091951706425,0.4987532992090472,0.09193313291072006,2.9215000000055977,14.749327602275182,1.4882206982789679,81,7.522288622936982e-11,1.4452528063202408e-10
2.9215,projection_row_23,strict_fixed_time,43,3.3355181260336075,0.797189323850729,-0.08428887950475833,-0.010476321716337153,-0.09651400021405165,0.49763726243123924,0.09151914371700916,2.921500000003342,14.749327602275182,1.4882206982789679,81,7.522288622936982e-11,1.4452528063202408e-10
2.9215,projection_row_23,strict_fixed_time,44,3.4130883150111333,0.7974142318032169,-0.08592767310725664,-0.013935778928972442,-0.09871831339876068,0.4963453195181802,0.09036283324886205,2.9214999999874993,14.749327602275182,1.4882206982789679,81,7.522288622936982e-11,1.4452528063202408e-10
2.9215,projection_row_23,strict_fixed_time,45,3.490658503988659,0.7978478689961652,-0.08751200581733093,-0.017228432093741045,-0.10113170332041133,0.49490901068443777,0.08842995038613193,2.921500000020836,14.749327602275182,1.4882206982789679,81,7.522288622936982e-11,1.4452528063202408e-10
2.9215,projection_row_23,strict_fixed_time,46,3.568228692966185,0.7984754800448244,-0.08911386363040431,-0.020417109410989735,-0.10366133403568571,0.49333124565088,0.08568272746203492,2.921499999971119,14.749327602275182,1.4882206982789679,81,7.522288622936982e-11,1.4452528063202408e-10
2.9215,projection_row_23,strict_fixed_time,47,3.6457988819437106,0.7992470850437247,-0.09069918620083393,-0.02353992517344226,-0.10614299924254383,0.49169313238108503,0.08210799131456106,2.9215000000352953,14.749327602275182,1.4882206982789679,81,7.522288622936982e-11,1.4452528063202408e-10
2.9215,projection_row_23,strict_fixed_time,48,3.723369070921236,0.8000866464514286,-0.09201229224476107,-0.02658473935311275,-0.10831917322118688,0.4902043989270894,0.07773993480478923,2.921499999960142,14.749327602275182,1.4882206982789679,81,7.522288622936982e-11,1.4452528063202408e-10
2.9215,projection_row_23,strict_fixed_time,49,3.8009392598987617,0.8009231331192492,-0.09264482109712402,-0.029507240041974653,-0.10989843509575827,0.48914412761380066,0.07265872727522757,2.9215000000426894,14.749327602275182,1.4882206982789679,81,7.522288622936982e-11,1.4452528063202408e-10
2.9215,projection_row_23,strict_fixed_time,50,3.8785094488762875,0.8017259421594649,-0.09222615159999945,-0.03227514181001847,-0.11065294518253806,0.48872642150129586,0.06696730133669776,2.9214999999544187,14.749327602275182,1.4882206982789679,81,7.522288622936982e-11,1.4452528063202408e-10
2.9215,projection_row_23,strict_fixed_time,51,3.9560796378538132,0.802518324971693,-0.0905945667266089,-0.034899244350940314,-0.11048596600014945,0.4889895631341268,0.06076884247075771,2.9215000000493125,14.749327602275182,1.4882206982789679,81,7.522288622936982e-11,1.4452528063202408e-10
2.9215,projection_row_23,strict_fixed_time,52,4.033649826831339,0.8033629270622029,-0.08788379937216131,-0.03743531359384344,-0.10945756928986793,0.48976293481893607,0.05415592703979219,2.9214999999449436,14.749327602275182,1.4882206982789679,81,7.522288622936982e-11,1.4452528063202408e-10
2.9215,projection_row_23,strict_fixed_time,53,4.111220015808865,0.8043321813426078,-0.08449017086289799,-0.03995579243233267,-0.10777604429221078,0.49072483773458747,0.04721419516819492,2.921500000060198,14.749327602275182,1.4882206982789679,81,7.522288622936982e-11,1.4452528063202408e-10
2.9215,projection_row_23,strict_fixed_time,54,4.1887902047863905,0.8054737353530077,-0.08093347055179438,-0.0425078020147609,-0.10575094006456207,0.49152694652522744,0.040030996323817174,2.921499999936828,14.749327602275182,1.4882206982789679,81,7.522288622936982e-11,1.4452528063202408e-10
2.9215,projection_row_23,strict_fixed_time,55,4.266360393763916,0.8067870736585221,-0.07771060274992476,-0.04508619248569172,-0.1037303671429207,0.4919032724669457,0.032695479500413044,2.9215000000610134,14.749327602275182,1.4882206982789679,81,7.522288622936982e-11,1.4452528063202408e-10
2.9215,projection_row_23,strict_fixed_time,56,4.343930582741442,0.8082234215410652,-0.07518144259680946,-0.04763137428417619,-0.10203074823143857,0.4917245708073253,0.025293316690342696,2.921499999946349,14.749327602275182,1.4882206982789679,81,7.522288622936982e-11,1.4452528063202408e-10
2.9215,projection_row_23,strict_fixed_time,57,4.421500771718968,0.8097033672108719,-0.07349947003545158,-0.05004614118369695,-0.10086805733868273,0.49100349645079766,0.017903915407105522,2.921500000041823,14.749327602275182,1.4882206982789679,81,7.522288622936982e-11,1.4452528063202408e-10
2.9215,projection_row_23,strict_fixed_time,58,4.499070960696494,0.8111474100354684,-0.07263392333569012,-0.052224331518418286,-0.1003394783199628,0.48984455660439946,0.010598310692099022,2.921499999971303,14.749327602275182,1.4882206982789679,81,7.522288622936982e-11,1.4452528063202408e-10
2.9215,projection_row_23,strict_fixed_time,59,4.576641149674019,0.8125085335132097,-0.07246043692334637,-0.05407485115959108,-0.10046472459175912,0.48836790950164793,0.0034341847797348013,2.9215000000163047,14.749327602275182,1.4882206982789679,81,7.522288622936982e-11,1.4452528063202408e-10
2.9215,projection_row_23,strict_fixed_time,60,4.654211338651545,0.813783565931483,-0.07287339849290314,-0.055531936982290336,-0.10125182776764989,0.48664657404229794,-0.0035511941539407943,2.9214999999928586,14.749327602275182,1.4882206982789679,81,7.522288622936982e-11,1.4452528063202408e-10
2.9215,projection_row_23,strict_fixed_time,61,4.731781527629071,0.8149973015662619,-0.07387600592478435,-0.056553714650926415,-0.10274501718840373,0.4846755936873305,-0.010347553911366625,2.9214999999996834,14.749327602275182,1.4882206982789679,81,7.522288622936982e-11,1.4452528063202408e-10
2.9215,projection_row_23,strict_fixed_time,62,4.809351716606597,0.8161682979892079,-0.0755651499299015,-0.0571122386916552,-0.10499726754009271,0.4824032050866278,-0.016961613881568662,2.9215000000061075,14.749327602275182,1.4882206982789679,81,7.522288622936982e-11,1.4452528063202408e-10
2.9215,projection_row_23,strict_fixed_time,63,4.886921905584122,0.8172722134585295,-0.07800503576655422,-0.057186138721855004,-0.1079671989786834,0.4798192774923993,-0.0233917556816226,2.9214999999880757,14.749327602275182,1.4882206982789679,81,7.522288622936982e-11,1.4452528063202408e-10
2.9215,projection_row_23,strict_fixed_time,64,4.964492094561648,0.818229564671396,-0.08109428464303002,-0.05676189689473943,-0.11142923208991663,0.47703873753894616,-0.02960476903523462,2.9215000000171236,14.749327602275182,1.4882206982789679,81,7.522288622936982e-11,1.4452528063202408e-10
2.9215,projection_row_23,strict_fixed_time,65,5.042062283539174,0.8189323462132755,-0.08452498133987285,-0.05583803773544502,-0.11498413483964573,0.47432103447580165,-0.035537918859621556,2.921499999978501,14.749327602275182,1.4882206982789679,81,7.522288622936982e-11,1.4452528063202408e-10
2.9215,projection_row_23,strict_fixed_time,66,5.1196324725167,0.8192903240450812,-0.08787104972608534,-0.05442565965350996,-0.11818074497793904,0.47200264903646294,-0.041125551841182974,2.9215000000244853,14.749327602275182,1.4882206982789679,81,7.522288622936982e-11,1.4452528063202408e-10
2.9215,projection_row_23,strict_fixed_time,67,5.1972026614942255,0.8192655578356216,-0.09075943893470008,-0.05254311912099427,-0.12067292592787497,0.4703698992228677,-0.04633078422690753,2.9214999999727373,14.749327602275182,1.4882206982789679,81,7.522288622936982e-11,1.4452528063202408e-10
2.9215,projection_row_23,strict_fixed_time,68,5.274772850471751,0.818870028862049,-0.09300158868883389,-0.05020893259388349,-0.12229478240623717,0.4695645413447753,-0.05115524856992232,2.92150000002972,14.749327602275182,1.4882206982789679,81,7.522288622936982e-11,1.4452528063202408e-10
2.9215,projection_row_23,strict_fixed_time,69,5.352343039449277,0.8181300476018541,-0.09460419986236264,-0.04743876226091133,-0.12301763960333562,0.46958977477387714,-0.05562490792418829,2.921499999967489,14.749327602275182,1.4882206982789679,81,7.522288622936982e-11,1.4452528063202408e-10
2.9215,projection_row_23,strict_fixed_time,70,5.429913228426803,0.8170522264825867,-0.09566782130447127,-0.044249579075432394,-0.12285190995426673,0.47039339720008067,-0.05976880671923273,2.9215000000336286,14.749327602275182,1.4882206982789679,81,7.522288622936982e-11,1.4452528063202408e-10
2.9215,projection_row_23,strict_fixed_time,71,5.507483417404329,0.8156170620406605,-0.09624345731977163,-0.040671110017962545,-0.12177077983596488,0.47195605602232815,-0.06361124334764988,2.921499999967503,14.749327602275182,1.4882206982789679,81,7.522288622936982e-11,1.4452528063202408e-10
2.9215,projection_row_23,strict_fixed_time,72,5.585053606381854,0.8138042207401407,-0.09625907565021305,-0.03675788564631388,-0.11971346365092292,0.474306355871621,-0.0671819817699748,2.9215000000285367,14.749327602275182,1.4882206982789679,81,7.522288622936982e-11,1.4452528063202408e-10
2.9215,projection_row_23,strict_fixed_time,73,5.66262379535938,0.8116372815605917,-0.09556562695985277,-0.032591655456954194,-0.11666891925655667,0.4774456653713355,-0.07053022641512394,2.9214999999772555,14.749327602275182,1.4882206982789679,81,7.522288622936982e-11,1.4452528063202408e-10
2.9215,projection_row_23,strict_fixed_time,74,5.740193984336906,0.8092133269874483,-0.09404214220773306,-0.02827379931234433,-0.11276285443076033,0.481258929515079,-0.07372333559706644,2.9215000000155604,14.749327602275182,1.4882206982789679,81,7.522288622936982e-11,1.4452528063202408e-10
2.9215,projection_row_23,strict_fixed_time,75,5.817764173314432,0.8066945982922802,-0.091704011631845,-0.02390962169972654,-0.10828905354992399,0.4854776564071885,-0.07682395921257294,2.9214999999916844,14.749327602275182,1.4882206982789679,81,7.522288622936982e-11,1.4452528063202408e-10
2.9215,projection_row_23,strict_fixed_time,76,5.895334362291957,0.8042732136703127,-0.08877616106616566,-0.01958445268582629,-0.10368287970911388,0.48970824107058364,-0.07985804567832494,2.92150000000009,14.749327602275182,1.4882206982789679,81,7.522288622936982e-11,1.4452528063202408e-10
2.9215,projection_row_23,strict_fixed_time,77,5.972904551269483,0.8021239071301637,-0.08567753770272798,-0.015345156901165887,-0.09943873668764835,0.4935235726958662,-0.08279220314526331,2.92150000000805,14.749327602275182,1.4882206982789679,81,7.522288622936982e-11,1.4452528063202408e-10
2.9215,projection_row_23,strict_fixed_time,78,6.050474740247009,0.8003632025181966,-0.0829327343363711,-0.011193909438488319,-0.09600780587929605,0.49656727039969956,-0.08553186297254134,2.9214999999824114,14.749327602275182,1.4882206982789679,81,7.522288622936982e-11,1.4452528063202408e-10
2.9215,projection_row_23,strict_fixed_time,79,6.128044929224535,0.7990345620109365,-0.0810356552001868,-0.0071014393065920315,-0.09371208783861094,0.4986223806164412,-0.08794039466296481,2.9215000000272635,14.749327602275182,1.4882206982789679,81,7.522288622936982e-11,1.4452528063202408e-10
2.9215,projection_row_23,strict_fixed_time,80,6.2056151182020605,0.7981151033735746,-0.08027767970115438,-0.003041188095584845,-0.09267379369167734,0.4996476403239149,-0.08987277173316635,2.921499999963576,14.749327602275182,1.4882206982789679,81,7.522288622936982e-11,1.4452528063202408e-10
2.9212,projection_row_36,strict_fixed_time,0,0.0,0.796154384301793,-0.0804607928662804,0.0032192275218905263,-0.09225746679762441,0.49900428556920995,-0.10346733858368415,2.9211999999232616,14.749327602275182,1.504987559546691,105,8.4397390544805e-10,3.9581182775805246e-10
2.9212,projection_row_36,strict_fixed_time,1,0.059839860068377014,0.796233114435825,-0.08244400474711865,0.006593431020239431,-0.09418750400752585,0.4975489331958278,-0.10447806097425454,2.9212000000739664,14.749327602275182,1.504987559546691,105,8.4397390544805e-10,3.9581182775805246e-10
2.9212,projection_row_36,strict_fixed_time,2,0.11967972013675403,0.7965350262240624,-0.08586530965833686,0.010029452128790455,-0.09720367710669435,0.4951860742537183,-0.10485212745582416,2.9211999998941365,14.749327602275182,1.504987559546691,105,8.4397390544805e-10,3.9581182775805246e-10
2.9212,projection_row_36,strict_fixed_time,3,0.17951958020513104,0.7969323971018485,-0.08981904541138071,0.013349521975969274,-0.10073735827450442,0.49242250377126506,-0.10464773956247599,2.9212000001173877,14.749327602275182,1.504987559546691,105,8.4397390544805e-10,3.9581182775805246e-10
2.9212,projection_row_36,strict_fixed_time,4,0.23935944027350806,0.7973871622392968,-0.09339818345677442,0.016373020716106388,-0.10435649957294349,0.48971912323170674,-0.10396312933119735,2.921199999850105,14.749327602275182,1.504987559546691,105,8.4397390544805e-10,3.9581182775805246e-10
2.9212,projection_row_36,strict_fixed_time,5,0.2991993003418851,0.7979462084044922,-0.0962181962013628,0.019049711879025183,-0.10792669796817668,0.48724468070233623,-0.1028428033207974,2.921200000118251,14.749327602275182,1.504987559546691,105,8.4397390544805e-10,3.9581182775805246e-10
2.9212,projection_row_36,strict_fixed_time,6,0.35903916041026207,0.7986953347567196,-0.09867921198071852,0.02151899894392306,-0.11159518563523849,0.4847557352140807,-0.10121648791441339,2.921199999900577,14.749327602275182,1.504987559546691,105,8.4397390544805e-10,3.9581182775805246e-10
2.9212,projection_row_36,strict_fixed_time,7,0.4188790204786391,0.7996819083181275,-0.10152950326502051,0.02399861310390392,-0.11554385109212946,0.48185619202312197,-0.09894811386401775,2.9212000000306384,14.749327602275182,1.504987559546691,105,8.4397390544805e-10,3.9581182775805246e-10
2.9212,projection_row_36,strict_fixed_time,8,0.4787188805470161,0.8008430431457285,-0.1050775524076836,0.026595864901880054,-0.11969229894746133,0.47846024215891325,-0.09595429106166271,2.9212000000392195,14.749327602275182,1.504987559546691,105,8.4397390544805e-10,3.9581182775805246e-10
2.9212,projection_row_36,strict_fixed_time,9,0.5385587406153931,0.8020124674685007,-0.10886506892087781,0.029230064592639632,-0.12364165004387483,0.4749883320332257,-0.09227391804684447,2.921199999878934,14.749327602275182,1.504987559546691,105,8.4397390544805e-10,3.9581182775805246e-10
2.9212,projection_row_36,strict_fixed_time,10,0.5983986006837702,0.8030245659130069,-0.11199935084089857,0.031720920375422484,-0.12691086015296563,0.4721254479570091,-0.08803181088498141,2.9212000001667224,14.749327602275182,1.504987559546691,105,8.4397390544805e-10,3.9581182775805246e-10
2.9212,projection_row_36,strict_fixed_time,11,0.6582384607521472,0.8038138386877937,-0.11364899164130748,0.033922611350076355,-0.12917279312376395,0.4704438383679114,-0.08335487023642636,2.9211999997893385,14.749327602275182,1.504987559546691,105,8.4397390544805e-10,3.9581182775805246e-10
2.9212,projection_row_36,strict_fixed_time,12,0.7180783208205241,0.8044273832332537,-0.11343551816142461,0.035816901032342065,-0.13032864752252327,0.4701356792962646,-0.07829790986369721,2.9212000001851504,14.749327602275182,1.504987559546691,105,8.4397390544805e-10,3.9581182775805246e-10
2.9212,projection_row_36,strict_fixed_time,13,0.7779181808889012,0.8049798373104256,-0.1116179841442421,0.03753458828340629,-0.1304787308910637,0.4709313156761147,-0.07282323162504062,2.9211999998214178,14.749327602275182,1.504987559546691,105,8.4397390544805e-10,3.9581182775805246e-10
2.9212,projection_row_36,strict_fixed_time,14,0.8377580409572782,0.8055863531493911,-0.10881628750911528,0.039267413401131136,-0.12981122824741054,0.47232904162895384,-0.06686664542430731,2.921200000136258,14.749327602275182,1.504987559546691,105,8.4397390544805e-10,3.9581182775805246e-10
2.9212,projection_row_36,strict_fixed_time,15,0.8975979010256552,0.8062893964423867,-0.1055105940464368,0.041145029644796924,-0.12844623656771686,0.47397011166434083,-0.060430935992043196,2.9211999998936076,14.749327602275182,1.504987559546691,105,8.4397390544805e-10,3.9581182775805246e-10
2.9212,projection_row_36,strict_fixed_time,16,0.9574377610940322,0.8070504111169616,-0.10188228966208929,0.04320028355967789,-0.1263988769205051,0.4757421280747758,-0.05360709093683927,2.9212000000501517,14.749327602275182,1.504987559546691,105,8.4397390544805e-10,3.9581182775805246e-10
2.9212,projection_row_36,strict_fixed_time,17,1.0172776211624093,0.8078159624507495,-0.09790471346094494,0.045398676060058686,-0.12365782316400387,0.47765532300489266,-0.0465439685620614,2.921199999988635,14.749327602275182,1.504987559546691,105,8.4397390544805e-10,3.9581182775805246e-10
2.9212,projection_row_36,strict_fixed_time,18,1.0771174812307862,0.80856399001549,-0.09344095839232257,0.04767036611527625,-0.12023214279087402,0.4797436664957648,-0.03941721014121377,2.921199999949215,14.749327602275182,1.504987559546691,105,8.4397390544805e-10,3.9581182775805246e-10
2.9212,projection_row_36,strict_fixed_time,19,1.1369573412991634,0.8093267748512454,-0.08849966837917266,0.04995914469604524,-0.11625351603307399,0.48190991928777593,-0.03237596454980798,2.921200000047872,14.749327602275182,1.504987559546691,105,8.4397390544805e-10,3.9581182775805246e-10
2.9212,projection_row_36,strict_fixed_time,20,1.1967972013675403,0.8101958060675429,-0.08340270027464329,0.05224124172691805,-0.11206421556852243,0.48385264174499326,-0.025507772563823965,2.921199999917076,14.749327602275182,1.504987559546691,105,8.4397390544805e-10,3.9581182775805246e-10
2.9212,projection_row_36,strict_fixed_time,21,1.2566370614359172,0.8112666674748538,-0.07870041167913484,0.0544966117764294,-0.10816602862444794,0.4851964135477998,-0.018837160118025578,2.9212000000356695,14.749327602275182,1.504987559546691,105,8.4397390544805e-10,3.9581182775805246e-10
2.9212,projection_row_36,strict_fixed_time,22,1.3164769215042944,0.8125741179503734,-0.07505280463851664,0.05669231363465823,-0.10513018179450796,0.4856218602597101,-0.012330121879846776,2.9211999999829708,14.749327602275182,1.504987559546691,105,8.4397390544805e-10,3.9581182775805246e-10
2.9212,projection_row_36,strict_fixed_time,23,1.3763167815726713,0.8140694119654692,-0.07298037900853907,0.05877033572079397,-0.1034258681505745,0.48498254155575277,-0.005929184106498643,2.9211999999513023,14.749327602275182,1.504987559546691,105,8.4397390544805e-10,3.9581182775805246e-10
2.9212,projection_row_36,strict_fixed_time,24,1.4361566416410483,0.8156226170811661,-0.07256591545517879,0.060648085104746584,-0.10318774648593153,0.4833997517076411,0.0003904793861422721,2.921200000077619,14.749327602275182,1.504987559546691,105,8.4397390544805e-10,3.9581182775805246e-10
2.9212,projection_row_36,strict_fixed_time,25,1.4959965017094254,0.8170746568896211,-0.0734564721494426,0.06224757778500361,-0.10418324032770843,0.4811943351539689,0.006597804978317552,2.9211999998803826,14.749327602275182,1.504987559546691,105,8.4397390544805e-10,3.9581182775805246e-10
2.9212,projection_row_36,strict_fixed_time,26,1.5558363617778024,0.8183441267312995,-0.07509836094517104,0.06351317065078006,-0.10602817310265912,0.4787067740359843,0.012629422350078004,2.9212000001150877,14.749327602275182,1.504987559546691,105,8.4397390544805e-10,3.9581182775805246e-10
2.9212,projection_row_36,strict_fixed_time,27,1.6156762218461793,0.8194798944888256,-0.0770098446035128,0.06441162557517213,-0.10843758490992517,0.47614572057251814,0.01843245764102345,2.9211999998617606,14.749327602275182,1.504987559546691,105,8.4397390544805e-10,3.9581182775805246e-10
2.9212,projection_row_36,strict_fixed_time,28,1.6755160819145565,0.8206151311853332,-0.07908060510614288,0.06493083424626804,-0.11140410133310513,0.47346945173893284,0.024014097591787523,2.9212000000852067,14.749327602275182,1.504987559546691,105,8.4397390544805e-10,3.9581182775805246e-10
2.9212,projection_row_36,strict_fixed_time,29,1.7353559419829334,0.8218780640997613,-0.08163530660721505,0.06506931581281471,-0.11516332920650368,0.4704016263842729,0.029444198859077245,2.9211999999400295,14.749327602275182,1.504987559546691,105,8.4397390544805e-10,3.9581182775805246e-10
2.9212,projection_row_36,strict_fixed_time,30,1.7951958020513104,0.8232911805389413,-0.08507352125300963,0.0648266283961548,-0.11987804014947981,0.46668402784707,0.03478224250415331,2.921199999977875,14.749327602275182,1.504987559546691,105,8.4397390544805e-10,3.9581182775805246e-10
2.9212,projection_row_36,strict_fixed_time,31,1.8550356621196875,0.8247149146899768,-0.08943415125445238,0.06421496706499799,-0.12531528125792274,0.462368976045276,0.040003733900451054,2.9212000000824903,14.749327602275182,1.504987559546691,105,8.4397390544805e-10,3.9581182775805246e-10
2.9212,projection_row_36,strict_fixed_time,32,1.9148755221880644,0.8259164057998163,-0.09427960331918764,0.06326468913629038,-0.13085070828709783,0.45788742425626083,0.04500484975111859,2.92119999985624,14.749327602275182,1.504987559546691,105,8.4397390544805e-10,3.9581182775805246e-10
2.9212,projection_row_36,strict_fixed_time,33,1.9747153822564414,0.8267311817319488,-0.09892698315482112,0.062004227105178805,-0.1358183147547146,0.4538319695238918,0.049681148464229524,2.921200000155686,14.749327602275182,1.504987559546691,105,8.4397390544805e-10,3.9581182775805246e-10
2.9212,projection_row_36,strict_fixed_time,34,2.0345552423248185,0.8271594499461606,-0.10281325331033736,0.06044216661847365,-0.1398599527293125,0.45063250771159247,0.05399122444246289,2.921199999833322,14.749327602275182,1.504987559546691,105,8.4397390544805e-10,3.9581182775805246e-10
2.9212,projection_row_36,strict_fixed_time,35,2.0943951023931957,0.8273156914032873,-0.10579632712256264,0.05856607029528282,-0.14300412207291388,0.4483515794197686,0.0579650001576255,2.9212000001061273,14.749327602275182,1.504987559546691,105,8.4397390544805e-10,3.9581182775805246e-10
2.9212,projection_row_36,strict_fixed_time,36,2.1542349624615724,0.8273041332258482,-0.10818138935768998,0.05634931698026207,-0.14547596472381338,0.4467513351389893,0.061659090266468465,2.921199999930362,14.749327602275182,1.504987559546691,105,8.4397390544805e-10,3.9581182775805246e-10
2.9212,projection_row_36,strict_fixed_time,37,2.2140748225299496,0.8271157630268597,-0.11038565490864612,0.053766043550675754,-0.1473954641764845,0.44561315516815514,0.06509631748156132,2.9212000000108245,14.749327602275182,1.504987559546691,105,8.4397390544805e-10,3.9581182775805246e-10
2.9212,projection_row_36,strict_fixed_time,38,2.2739146825983267,0.8265906984938933,-0.11250970161162938,0.05082090661226347,-0.14855386838993467,0.44506670887160843,0.06824770922442105,2.9212000000134886,14.749327602275182,1.504987559546691,105,8.4397390544805e-10,3.9581182775805246e-10
2.9212,projection_row_36,strict_fixed_time,39,2.3337545426667035,0.8254974624398602,-0.11423310021715329,0.04755934532961217,-0.1484880149021688,0.445586842267718,0.07107732478587991,2.9211999999593545,14.749327602275182,1.504987559546691,105,8.4397390544805e-10,3.9581182775805246e-10
2.9212,projection_row_36,strict_fixed_time,40,2.3935944027350806,0.8236992450439029,-0.11503474001781627,0.04404440100827021,-0.14680087427148442,0.4476610367685707,0.07360713418627039,2.921200000031795,14.749327602275182,1.504987559546691,105,8.4397390544805e-10,3.9581182775805246e-10
2.9212,projection_row_36,strict_fixed_time,41,2.4534342628034578,0.8212384298736697,-0.11444626236421498,0.040340674690244056,-0.14337451445818702,0.45149731197887,0.0759316483860275,2.921199999948453,14.749327602275182,1.504987559546691,105,8.4397390544805e-10,3.9581182775805246e-10
2.9212,projection_row_36,strict_fixed_time,42,2.5132741228718345,0.818298524227326,-0.11230181948502184,0.03650380797770659,-0.13840373970506398,0.4568904948080865,0.07818156248672198,2.921200000017869,14.749327602275182,1.504987559546691,105,8.4397390544805e-10,3.9581182775805246e-10
2.9212,projection_row_36,strict_fixed_time,43,2.5731139829402117,0.8151338297234773,-0.10887900888624852,0.0325624222111643,-0.13234666368561684,0.46324929670894827,0.08047169669275561,2.921199999971402,14.749327602275182,1.504987559546691,105,8.4397390544805e-10,3.9581182775805246e-10
2.9212,projection_row_36,strict_fixed_time,44,2.632953843008589,0.8119784946181241,-0.10473069069057972,0.028525205426408344,-0.12576057215099498,0.46986030652749555,0.08286964401844991,2.921199999998262,14.749327602275182,1.504987559546691,105,8.4397390544805e-10,3.9581182775805246e-10
2.9212,projection_row_36,strict_fixed_time,45,2.6927937030769655,0.8089713832673324,-0.1004177679034084,0.02440708248111701,-0.11912248486107524,0.4761672261955123,0.08538969627717914,2.9212000000184064,14.749327602275182,1.504987559546691,105,8.4397390544805e-10,3.9581182775805246e-10
2.9212,projection_row_36,strict_fixed_time,46,2.7526335631453427,0.8061737724440122,-0.09635929239053147,0.020241887057823864,-0.11279307472929816,0.4818379266738907,0.08800543858170128,2.9211999999420932,14.749327602275182,1.504987559546691,105,8.4397390544805e-10,3.9581182775805246e-10
2.9212,projection_row_36,strict_fixed_time,47,2.81247342321372,0.8036151443017691,-0.09269065474726203,0.016105994724171898,-0.10700080024736715,0.48676301436102487,0.09067944729653989,2.921200000052267,14.749327602275182,1.504987559546691,105,8.4397390544805e-10,3.9581182775805246e-10
2.9212,projection_row_36,strict_fixed_time,48,2.8723132832820966,0.801322840702,-0.08930250652696757,0.012114796759153442,-0.10186830077248403,0.490975737807476,0.0933718689661699,2.921199999924159,14.749327602275182,1.504987559546691,105,8.4397390544805e-10,3.9581182775805246e-10
2.9212,projection_row_36,strict_fixed_time,49,2.9321531433504737,0.7993627008079389,-0.08611137571429106,0.008364680199590161,-0.0975516669579662,0.49446847800466903,0.09602745277982855,2.921200000043316,14.749327602275182,1.504987559546691,105,8.4397390544805e-10,3.9581182775805246e-10
2.9212,projection_row_36,strict_fixed_time,50,2.991993003418851,0.7978282491929544,-0.08321558321438025,0.004890110521663641,-0.09427009554831173,0.4971409610398459,0.09856206624097617,2.9211999999335028,14.749327602275182,1.504987559546691,105,8.4397390544805e-10,3.9581182775805246e-10
2.9212,projection_row_36,strict_fixed_time,51,3.0518328634872276,0.7967864543773764,-0.08101174155722772,0.0016282090927429074,-0.09228208300796743,0.4988166737212424,0.10084944355391143,2.9212000000183913,14.749327602275182,1.504987559546691,105,8.4397390544805e-10,3.9581182775805246e-10
2.9212,projection_row_36,strict_fixed_time,52,3.1116727235556048,0.7962494789696775,-0.08018055171149512,-0.0015820205758708388,-0.09185163286526962,0.49927318706495727,0.10272901196345267,2.9211999999901797,14.749327602275182,1.504987559546691,105,8.4397390544805e-10,3.9581182775805246e-10
2.9212,projection_row_36,strict_fixed_time,53,3.171512583623982,0.7961555705022033,-0.0812287942741668,-0.004890895435280452,-0.09305250438581043,0.498417571610785,0.10405266409916406,2.9211999999741014,14.749327602275182,1.504987559546691,105,8.4397390544805e-10,3.9581182775805246e-10
2.9212,projection_row_36,strict_fixed_time,54,3.2313524436923586,0.7963659049973911,-0.08402581287343697,-0.008313278508477892,-0.09559592619687034,0.4964508000529644,0.10474282194572387,2.9212000000424414,14.749327602275182,1.504987559546691,105,8.4397390544805e-10,3.9581182775805246e-10
2.9212,projection_row_36,strict_fixed_time,55,3.291192303760736,0.7967264589849928,-0.08783823990686432,-0.011716759483578436,-0.09893847647363097,0.493821757506894,0.10481606740669044,2.921199999923453,14.749327602275182,1.504987559546691,105,8.4397390544805e-10,3.9581182775805246e-10
2.9212,projection_row_36,strict_fixed_time,56,3.351032163829113,0.7971512943406478,-0.09169763266239979,-0.014905976359096655,-0.10255262921288757,0.49104302140544953,0.10436025694426936,2.9212000000657707,14.749327602275182,1.504987559546691,105,8.4397390544805e-10,3.9581182775805246e-10
2.9212,projection_row_36,strict_fixed_time,57,3.4108720238974897,0.7976484169396371,-0.09489497321030285,-0.017749979388866757,-0.10614317269717165,0.4884598443915611,0.10345913047544353,2.9211999999322904,14.749327602275182,1.504987559546691,105,8.4397390544805e-10,3.9581182775805246e-10
2.9212,projection_row_36,strict_fixed_time,58,3.470711883965867,0.7982921150497636,-0.09744535555371334,-0.020296185739387802,-0.10973411983116944,0.48602878288720863,0.10210117043357103,2.921200000010662,14.749327602275182,1.504987559546691,105,8.4397390544805e-10,3.9581182775805246e-10
2.9212,projection_row_36,strict_fixed_time,59,3.530551744034244,0.7991598056885446,-0.10001840948189317,-0.022746384209730575,-0.11353093216952098,0.4833745611258011,0.1001703525151134,2.9212000000089464,14.749327602275182,1.504987559546691,105,8.4397390544805e-10,3.9581182775805246e-10
2.9212,projection_row_36,strict_fixed_time,60,3.5903916041026207,0.8002495146283335,-0.10322862593738558,-0.025283594832421624,-0.11761244202320426,0.4802047370187425,0.097542338644259,2.921199999973542,14.749327602275182,1.504987559546691,105,8.4397390544805e-10,3.9581182775805246e-10
2.9212,projection_row_36,strict_fixed_time,61,3.650231464170998,0.8014386131049025,-0.10699326538514063,-0.0279189835880596,-0.1217235702855246,0.47669242688307834,0.09419318897160438,2.92120000000976,14.749327602275182,1.504987559546691,105,8.4397390544805e-10,3.9581182775805246e-10
2.9212,projection_row_36,strict_fixed_time,62,3.710071324239375,0.8025452044730559,-0.11057233270527393,-0.030504666208903398,-0.1253868881653451,0.4734385566925245,0.09021420146389418,2.921200000006311,14.749327602275182,1.504987559546691,105,8.4397390544805e-10,3.9581182775805246e-10
2.9212,projection_row_36,strict_fixed_time,63,3.7699111843077517,0.8034463553806336,-0.11304788797477287,-0.03286277704205225,-0.1281792818481099,0.4711138731279089,0.08574193780600209,2.921199999947842,14.749327602275182,1.504987559546691,105,8.4397390544805e-10,3.9581182775805246e-10
2.9212,projection_row_36,strict_fixed_time,64,3.829751044376129,0.8041363109308595,-0.1137732278551226,-0.034902998726089596,-0.12988651897111883,0.4701251116501541,0.08087444933383688,2.921200000065729,14.749327602275182,1.504987559546691,105,8.4397390544805e-10,3.9581182775805246e-10
2.9212,projection_row_36,strict_fixed_time,65,3.889590904444506,0.8047031246965176,-0.1126905213984839,-0.036685602713801606,-0.13051779115204354,0.4704262588336587,0.07561743558747992,2.921199999884909,14.749327602275182,1.504987559546691,105,8.4397390544805e-10,3.9581182775805246e-10
2.9212,projection_row_36,strict_fixed_time,66,3.9494307645128828,0.8052713482993217,-0.11030261167197296,-0.038388576310516086,-0.1302366392019894,0.4715838980280239,0.06990730176958342,2.9212000001177807,14.749327602275182,1.504987559546691,105,8.4397390544805e-10,3.9581182775805246e-10
2.9212,projection_row_36,strict_fixed_time,67,4.00927062458126,0.805926966587472,-0.1072091833881884,-0.04018409980591333,-0.12921342137092548,0.4731306168461815,0.06370471476805521,2.9211999998727203,14.749327602275182,1.504987559546691,105,8.4397390544805e-10,3.9581182775805246e-10
2.9212,projection_row_36,strict_fixed_time,68,4.069110484649637,0.8066664466427853,-0.10373430911638472,-0.042151368646615096,-0.1275086219451444,0.4748407315236523,0.05705927511588487,2.9212000001099088,14.749327602275182,1.504987559546691,105,8.4397390544805e-10,3.9581182775805246e-10
2.9212,projection_row_36,strict_fixed_time,69,4.128950344718014,0.8074349788034059,-0.09994529195620175,-0.04428562101817908,-0.12511562312455018,0.4766781500828351,0.05009457003451583,2.9211999998918556,14.749327602275182,1.504987559546691,105,8.4397390544805e-10,3.9581182775805246e-10
2.9212,projection_row_36,strict_fixed_time,70,4.188790204786391,0.8081917193619919,-0.0957400837751994,-0.046529768281917766,-0.12202695958771353,0.4786784977449126,0.04297792956496517,2.921200000077641,14.749327602275182,1.504987559546691,105,8.4397390544805e-10,3.9581182775805246e-10
2.9212,projection_row_36,strict_fixed_time,71,4.248630064854768,0.8089388498631296,-0.09101681281238737,-0.048814586015181585,-0.11829536666094455,0.480832107400403,0.03587892389228742,2.921199999920891,14.749327602275182,1.504987559546691,105,8.4397390544805e-10,3.9581182775805246e-10
2.9212,projection_row_36,strict_fixed_time,72,4.308469924923145,0.8097411826821572,-0.08594023567218571,-0.05110205469979439,-0.11415655764961417,0.48293283812079646,0.028917223306451988,2.9212000000161935,14.749327602275182,1.504987559546691,105,8.4397390544805e-10,3.9581182775805246e-10
2.9212,projection_row_36,strict_fixed_time,73,4.3683097849915224,0.8107019613259314,-0.08096174418335032,-0.05337393345488005,-0.11004337612929144,0.48462183303891365,0.02214871588872368,2.921199999992879,14.749327602275182,1.504987559546691,105,8.4397390544805e-10,3.9581182775805246e-10
2.9212,projection_row_36,strict_fixed_time,74,4.428149645059899,0.8118918427541955,-0.07670467296804614,-0.05560478221629372,-0.1065056070826424,0.485538751578666,0.01556692318127251,2.9211999999450753,14.749327602275182,1.504987559546691,105,8.4397390544805e-10,3.9581182775805246e-10
2.9212,projection_row_36,strict_fixed_time,75,4.487989505128276,0.8133047179134367,-0.07380239418632042,-0.05775090257884281,-0.10409335844782422,0.48543417208108014,0.009119255230119317,2.921200000060929,14.749327602275182,1.504987559546691,105,8.4397390544805e-10,3.9581182775805246e-10
2.9212,projection_row_36,strict_fixed_time,76,4.5478293651966535,0.8148492138747662,-0.07258015574880143,-0.059739580402077275,-0.10313128011990208,0.484291663971012,0.0027584430255856896,2.921199999915337,14.749327602275182,1.504987559546691,105,8.4397390544805e-10,3.9581182775805246e-10
2.9212,projection_row_36,strict_fixed_time,77,4.60766922526503,0.8163693709698356,-0.07288098664139288,-0.06148663448461954,-0.1035549453473816,0.4823520318161633,-0.0035118353621559507,2.9212000000681444,14.749327602275182,1.504987559546691,105,8.4397390544805e-10,3.9581182775805246e-10
2.9212,projection_row_36,strict_fixed_time,78,4.667509085333407,0.8177320268700273,-0.07421889157695796,-0.06292471011774844,-0.10502225495795275,0.47996815697066214,-0.009639726097339752,2.921199999929317,14.749327602275182,1.504987559546691,105,8.4397390544805e-10,3.9581182775805246e-10
2.9212,projection_row_36,strict_fixed_time,79,4.7273489454017845,0.8189214293013248,-0.07603895350640977,-0.06400948815850989,-0.10717045549537571,0.47743116650664486,-0.0155609376627446,2.9212000000264267,14.749327602275182,1.504987559546691,105,8.4397390544805e-10,3.9581182775805246e-10
2.9212,projection_row_36,strict_fixed_time,80,4.787188805470161,0.8200382656153795,-0.07801266997442056,-0.06471877688091682,-0.10983948012318127,0.4748357532942353,-0.02124744945840564,2.9211999999729636,14.749327602275182,1.504987559546691,105,8.4397390544805e-10,3.9581182775805246e-10
2.9212,projection_row_36,strict_fixed_time,81,4.847028665538538,0.821225641628753,-0.08026822401088812,-0.0650477625092571,-0.11316801954240212,0.47200505771761225,-0.02674303209277248,2.9211999999761504,14.749327602275182,1.504987559546691,105,8.4397390544805e-10,3.9581182775805246e-10
2.9212,projection_row_36,strict_fixed_time,82,4.9068685256069156,0.8225708498648164,-0.08322966836716293,-0.06499536313509295,-0.11740443018165315,0.4686303959639914,-0.03212383567041649,2.921200000015891,14.749327602275182,1.504987559546691,105,8.4397390544805e-10,3.9581182775805246e-10
2.9212,projection_row_36,strict_fixed_time,83,4.966708385675292,0.8240158652345579,-0.0871561927785388,-0.06456529101827621,-0.12253924284412909,0.4645817236643646,-0.03741294528711026,2.921199999978522,14.749327602275182,1.504987559546691,105,8.4397390544805e-10,3.9581182775805246e-10
2.9212,projection_row_36,strict_fixed_time,84,5.026548245743669,0.8253571694649149,-0.09183736285041255,-0.0637800354765424,-0.12811645253154916,0.460111872156055,-0.04253936877296788,2.921199999988799,14.749327602275182,1.504987559546691,105,8.4397390544805e-10,3.9581182775805246e-10
2.9212,projection_row_36,strict_fixed_time,85,5.086388105812047,0.8263760425966277,-0.09667036001608917,-0.06267214710693732,-0.13343757858968835,0.4557722916589997,-0.04738803074196221,2.9212000000422154,14.749327602275182,1.504987559546691,105,8.4397390544805e-10,3.9581182775805246e-10
2.9212,projection_row_36,strict_fixed_time,86,5.146227965880423,0.8269877604023547,-0.10098618260621961,-0.06126124920759445,-0.13796093646177568,0.45211197517389956,-0.051881479007939754,2.9211999998977003,14.749327602275182,1.504987559546691,105,8.4397390544805e-10,3.9581182775805246e-10
2.9212,projection_row_36,strict_fixed_time,87,5.2060678259488,0.8272633667729152,-0.10440669610470503,-0.05954480184565972,-0.1415313269445907,0.4493879316189916,-0.056016435522949166,2.92120000010885,14.749327602275182,1.504987559546691,105,8.4397390544805e-10,3.9581182775805246e-10
2.9212,projection_row_36,strict_fixed_time,88,5.265907686017178,0.8273279448852355,-0.10703443651716446,-0.05750221690941722,-0.14431058639076377,0.4474851776240671,-0.059844271628456215,2.921199999870065,14.749327602275182,1.504987559546691,105,8.4397390544805e-10,3.9581182775805246e-10
2.9212,projection_row_36,strict_fixed_time,89,5.325747546085554,0.8272387230072958,-0.10928890392563162,-0.05510426490266901,-0.14650906426024152,0.446126796455938,-0.06341064254367458,2.9212000000885254,14.749327602275182,1.504987559546691,105,8.4397390544805e-10,3.9581182775805246e-10
2.9212,projection_row_36,strict_fixed_time,90,5.385587406153931,0.8269100014040317,-0.11146971107462712,-0.05233662032125431,-0.14809622262650904,0.4452412123521469,-0.06671070357373171,2.921199999952449,14.749327602275182,1.504987559546691,105,8.4397390544805e-10,3.9581182775805246e-10
2.9212,projection_row_36,strict_fixed_time,91,5.445427266222309,0.8261276445036844,-0.11345254169805002,-0.0492258551572968,-0.14870403015429778,0.4451589075278848,-0.06970322679695118,2.9211999999824196,14.749327602275182,1.504987559546691,105,8.4397390544805e-10,3.9581182775805246e-10
2.9212,projection_row_36,strict_fixed_time,92,5.505267126290685,0.8246879353539236,-0.11478245119900687,-0.045829481034445424,-0.14786191256904005,0.44640799669130704,-0.07237523612506051,2.9212000000525142,14.749327602275182,1.504987559546691,105,8.4397390544805e-10,3.9581182775805246e-10
2.9212,projection_row_36,strict_fixed_time,93,5.565106986359062,0.8225426979554926,-0.11493465263766602,-0.042212221809691065,-0.14530007824718308,0.4493612757994193,-0.07478710687840456,2.9211999999005602,14.749327602275182,1.504987559546691,105,8.4397390544805e-10,3.9581182775805246e-10
2.9212,projection_row_36,strict_fixed_time,94,5.62494684642744,0.8198132255496926,-0.11356112519366397,-0.038436333530283646,-0.141058439486375,0.4540292336562851,-0.07705784370260635,2.921200000088697,14.749327602275182,1.504987559546691,105,8.4397390544805e-10,3.9581182775805246e-10
2.9212,projection_row_36,strict_fixed_time,95,5.684786706495816,0.8167279298227346,-0.11071842130166679,-0.03454552419442701,-0.1354758173375689,0.45999512328192327,-0.07931612958312435,2.921199999874088,14.749327602275182,1.504987559546691,105,8.4397390544805e-10,3.9581182775805246e-10
2.9212,projection_row_36,strict_fixed_time,96,5.744626566564193,0.8135438276869675,-0.10685854869654278,-0.030555189831453243,-0.1290869808790358,0.46656342358280783,-0.0816550714809272,2.921200000125308,14.749327602275182,1.504987559546691,105,8.4397390544805e-10,3.9581182775805246e-10
2.9212,projection_row_36,strict_fixed_time,97,5.804466426632571,0.8104514638595046,-0.10256370010184387,-0.026474764642361547,-0.12242291554878432,0.473077664912168,-0.08411544385091745,2.921199999852539,14.749327602275182,1.504987559546691,105,8.4397390544805e-10,3.9581182775805246e-10
2.9212,projection_row_36,strict_fixed_time,98,5.8643062867009474,0.8075440911995275,-0.09834026430027638,-0.022326917742268183,-0.11590130448039257,0.4790941301192584,-0.08668797510860807,2.9212000001304066,14.749327602275182,1.504987559546691,105,8.4397390544805e-10,3.9581182775805246e-10
2.9212,projection_row_36,strict_fixed_time,99,5.924146146769324,0.8048633294308871,-0.09448034791957427,-0.01816339628026085,-0.10982123915659735,0.48439268200755575,-0.08933745785962413,2.921199999877769,14.749327602275182,1.504987559546691,105,8.4397390544805e-10,3.9581182775805246e-10
2.9212,projection_row_36,strict_fixed_time,100,5.983986006837702,0.8024327897376693,-0.09097011970923789,-0.014085160547783962,-0.10434434595073054,0.4889563737820208,-0.09202629594895961,2.921200000073651,14.749327602275182,1.504987559546691,105,8.4397390544805e-10,3.9581182775805246e-10
2.9212,projection_row_36,strict_fixed_time,101,6.0438258669060785,0.8002953834487672,-0.08768135541600952,-0.010205660671544298,-0.09959516484418426,0.4928166525775174,-0.09470866879447973,2.9211999999156166,14.749327602275182,1.504987559546691,105,8.4397390544805e-10,3.9581182775805246e-10
2.9212,projection_row_36,strict_fixed_time,102,6.103665726974455,0.7985369633351822,-0.08461051092261214,-0.006594132047194825,-0.09576644456128103,0.49591632515789097,-0.097316695179569,2.921200000054736,14.749327602275182,1.504987559546691,105,8.4397390544805e-10,3.9581182775805246e-10
2.9212,projection_row_36,strict_fixed_time,103,6.163505587042833,0.7972435528091667,-0.08198791385146008,-0.0032410948960709504,-0.09309653373028788,0.49811758434975495,-0.09974625798969362,2.921199999906932,14.749327602275182,1.504987559546691,105,8.4397390544805e-10,3.9581182775805246e-10
2.9212,projection_row_36,strict_fixed_time,104,6.2233454471112095,0.7964567190202136,-0.08038143757150178,-2.8115874200843264e-05,-0.09186001733652398,0.4992089217365668,-0.10185051489798819,2.921200000068902,14.749327602275182,1.504987559546691,105,8.4397390544805e-10,3.9581182775805246e-10
