target_jacobi,phase_index,phase_rad,x,y,z,xdot,ydot,zdot,point_jacobi,mapping_time_days,rotation_angle_rad,curve_samples,max_map_residual,curve_jacobi_span
2.9221,0,0.0,0.7987068768431053,-0.0694354590742735,-0.000872078801597896,-0.08335025220013526,0.5085622814286629,-0.05787343361592921,2.922099999986913,14.749327602275182,1.4548474691039088,57,4.57610745983986e-10,8.813838547894193e-12
2.9221,1,0.11023132117858923,0.7983988427429197,-0.0690583188961711,0.0028159107590159218,-0.08321397372133633,0.5089511724207846,-0.05765880591256587,2.922099999986319,14.749327602275182,1.4548474691039088,57,4.57610745983986e-10,8.813838547894193e-12
2.9221,2,0.22046264235717847,0.7982838773909955,-0.06879168652700691,0.006433457216624792,-0.08332149462184965,0.509112586460388,-0.05666072901725635,2.922099999986379,14.749327602275182,1.4548474691039088,57,4.57610745983986e-10,8.813838547894193e-12
2.9221,3,0.3306939635357677,0.7983468370262016,-0.06854092747396677,0.009953016156202676,-0.08357089861345728,0.509108018832864,-0.05486814941649341,2.922099999986967,14.749327602275182,1.4548474691039088,57,4.57610745983986e-10,8.813838547894193e-12
2.9221,4,0.44092528471435694,0.7985726326349426,-0.06819800478006648,0.013349556679764653,-0.08385158639466284,0.5090004939210889,-0.05229598192761592,2.9220999999877972,14.749327602275182,1.4548474691039088,57,4.57610745983986e-10,8.813838547894193e-12
2.9221,5,0.5511566058929461,0.7989496913999233,-0.06768263073846582,0.016603498515745475,-0.08407269596949407,0.5088344938568264,-0.048983107810594534,2.9220999999885264,14.749327602275182,1.4548474691039088,57,4.57610745983986e-10,8.813838547894193e-12
2.9221,6,0.6613879270715354,0.799469659428996,-0.0669734309755481,0.01970119773499867,-0.08418397552310085,0.5086237237462786,-0.04498832494473587,2.9220999999889803,14.749327602275182,1.4548474691039088,57,4.57610745983986e-10,8.813838547894193e-12
2.9221,7,0.7716192482501246,0.8001238775511371,-0.06611862043602293,0.022631538954276897,-0.08418478595222895,0.5083509435490104,-0.04038577845831129,2.922099999989143,14.749327602275182,1.4548474691039088,57,4.57610745983986e-10,8.813838547894193e-12
2.9221,8,0.8818505694287139,0.8008983157397493,-0.06522429861968304,0.025379664721888805,-0.08412046072060678,0.5079792482733382,-0.0352605801920223,2.9220999999891,14.749327602275182,1.4548474691039088,57,4.57610745983986e-10,8.813838547894193e-12
2.9221,9,0.9920818906073031,0.8017691323728299,-0.06442638123467088,0.02792070085846721,-0.08406783352885533,0.5074696831906661,-0.029704686865850927,2.922099999988922,14.749327602275182,1.4548474691039088,57,4.57610745983986e-10,8.813838547894193e-12
2.9221,10,1.1023132117858923,0.8027007086442569,-0.06385613278677824,0.030216458126579495,-0.08411343072510764,0.5067984440733423,-0.023813126573963273,2.9220999999887427,14.749327602275182,1.4548474691039088,57,4.57610745983986e-10,8.813838547894193e-12
2.9221,11,1.2125445329644815,0.8036471009728232,-0.06360946552525118,0.032216674432185774,-0.08432950430120474,0.5059682687779758,-0.017680913990921233,2.9220999999886144,14.749327602275182,1.4548474691039088,57,4.57610745983986e-10,8.813838547894193e-12
2.9221,12,1.3227758541430708,0.8045566730040143,-0.06372816520122818,0.03386436099157453,-0.08475454081229604,0.5050114467697648,-0.011400833571586427,2.922099999988499,14.749327602275182,1.4548474691039088,57,4.57610745983986e-10,8.813838547894193e-12
2.9221,13,1.43300717532166,0.8053785032097327,-0.06419758543379404,0.03510324508674362,-0.08538439645155319,0.5039847012679607,-0.0050617281325913395,2.9220999999882586,14.749327602275182,1.4548474691039088,57,4.57610745983986e-10,8.813838547894193e-12
2.9221,14,1.5432384965002492,0.8060683905627283,-0.06495999783197459,0.03588478489981366,-0.08617635895865196,0.5029584528497916,0.001253292650470233,2.922099999987869,14.749327602275182,1.4548474691039088,57,4.57610745983986e-10,8.813838547894193e-12
2.9221,15,1.6534698176788385,0.806592341174568,-0.06593669351008344,0.036172861498617856,-0.08706238748025766,0.5020045897296973,0.007468767904887231,2.9220999999874255,14.749327602275182,1.4548474691039088,57,4.57610745983986e-10,8.813838547894193e-12
2.9221,16,1.7637011388574277,0.8069265563323431,-0.06704816349513884,0.03594563802047954,-0.08796350298823749,0.5011873413852638,0.013518186784654742,2.922099999987209,14.749327602275182,1.4548474691039088,57,4.57610745983986e-10,8.813838547894193e-12
2.9221,17,1.873932460036017,0.8070548159697355,-0.06822330091027232,0.03519546824230406,-0.08879837280535353,0.5005602479179887,0.01934389817858,2.922099999987565,14.749327602275182,1.4548474691039088,57,4.57610745983986e-10,8.813838547894193e-12
2.9221,18,1.9841637812146062,0.8069657348241372,-0.06939564602276907,0.03392837750136355,-0.08948516297478672,0.5001685050314387,0.024895813492925963,2.922099999988774,14.749327602275182,1.4548474691039088,57,4.57610745983986e-10,8.813838547894193e-12
2.9221,19,2.0943951023931953,0.8066525748616346,-0.0704933295951431,0.0321641961483874,-0.08994225039491492,0.5000520421715722,0.030130111770101657,2.922099999990741,14.749327602275182,1.4548474691039088,57,4.57610745983986e-10,8.813838547894193e-12
2.9221,20,2.2046264235717845,0.8061167911503231,-0.07143365718227788,0.029937253259170547,-0.09009512789057644,0.5002436117412761,0.035009014905693074,2.922099999992909,14.749327602275182,1.4548474691039088,57,4.57610745983986e-10,8.813838547894193e-12
2.9221,21,2.3148577447503738,0.8053739932778183,-0.07213003003210518,0.027296505870616116,-0.08989207152305748,0.5007594894489802,0.03950127928488215,2.9220999999945154,14.749327602275182,1.4548474691039088,57,4.57610745983986e-10,8.813838547894193e-12
2.9221,22,2.425089065928963,0.8044590393716158,-0.07251070230354487,0.02430378845718923,-0.08932352754358612,0.5015861665871331,0.04358166194867753,2.92209999999508,14.749327602275182,1.4548474691039088,57,4.57610745983986e-10,8.813838547894193e-12
2.9221,23,2.5353203871075523,0.8034268835623096,-0.07254146197739968,0.02102955079648014,-0.08843562124061996,0.5026705139802982,0.04722772945728162,2.9220999999946367,14.749327602275182,1.4548474691039088,57,4.57610745983986e-10,8.813838547894193e-12
2.9221,24,2.6455517082861415,0.8023476521032838,-0.07224180057485892,0.017546562018603693,-0.08732978535603834,0.503920311904884,0.05041411668242673,2.922099999993531,14.749327602275182,1.4548474691039088,57,4.57610745983986e-10,8.813838547894193e-12
2.9221,25,2.7557830294647307,0.8012970522262128,-0.0716868522035703,0.013923068869324373,-0.08614660668432542,0.5052171550665595,0.053106391071382236,2.922099999992081,14.749327602275182,1.4548474691039088,57,4.57610745983986e-10,8.813838547894193e-12
2.9221,26,2.86601435064332,0.8003451347492,-0.07099278915399528,0.01021740414391769,-0.08503833184116241,0.5064379420500911,0.05525751497873512,2.9220999999904542,14.749327602275182,1.4548474691039088,57,4.57610745983986e-10,8.813838547894193e-12
2.9221,27,2.9762456718219092,0.7995468062645721,-0.07028869697643346,0.006475779158352303,-0.08413785173612945,0.5074779706342918,0.05680903143256888,2.9220999999888324,14.749327602275182,1.4548474691039088,57,4.57610745983986e-10,8.813838547894193e-12
2.9221,28,3.0864769930004985,0.7989365114784214,-0.06968216629439326,0.002733858211115146,-0.08353213480025776,0.5082690322853417,0.05769719038862795,2.9220999999874366,14.749327602275182,1.4548474691039088,57,4.57610745983986e-10,8.813838547894193e-12
2.9221,29,3.1967083141790877,0.7985279389788983,-0.06922877111613057,-0.0009789854689361086,-0.08324642460618518,0.5087883434337201,0.057862361223292254,2.9220999999865387,14.749327602275182,1.4548474691039088,57,4.57610745983986e-10,8.813838547894193e-12
2.9221,30,3.306939635357677,0.7983181100085145,-0.0689163045997766,-0.004635231017264314,-0.08324307075746466,0.5090567663872947,0.05725899959744041,2.922099999986266,14.749327602275182,1.4548474691039088,57,4.57610745983986e-10,8.813838547894193e-12
2.9221,31,3.4171709565362662,0.798294119183606,-0.06867125679979978,-0.00820714834210817,-0.08343552442322424,0.5091268891807793,0.05586341951385747,2.9220999999866244,14.749327602275182,1.4548474691039088,57,4.57610745983986e-10,8.813838547894193e-12
2.9221,32,3.5274022777148555,0.7984402011148461,-0.06838710260959521,-0.011668038904379925,-0.08371376954471067,0.5090637149750487,0.053677603919232236,2.922099999987369,14.749327602275182,1.4548474691039088,57,4.57610745983986e-10,8.813838547894193e-12
2.9221,33,3.6376335988934447,0.7987428229712371,-0.06796483064906143,-0.014995323564859208,-0.0839738498041672,0.5089231601934738,0.050728871379820475,2.9220999999881934,14.749327602275182,1.4548474691039088,57,4.57610745983986e-10,8.813838547894193e-12
2.9221,34,3.747864920072034,0.7991922887491112,-0.067350840733772,-0.018172567089941406,-0.0841432839590438,0.5087351424227994,0.047066627849036945,2.9220999999887867,14.749327602275182,1.4548474691039088,57,4.57610745983986e-10,8.813838547894193e-12
2.9221,35,3.8580962412506232,0.7997806778830113,-0.06655868096125553,-0.021188047321369072,-0.08419630988982407,0.5084971226774766,0.04275791024698932,2.9220999999890944,14.749327602275182,1.4548474691039088,57,4.57610745983986e-10,8.813838547894193e-12
2.9221,36,3.9683275624292125,0.8004972906723654,-0.06566820376256317,-0.024029639539834172,-0.08415647106221683,0.508180066350905,0.037882877331478666,2.922099999989141,14.749327602275182,1.4548474691039088,57,4.57610745983986e-10,8.813838547894193e-12
2.9221,37,4.078558883607801,0.8013236264856128,-0.0648045752540652,-0.02667813508142042,-0.08408721866349712,0.50774371372673,0.03253056269320631,2.922099999989023,14.749327602275182,1.4548474691039088,57,4.57610745983986e-10,8.813838547894193e-12
2.9221,38,4.1887902047863905,0.8022299960806643,-0.06410568119846577,-0.029102144086287546,-0.08407323631505413,0.5071548021636668,0.026794896416818058,2.922099999988826,14.749327602275182,1.4548474691039088,57,4.57610745983986e-10,8.813838547894193e-12
2.9221,39,4.29902152596498,0.803175217902104,-0.06368835923331818,-0.03125699628734619,-0.08419679379804956,0.5064018736442486,0.020771229594444822,2.9220999999886725,14.749327602275182,1.4548474691039088,57,4.57610745983986e-10,8.813838547894193e-12
2.9221,40,4.409252847143569,0.8041097670140962,-0.06362282793190029,-0.03308820790280142,-0.08451514898416111,0.5055026089625955,0.01455369266024242,2.9220999999885637,14.749327602275182,1.4548474691039088,57,4.57610745983986e-10,8.813838547894193e-12
2.9221,41,4.519484168322158,0.8049815332473291,-0.0639218742089783,-0.03453818766548733,-0.08504575952344014,0.5045025865542876,0.008233307258799673,2.922099999988397,14.749327602275182,1.4548474691039088,57,4.57610745983986e-10,8.813838547894193e-12
2.9221,42,4.6297154895007475,0.8057423205046073,-0.06454686828911621,-0.035553766326746485,-0.08576395775418647,0.5034669238563904,0.0018962908514157154,2.9220999999880846,14.749327602275182,1.4548474691039088,57,4.57610745983986e-10,8.813838547894193e-12
2.9221,43,4.739946810679337,0.8063528114976171,-0.06542668686872147,-0.03609221048600611,-0.08661243411958892,0.5024682109821227,-0.004377846853748009,2.9220999999876365,14.749327602275182,1.4548474691039088,57,4.57610745983986e-10,8.813838547894193e-12
2.9221,44,4.850178131857926,0.8067843182399119,-0.06648023413021248,-0.03612446508279411,-0.08751613389382971,0.5015753010842993,-0.010518033675135317,2.9220999999872728,14.749327602275182,1.4548474691039088,57,4.57610745983986e-10,8.813838547894193e-12
2.9221,45,4.960409453036515,0.8070172354934013,-0.06763192327429429,-0.03563586245266799,-0.08839431561381943,0.50084705266029,-0.016462294895400322,2.9220999999872896,14.749327602275182,1.4548474691039088,57,4.57610745983986e-10,8.813838547894193e-12
2.9221,46,5.0706407742151045,0.8070379967825884,-0.06881407522619,-0.03462562954144402,-0.08916542057516388,0.5003323522269859,-0.022156957120492118,2.9220999999880615,14.749327602275182,1.4548474691039088,57,4.57610745983986e-10,8.813838547894193e-12
2.9221,47,5.180872095393694,0.8068373305480256,-0.06995874754116373,-0.03310662521921136,-0.08974738831745735,0.5000735735255448,-0.02755517310656806,2.922099999989685,14.749327602275182,1.4548474691039088,57,4.57610745983986e-10,8.813838547894193e-12
2.9221,48,5.291103416572283,0.8064119404123348,-0.07098865927521321,-0.031105844222926584,-0.09006071284310549,0.500107767109283,-0.03261609751840476,2.922099999991854,14.749327602275182,1.4548474691039088,57,4.57610745983986e-10,8.813838547894193e-12
2.9221,49,5.401334737750872,0.805769578654791,-0.0718174427706422,-0.028665004686662773,-0.09003988848065621,0.5004610057720021,-0.03730517303623242,2.922099999993822,14.749327602275182,1.4548474691039088,57,4.57610745983986e-10,8.813838547894193e-12
2.9221,50,5.5115660589294615,0.8049350427281753,-0.07236309196872588,-0.025839875632172465,-0.08965198343339274,0.5011363140056684,-0.041594365504046944,2.9220999999949395,14.749327602275182,1.4548474691039088,57,4.57610745983986e-10,8.813838547894193e-12
2.9221,51,5.621797380108051,0.803953488724939,-0.07256996575254945,-0.02269728374601733,-0.08891433393989258,0.5021010736863121,-0.04546042435952501,2.9220999999949626,14.749327602275182,1.4548474691039088,57,4.57610745983986e-10,8.813838547894193e-12
2.9221,52,5.73202870128664,0.8028884189714558,-0.07242944953755404,-0.019309703633002787,-0.0879017911889417,0.503281743840862,-0.048880261546597935,2.9220999999941437,14.749327602275182,1.4548474691039088,57,4.57610745983986e-10,8.813838547894193e-12
2.9221,53,5.842260022465229,0.8018141352756364,-0.07198966096766196,-0.01574845579662992,-0.08673825481963088,0.5045707175730921,-0.05182465043796404,2.922099999992833,14.749327602275182,1.4548474691039088,57,4.57610745983986e-10,8.813838547894193e-12
2.9221,54,5.9524913436438185,0.8008048850653607,-0.07134904978584498,-0.012077336401116693,-0.08557399619404647,0.5058442803954215,-0.05425303277321158,2.9220999999912785,14.749327602275182,1.4548474691039088,57,4.57610745983986e-10,8.813838547894193e-12
2.9221,55,6.062722664822408,0.7999241116822671,-0.07063436435036195,-0.008348652347718031,-0.08455535546451898,0.5069858251582572,-0.056112184783386025,2.922099999989628,14.749327602275182,1.4548474691039088,57,4.57610745983986e-10,8.813838547894193e-12
2.9221,56,6.172953986000997,0.7992168424800697,-0.06996826252895938,-0.0046029306810414505,-0.08379503282186743,0.5079071431004852,-0.05733997542681777,2.9220999999880863,14.749327602275182,1.4548474691039088,57,4.57610745983986e-10,8.813838547894193e-12
