member_index,max_abs_z_km,curve_samples,dg_dimension,determinant_error_from_one,minimum_unstable_relative_imaginary,minimum_stable_relative_imaginary,selected_unstable_eigenvalue,selected_stable_eigenvalue,complex_reciprocity_error,real_hyperbolic_status,failure_reason
17,10969.67553863909,45,270,7.212008767965017e-13,0.6242638760846616,0.6242638760846673,N/A,N/A,N/A,fail,"DG has no nearly real unstable hyperbolic eigenvalue; minimum relative imaginary part is 0.624264, tolerance is 1e-06"
18,11090.46056248965,45,270,2.442490654175344e-15,0.6235406756699036,0.6235406756699007,N/A,N/A,N/A,fail,"DG has no nearly real unstable hyperbolic eigenvalue; minimum relative imaginary part is 0.623541, tolerance is 1e-06"
19,11210.15500667104,45,270,3.590461261637756e-13,0.6228215177283275,0.6228215177283321,N/A,N/A,N/A,fail,"DG has no nearly real unstable hyperbolic eigenvalue; minimum relative imaginary part is 0.622822, tolerance is 1e-06"
20,11328.75956753762,45,270,6.217248937900877e-13,0.6221056840531278,0.6221056840531304,N/A,N/A,N/A,fail,"DG has no nearly real unstable hyperbolic eigenvalue; minimum relative imaginary part is 0.622106, tolerance is 1e-06"
21,11446.28707112277,45,270,9.570122472268849e-14,0.6213929200793279,0.6213929200793306,N/A,N/A,N/A,fail,"DG has no nearly real unstable hyperbolic eigenvalue; minimum relative imaginary part is 0.621393, tolerance is 1e-06"
22,11562.75536761691,45,270,6.683542608243442e-14,0.6206831899081953,0.6206831899081944,N/A,N/A,N/A,fail,"DG has no nearly real unstable hyperbolic eigenvalue; minimum relative imaginary part is 0.620683, tolerance is 1e-06"
23,11678.18410211348,45,270,6.341593916658894e-13,0.3428448895041821,0.3428448895040963,N/A,N/A,N/A,fail,"DG has no nearly real unstable hyperbolic eigenvalue; minimum relative imaginary part is 0.342845, tolerance is 1e-06"
24,11792.59312495219,45,270,4.662936703425657e-14,0.3427986989825274,0.3427986989825675,N/A,N/A,N/A,fail,"DG has no nearly real unstable hyperbolic eigenvalue; minimum relative imaginary part is 0.342799, tolerance is 1e-06"
25,11906.00166460638,45,270,3.022027073029676e-13,0.3427505859314894,0.3427505859315065,N/A,N/A,N/A,fail,"DG has no nearly real unstable hyperbolic eigenvalue; minimum relative imaginary part is 0.342751, tolerance is 1e-06"
26,12018.42786867017,45,270,6.863398738232718e-13,0.3427000077943355,0.3427000077943475,N/A,N/A,N/A,fail,"DG has no nearly real unstable hyperbolic eigenvalue; minimum relative imaginary part is 0.3427, tolerance is 1e-06"
27,12129.88849324627,45,270,1.676436767183986e-13,0.342646482107586,0.3426464821075657,N/A,N/A,N/A,fail,"DG has no nearly real unstable hyperbolic eigenvalue; minimum relative imaginary part is 0.342646, tolerance is 1e-06"
28,12240.39860996162,45,270,7.227551890309769e-14,0.3425895736181697,0.3425895736182319,N/A,N/A,N/A,fail,"DG has no nearly real unstable hyperbolic eigenvalue; minimum relative imaginary part is 0.34259, tolerance is 1e-06"
29,12349.97141614397,45,270,1.154631945610163e-13,0.342528884007734,0.3425288840077049,N/A,N/A,N/A,fail,"DG has no nearly real unstable hyperbolic eigenvalue; minimum relative imaginary part is 0.342529, tolerance is 1e-06"
30,12458.61803916099,45,270,1.281197370417431e-13,0.3424640446444969,0.3424640446444923,N/A,N/A,N/A,fail,"DG has no nearly real unstable hyperbolic eigenvalue; minimum relative imaginary part is 0.342464, tolerance is 1e-06"
31,12566.3473364588,45,270,2.260414078136819e-13,0.3423947121192171,0.3423947121191944,N/A,N/A,N/A,fail,"DG has no nearly real unstable hyperbolic eigenvalue; minimum relative imaginary part is 0.342395, tolerance is 1e-06"
32,12673.16546258815,45,270,4.374278717023117e-13,0.3423205662553653,0.3423205662553497,N/A,N/A,N/A,fail,"DG has no nearly real unstable hyperbolic eigenvalue; minimum relative imaginary part is 0.342321, tolerance is 1e-06"
33,12779.07577675412,45,270,1.010302952408892e-13,0.3422413103182799,0.3422413103182904,N/A,N/A,N/A,fail,"DG has no nearly real unstable hyperbolic eigenvalue; minimum relative imaginary part is 0.342241, tolerance is 1e-06"
34,12884.0781379706,45,270,6.590283874174929e-13,0.3421566734286386,0.3421566734286465,N/A,N/A,N/A,fail,"DG has no nearly real unstable hyperbolic eigenvalue; minimum relative imaginary part is 0.342157, tolerance is 1e-06"
35,12988.16851828045,45,270,1.612043831755727e-13,0.3420664151619057,0.3420664151618946,N/A,N/A,N/A,fail,"DG has no nearly real unstable hyperbolic eigenvalue; minimum relative imaginary part is 0.342066, tolerance is 1e-06"
36,13091.33816345171,45,270,9.85878045867139e-14,0.3419703327185789,0.3419703327185952,N/A,N/A,N/A,fail,"DG has no nearly real unstable hyperbolic eigenvalue; minimum relative imaginary part is 0.34197, tolerance is 1e-06"
37,13193.57265586817,45,270,1.261213355974178e-13,0.3418682709578245,0.3418682709578506,N/A,N/A,N/A,fail,"DG has no nearly real unstable hyperbolic eigenvalue; minimum relative imaginary part is 0.341868, tolerance is 1e-06"
39,13395.14193064785,45,270,4.647393581080905e-13,0.341645914717198,0.3416459147172071,N/A,N/A,N/A,fail,"DG has no nearly real unstable hyperbolic eigenvalue; minimum relative imaginary part is 0.341646, tolerance is 1e-06"
40,13494.40530220624,45,270,1.383781977892795e-12,0.341525698131299,0.3415256981313612,N/A,N/A,N/A,fail,"DG has no nearly real unstable hyperbolic eigenvalue; minimum relative imaginary part is 0.341526, tolerance is 1e-06"
41,13592.58497282573,45,270,2.831068712794149e-13,0.34139971738865,0.3413997173886216,N/A,N/A,N/A,fail,"DG has no nearly real unstable hyperbolic eigenvalue; minimum relative imaginary part is 0.3414, tolerance is 1e-06"
42,13689.60588773216,45,270,8.837375276016246e-14,0.3412683902130006,0.3412683902129897,N/A,N/A,N/A,fail,"DG has no nearly real unstable hyperbolic eigenvalue; minimum relative imaginary part is 0.341268, tolerance is 1e-06"
43,13785.36677110888,45,270,6.661338147750939e-15,0.3411323878129133,0.3411323878129237,N/A,N/A,N/A,fail,"DG has no nearly real unstable hyperbolic eigenvalue; minimum relative imaginary part is 0.341132, tolerance is 1e-06"
44,13879.72976305561,45,270,4.996003610813204e-14,0.3409927312397362,0.3409927312397171,N/A,N/A,N/A,fail,"DG has no nearly real unstable hyperbolic eigenvalue; minimum relative imaginary part is 0.340993, tolerance is 1e-06"
46,14027.88862307368,45,270,1.221245327087672e-13,0.3407647471082706,0.3407647471082706,N/A,N/A,N/A,fail,"DG has no nearly real unstable hyperbolic eigenvalue; minimum relative imaginary part is 0.340765, tolerance is 1e-06"
50,14319.7292541397,45,270,1.5922818619174e-12,0.3403292588013269,0.3403292588013584,N/A,N/A,N/A,fail,"DG has no nearly real unstable hyperbolic eigenvalue; minimum relative imaginary part is 0.340329, tolerance is 1e-06"
54,14573.10318409037,45,270,9.019451852054772e-13,0.3405203041730477,0.340520304173097,N/A,N/A,N/A,fail,"DG has no nearly real unstable hyperbolic eigenvalue; minimum relative imaginary part is 0.34052, tolerance is 1e-06"
68,13404.12772869574,45,270,2.391420395042587e-13,0,0,(1.007329518481113+0j),(0.9927238124698577+0j),3.441691376337985e-15,pass,
