kind,sample,phase_deg,periapsis_radius_km,time_days,x_nd,y_nd,z_nd,xdot_nd,ydot_nd,zdot_nd,earth_distance_km,jacobi
phase_scan,0,0,27968.92428065079,,,,,,,,,
phase_scan,1,10,50.00000021525235,,,,,,,,,
phase_scan,2,20,23069.08257970378,,,,,,,,,
phase_scan,3,30,66495.53152441015,,,,,,,,,
phase_scan,4,40,112605.4267100849,,,,,,,,,
phase_scan,5,50,157554.1230744277,,,,,,,,,
phase_scan,6,60,199678.3418408255,,,,,,,,,
phase_scan,7,70,235649.1236986199,,,,,,,,,
phase_scan,8,80,259417.4154607154,,,,,,,,,
phase_scan,9,90,263148.6204253664,,,,,,,,,
phase_scan,10,100,240878.9099331781,,,,,,,,,
phase_scan,11,110,193104.3036794481,,,,,,,,,
phase_scan,12,120,128154.5539578838,,,,,,,,,
phase_scan,13,130,60363.32588565269,,,,,,,,,
phase_scan,14,140,9823.501076750901,,,,,,,,,
phase_scan,15,150,8326.554091806993,,,,,,,,,
phase_scan,16,160,121047.9859219615,,,,,,,,,
phase_scan,17,170,506312.6721571067,,,,,,,,,
phase_scan,18,180,503279.785135812,,,,,,,,,
phase_scan,19,190,488766.1165613887,,,,,,,,,
phase_scan,20,200,473798.1817298289,,,,,,,,,
phase_scan,21,210,458097.6913114599,,,,,,,,,
phase_scan,22,220,441199.6203117964,,,,,,,,,
phase_scan,23,230,422653.6291685563,,,,,,,,,
phase_scan,24,240,402106.9584170366,,,,,,,,,
phase_scan,25,250,379312.0315817855,,,,,,,,,
phase_scan,26,260,354113.5726847479,,,,,,,,,
phase_scan,27,270,326442.0511206741,,,,,,,,,
phase_scan,28,280,296326.1103458281,,,,,,,,,
phase_scan,29,290,263936.490046143,,,,,,,,,
phase_scan,30,300,229676.0933856304,,,,,,,,,
phase_scan,31,310,194320.526760425,,,,,,,,,
phase_scan,32,320,159164.4616592253,,,,,,,,,
phase_scan,33,330,125989.1657912338,,,,,,,,,
phase_scan,34,340,96295.62927172885,,,,,,,,,
phase_scan,35,350,67896.91407718895,,,,,,,,,
targeted_trajectory,0,14.88928708770439,6563.000041081413,0,0.9999941309592085,4.377725787341964e-05,-5.080514707827476e-25,0.3687459001133248,0.02414046949085256,1.840484348581995e-19,6562.999643455215,3.000356027155011
targeted_trajectory,1,14.88928708770439,6563.000041081413,1.135474224843056,1.000569873737124,-0.001541546881904831,2.679215224704459e-22,0.00879561234825529,-0.05664140045975783,4.506787573015745e-21,246021.6519831967,3.000356027154448
targeted_trajectory,2,14.88928708770439,6563.000041081413,2.270948449686061,1.00067415598052,-0.002506855628626154,3.330970755695805e-22,0.002778889008290483,-0.04403341795418048,2.539066530118101e-21,388461.3443369073,3.000356027154449
targeted_trajectory,3,14.88928708770439,6563.000041081413,3.406422674529066,1.000695791980814,-0.003299078937267256,3.739932596050328e-22,-0.0003270593002561886,-0.03761155761991528,1.736530257738325e-21,504485.1213242045,3.000356027154452
targeted_trajectory,4,14.88928708770439,6563.000041081413,4.541896899372071,1.000667452598461,-0.003989784107425919,4.030893446493273e-22,-0.002469155976834535,-0.03334695644559294,1.277952303972912e-21,605231.8052847964,3.000356027154453
targeted_trajectory,5,14.88928708770439,6563.000041081413,5.677371124215127,1.000602411320662,-0.004608555330284102,4.248934993337044e-22,-0.004130620879060259,-0.03013928795758276,9.725614589053013e-22,695353.5183383437,3.000356027154448
targeted_trajectory,6,14.88928708770439,6563.000041081413,6.812845349058132,1.000507970102961,-0.005171115577528584,4.416164410184044e-22,-0.005500241845571802,-0.02754170838377382,7.502244755493449e-22,777355.3672831081,3.000356027154448
targeted_trajectory,7,14.88928708770439,6563.000041081413,7.948319573901137,1.00038883283082,-0.005686991724163585,4.545282102831116e-22,-0.006670413100366021,-0.02533250299605788,5.785582628577794e-22,852778.8610321182,3.000356027154448
targeted_trajectory,8,14.88928708770439,6563.000041081413,9.083793798744193,1.000248344451052,-0.006162447563914112,4.644344963099609e-22,-0.007693046090723236,-0.02338718530566481,4.403604555934589e-22,922655.5342331185,3.000356027154448
targeted_trajectory,9,14.88928708770439,6563.000041081413,10.2192680235872,1.000089050878531,-0.006601838423119986,4.718827107348177e-22,-0.008600173542824991,-0.02162971338275821,3.25573787991076e-22,987716.9767914496,3.000356027154448
targeted_trajectory,10,14.88928708770439,6563.000041081413,11.3547422484302,0.9999129884065514,-0.007008318725530176,4.77264083967587e-22,-0.009412947986939958,-0.0200107147035887,2.278923735273276e-22,1048504.878165166,3.000356027154448
targeted_trajectory,11,14.88928708770439,6563.000041081413,12.49021647327326,0.9997218482727591,-0.007384245482507785,4.808693567861542e-22,-0.01014607017253287,-0.01849662559598764,1.431456884622262e-22,1105434.006639116,3.000356027154448
targeted_trajectory,12,14.88928708770439,6563.000041081413,13.62569069811626,0.9995170771734349,-0.007731424112873203,4.82921436246997e-22,-0.01081017156917309,-0.01706380525147835,6.845694996148367e-23,1158830.735918094,3.000356027154448
targeted_trajectory,13,14.88928708770439,6563.000041081413,14.76116492295927,0.9992999421745833,-0.008051266165640754,4.835956567255175e-22,-0.01141318815318369,-0.01569513245521602,1.773163005523178e-24,1208957.878019131,3.000356027154448
targeted_trajectory,14,14.88928708770439,6563.000041081413,15.89663914780233,0.9990715745460664,-0.008344894835677102,4.830329350881846e-22,-0.01196119780441326,-0.01437793289662122,-5.841238212252046e-23,1256031.380545898,3.000356027154449
targeted_trajectory,15,14.88928708770439,6563.000041081413,17.03211337264533,0.9988330004662367,-0.008613218031453375,4.813486377139443e-22,-0.01245895454677519,-0.01310266183590624,-1.132316674012057e-22,1300231.953236675,3.000356027154448
targeted_trajectory,16,14.88928708770439,6563.000041081413,18.16758759748834,0.9985851631961471,-0.0088569804654618,4.786387476344208e-22,-0.01291024262018321,-0.01186203646003185,-1.635521577782275e-22,1341713.406114582,3.000356027154448
targeted_trajectory,17,14.88928708770439,6563.000041081413,19.30306182233134,0.9983289395116093,-0.009076801726335147,4.74984270023263e-22,-0.01331811886527524,-0.01065044687829568,-2.100499479164573e-22,1380608.782559071,3.000356027154448
targeted_trajectory,18,14.88928708770439,6563.000041081413,20.4385360471744,0.9980651521512413,-0.009273204715056441,4.704544526690121e-22,-0.01368508334469459,-0.009463545766571888,-2.532596897879733e-22,1417034.970819201,3.000356027154448
targeted_trajectory,19,14.88928708770439,6563.000041081413,21.5740102720174,0.997794579426901,-0.009446637294744127,4.651091880701219e-22,-0.01401320240969219,-0.008297955981527562,-2.936095120209847e-22,1451096.239258332,3.000356027154448
targeted_trajectory,20,14.88928708770439,6563.000041081413,22.70948449686041,0.9975179627659528,-0.009597489058958032,4.590008372368516e-22,-0.01430419940108488,-0.007151058110033674,-3.314459697340691e-22,1482886.993561912,3.000356027154448
targeted_trajectory,21,14.88928708770439,6563.000041081413,23.84495872170346,0.9972360127149338,-0.009726104523415185,4.521756365218747e-22,-0.01455952280404621,-0.006020833426835165,-3.67052210715752e-22,1512493.960523206,3.000356027154448
targeted_trajectory,22,14.88928708770439,6563.000041081413,24.98043294654647,0.9969494137771362,-0.009832793654427291,4.446747983765321e-22,-0.01478039837571446,-0.004905746042806508,-4.006614261236885e-22,1539997.941784665,3.000356027154448
targeted_trajectory,23,14.88928708770439,6563.000041081413,26.11590717138947,0.9966588283511865,-0.009917840385687608,4.365353838285414e-22,-0.01496786967779203,-0.003804653278216669,-4.324669601981843e-22,1565475.239872161,3.000356027154448
targeted_trajectory,24,14.88928708770439,6563.000041081413,27.25138139623253,0.9963648999652548,-0.009981509596396362,4.277910022568639e-22,-0.01512283009336068,-0.002716736696340744,-4.626300118971944e-22,1588998.830746835,3.000356027154448
targeted_trajectory,25,14.88928708770439,6563.000041081413,28.38685562107553,0.9960682559507377,-0.01002405289940319,4.184723788208204e-22,-0.01524604851010237,-0.001641448483031717,-4.912855737849529e-22,1610639.337451972,3.000356027154448
targeted_trajectory,26,14.88928708770439,6563.000041081413,29.52232984591854,0.9957695096629265,-0.01004571350001364,4.086078192859973e-22,-0.01533819024527665,-0.0005784693758931576,-5.185470623523366e-22,1630465.84544445,3.000356027154448
targeted_trajectory,27,14.88928708770439,6563.000041081413,30.65780407076159,0.9954692623297394,-0.01004673032275239,3.982235944623636e-22,-0.01539983436975937,0.0004723246113461787,-5.44509964508136e-22,1648546.590064352,3.000356027154448
targeted_trajectory,28,14.88928708770439,6563.000041081413,31.7932782956046,0.9951681045900087,-0.01002734155708563,3.87344261050328e-22,-0.01543148829564786,0.001510888697329796,-5.692547358458165e-22,1664949.539127185,3.000356027154448
targeted_trajectory,29,14.88928708770439,6563.000041081413,32.9287525204476,0.9948666177680818,-0.009987787738788272,3.75992931732625e-22,-0.01543360028368535,0.002537030589263285,-5.928491239658697e-22,1679742.888026548,3.000356027154448
targeted_trajectory,30,14.88928708770439,6563.000041081413,34.06422674529061,0.9945653749202173,-0.009928314457833586,3.641915044210538e-22,-0.01540657037644211,0.003550427634635174,-6.153500459472113e-22,1692995.480472505,3.000356027154448
targeted_trajectory,31,14.88928708770439,6563.000041081413,35.19970097013366,0.9942649416795046,-0.009849174763989109,3.519608583721248e-22,-0.01535076015306556,0.004550640751336129,-6.368051173380507e-22,1704777.164690286,3.000356027154448
targeted_trajectory,32,14.88928708770439,6563.000041081413,36.33517519497667,0.9939658769191481,-0.009750631326038988,3.393210232205164e-22,-0.01526650161940739,0.005537125826265509,-6.572539070019997e-22,1715159.092305519,3.000356027154448
targeted_trajectory,33,14.88928708770439,6563.000041081413,37.47064941981967,0.9936687332484565,-0.009632958388521786,3.26291325700644e-22,-0.01515410548507899,0.006509243131546086,-6.767289752582407e-22,1724213.96506499,3.000356027154448
targeted_trajectory,34,14.88928708770439,6563.000041081413,38.60612364466273,0.9933740573514602,-0.009496443560208257,3.128905178329229e-22,-0.01501386903053584,0.007466265204143118,-6.95256740245982e-22,1732016.232856408,3.000356027154448
targeted_trajectory,35,14.88928708770439,6563.000041081413,39.74159786950574,0.9930823901745024,-0.009341389460613494,2.991368895692421e-22,-0.01484608372834456,0.008407383559005811,-7.128582081063787e-22,1738642.245107809,3.000356027154448
targeted_trajectory,36,14.88928708770439,6563.000041081413,40.87707209434874,0.992794266966273,-0.009168115244176328,2.850483682687452e-22,-0.01465104275013601,0.00933171455061778,-7.295495955507591e-22,1744170.356505245,3.000356027154449
targeted_trajectory,37,14.88928708770439,6563.000041081413,42.0125463191918,0.9925102171714703,-0.008976958016001067,2.706426068713868e-22,-0.01442904846196675,0.01023830465774426,-7.453428680567751e-22,1748680.987026066,3.000356027154448
targeted_trajectory,38,14.88928708770439,6563.000041081413,43.1480205440348,0.9922307641775308,-0.008768274147987701,2.559370622243104e-22,-0.01418041998400505,0.01112613543716643,-7.602462128558354e-22,1752256.63552045,3.000356027154448
targeted_trajectory,39,14.88928708770439,6563.000041081413,44.28349476887781,0.9919564249126459,-0.008542440499592283,2.409490646739283e-22,-0.01390550086415847,0.01199412837109336,-7.742644627128229e-22,1754981.845475209,3.000356027154448
targeted_trajectory,40,14.88928708770439,6563.000041081413,45.41896899372086,0.9916877092925711,-0.008299855543232093,2.256958797493751e-22,-0.01360466688833437,0.0128411498170836,-7.873994840001847e-22,1756943.121161012,3.000356027154448
targeted_trajectory,41,14.88928708770439,6563.000041081413,46.55444321856387,0.9914251195135679,-0.008040940390400231,2.101947625197152e-22,-0.01327833402165125,0.01366601625637982,-7.996505405372254e-22,1758228.792105066,3.000356027154449
targeted_trajectory,42,14.88928708770439,6563.000041081413,47.68991744340687,0.9911691491892205,-0.00776613971084569,1.944630050004207e-22,-0.01292696644460563,0.01446750002443633,-8.110146429459761e-22,1758928.823760697,3.000356027154448
targeted_trajectory,43,14.88928708770439,6563.000041081413,48.82539166824988,0.9909202823298868,-0.00747592253371214,1.785179768093725e-22,-0.01255108461579514,0.01524433569411222,-8.21486891741637e-22,1759134.572381452,3.000356027154448
targeted_trajectory,44,14.88928708770439,6563.000041081413,49.96086589309294,0.9906789921652099,-0.007170782916351892,1.623771591263168e-22,-0.01215127325856801,0.01599522726561971,-8.31060820925637e-22,1758938.482471868,3.000356027154448
targeted_trajectory,45,14.88928708770439,6563.000041081413,51.09634011793594,0.9904457398124659,-0.006851240463720213,1.460581718916286e-22,-0.01172818913362169,0.01671885629608666,-8.397287474004272e-22,1758433.725798383,3.000356027154448
targeted_trajectory,46,14.88928708770439,6563.000041081413,52.23181434277895,0.990220972796564,-0.006517840678918128,1.295787940909269e-22,-0.01128256842433358,0.01741389107394416,-8.47482130014215e-22,1757713.781818321,3.000356027154448
targeted_trajectory,47,14.88928708770439,6563.000041081413,53.367288567622,0.9900051234312299,-0.006171155123728918,1.129569769133121e-22,-0.01081523352821877,0.0180789969080291,-8.543119404287874e-22,1756871.960528909,3.000356027154448
targeted_trajectory,48,14.88928708770439,6563.000041081413,54.50276279246501,0.9897986070752324,-0.005811781367041482,9.621084954491001e-23,-0.01032709901863218,0.0187128475575145,-8.602090462653915e-22,1756000.870146679,3.000356027154448
targeted_trajectory,49,14.88928708770439,6563.000041081413,55.63823701730801,0.989601820282354,-0.005440342699041358,7.935871736845367e-23,-0.009819176518362525,0.01931413777641658,-8.65164605129832e-22,1755191.833679051,3.000356027154448
targeted_trajectory,50,14.88928708770439,6563.000041081413,56.77371124215107,0.9894151388689975,-0.005057487590139995,6.241905238577759e-23,-0.009292578214071945,0.01988159688618158,-8.69170466185066e-22,1754534.2603026,3.000356027154448
targeted_trajectory,51,14.88928708770439,6563.000041081413,57.90918546699407,0.9892389159286306,-0.004663888875942648,4.541047576419594e-23,-0.008748518740645325,0.02041400322342386,-8.722195739946214e-22,1754114.979452774,3.000356027154448
targeted_trajectory,52,14.88928708770439,6563.000041081413,59.04465969183708,0.989073479827445,-0.004260242653221677,2.835173252920956e-23,-0.008188315180176929,0.02091019924004524,-8.743063674993999e-22,1754017.547569267,3.000356027154448
targeted_trajectory,53,14.88928708770439,6563.000041081413,60.18013391668013,0.9889191322202908,-0.003847266876896037,1.126165858203093e-23,-0.007613384953641904,0.02136910696355863,-8.754271653347091e-22,1754321.539422136,3.000356027154448
targeted_trajectory,54,14.88928708770439,6563.000041081413,61.31560814152314,0.988776146129808,-0.003425699654364039,-5.840859594346428e-24,-0.007025241435315408,0.02178974346123432,-8.75580527380561e-22,1755101.837737879,3.000356027154448
targeted_trajectory,55,14.88928708770439,6563.000041081413,62.45108236636614,0.9886447641343376,-0.002996297241043046,-2.293693197037294e-23,-0.006425487190325544,0.02217123589805591,-8.747675816062505e-22,1756427.936315915,3.000356027154448
targeted_trajectory,56,14.88928708770439,6563.000041081413,63.58655659120915,0.9885251967113191,-0.002559831749376094,-4.000771795934776e-23,-0.005815804822225134,0.02251283574093706,-8.729923050467851e-22,1758363.272837821,3.000356027154448
targeted_trajectory,57,14.88928708770439,6563.000041081413,64.7220308160522,0.9884176207821881,-0.002117088592504643,-5.703448435937793e-23,-0.005197945516187192,0.02281393164527619,-8.702617482293886e-22,1760964.608000594,3.000356027154448
targeted_trajectory,58,14.88928708770439,6563.000041081413,65.85750504089521,0.9883221785020959,-0.001668863692826688,-7.399866704839894e-23,-0.004573715468646164,0.02307406056867536,-8.665861935999727e-22,1764281.467352786,3.000356027154448
targeted_trajectory,59,14.88928708770439,6563.000041081413,66.99297926573821,0.9882389763330134,-0.001215960494242418,-9.088193506626168e-23,-0.003944960498823453,0.02329291669273847,-8.619792404663935e-22,1768355.661224059,3.000356027154448
targeted_trajectory,60,14.88928708770439,6563.000041081413,68.12845349058126,0.9881680844320532,-0.000759186824500179,-1.076662555962983e-22,-0.003313549233709973,0.02347035779726389,-8.564578115917649e-22,1773220.896402592,3.000356027154448
targeted_trajectory,61,14.88928708770439,6563.000041081413,69.26392771542427,0.9881095363783848,-0.0002993516601781731,-1.243339582934802e-22,-0.002681355337851682,0.02360640881931897,-8.500420796822724e-22,1778902.490782524,3.000356027154448
targeted_trajectory,62,14.88928708770439,6563.000041081413,70.39940194026728,0.9880633292523152,0.0001627381489645196,-1.408677974048643e-22,-0.002050239315734835,0.02370126243760951,-8.427553154070569e-22,1785417.199178077,3.000356027154448
targeted_trajectory,63,14.88928708770439,6563.000041081413,71.53487616511033,0.9880294240694739,0.0006262811375798744,-1.57251010193598e-22,-0.001422030442482244,0.02375527664312201,-8.346236620118537e-22,1792773.155037895,3.000356027154448
targeted_trajectory,64,14.88928708770439,6563.000041081413,72.67035038995334,0.9880077465621758,0.001090484406034684,-1.734673703084015e-22,-0.000798509375165377,0.02376896938168885,-8.256758447805163e-22,1800969.92908419,3.000356027154448
targeted_trajectory,65,14.88928708770439,6563.000041081413,73.80582461479635,0.9879981882895262,0.001554566670052683,-1.895012349291574e-22,-0.0001813919623369785,0.02374301047386147,-8.159428263143497e-22,1809998.702164046,3.000356027154448
targeted_trajectory,66,14.88928708770439,6563.000041081413,74.9412988396394,0.9880006080483049,0.002017761128398523,-2.05337584754631e-22,0.0004276852937461515,0.02367821112370188,-8.054574206385809e-22,1819842.546046691,3.000356027154448
targeted_trajectory,67,14.88928708770439,6563.000041081413,76.07677306448241,0.9880148335485947,0.002479318105268176,-2.209620561658765e-22,0.001027177753979679,0.02357551141364493,-7.942538803751955e-22,1830476.802732691,3.000356027154448
targeted_trajectory,68,14.88928708770439,6563.000041081413,77.2122472893254,0.9880406633119072,0.002938507432436567,-2.363609651819945e-22,0.001615642872305517,0.02343596624238546,-7.823674715876957e-22,1841869.550219314,3.000356027154448
targeted_trajectory,69,14.88928708770439,6563.000041081413,78.34772151416847,0.9880778687454306,0.003394620545492945,-2.515213231068803e-22,0.002191747982618944,0.02326073019428211,-7.698340504324661e-22,1853982.140706796,3.000356027154448
targeted_trajectory,70,14.88928708770439,6563.000041081413,79.48319573901148,0.9881261963440534,0.003846972278113912,-2.664308440309786e-22,0.002754275596368949,0.0230510418321261,-7.566896545411331e-22,1866769.795992456,3.000356027154448
targeted_trajectory,71,14.88928708770439,6563.000041081413,80.61866996385447,0.9881853699719307,0.004294902347751366,-2.810779445877725e-22,0.003302126266549467,0.02280820788273342,-7.429701202612308e-22,1880182.244289174,3.000356027154448
targeted_trajectory,72,14.88928708770439,6563.000041081413,81.75414418869748,0.9882550931773338,0.004737776534884241,-2.954517365610783e-22,0.003834319162215656,0.02253358774096122,-7.28710734683878e-22,1894164.382876143,3.000356027154448
targeted_trajectory,73,14.88928708770439,6563.000041081413,82.88961841354053,0.988335051498063,0.005174987565733416,-3.095420130903427e-22,0.004349990568442868,0.02222857865788794,-7.139459289823536e-22,1908656.951758641,3.000356027154448
targeted_trajectory,74,14.88928708770439,6563.000041081413,84.02509263838354,0.9884249147194339,0.005605955714811124,-3.233392293247408e-22,0.004848390577689349,0.02189460190898194,-6.987090171589513e-22,1923597.204765577,3.000356027154448
targeted_trajectory,75,14.88928708770439,6563.000041081413,85.16056686322655,0.9885243390523751,0.006030129148733201,-3.368344784342308e-22,0.005328878269582231,0.02153309016391316,-6.830319820070055e-22,1938919.56612261,3.000356027154448
targeted_trajectory,76,14.88928708770439,6563.000041081413,86.2960410880696,0.988632969205129,0.006446984036330362,-3.50019463900629e-22,0.005790915688527081,0.02114547620637906,-6.669453080613597e-22,1954556.262371934,3.000356027154448
targeted_trajectory,77,14.88928708770439,6563.000041081413,87.43151531291261,0.9887504403280747,0.006856024452315892,-3.628864689901956e-22,0.00623406092470085,0.02073318308406329,-6.50477859613296e-22,1970437.921447606,3.000356027154448
targeted_trajectory,78,14.88928708770439,6563.000041081413,88.56698953775562,0.9888763798170164,0.007256782102728869,-3.754283242581131e-22,0.006657960587058459,0.02029761570861544,-6.336568005449876e-22,1986494.132647409,3.000356027154448
targeted_trajectory,79,14.88928708770439,6563.000041081413,89.70246376259867,0.9890104089656695,0.007648815900251012,-3.876383738620472e-22,0.00706234193041048,0.01984015387515645,-6.165075517983953e-22,2002653.963084129,3.000356027154448
targeted_trajectory,80,14.88928708770439,6563.000041081413,90.83793798744168,0.9891521444628832,0.008031711416494319,-3.995104413740193e-22,0.007447004865755264,0.01936214663104653,-5.990537817115504e-22,2018846.427884249,3.000356027154448
targeted_trajectory,81,14.88928708770439,6563.000041081413,91.97341221228469,0.989301199734264,0.008405080236681805,-4.110387956836295e-22,0.007811814046928244,0.01886490789439869,-5.813174241890941e-22,2035000.912887761,3.000356027154448
targeted_trajectory,82,14.88928708770439,6563.000041081413,93.10888643712774,0.9894571861312771,0.008768559239994009,-4.222181174869306e-22,0.008156691189810369,0.01834971320333039,-5.633187196705767e-22,2051047.549865047,3.000356027154448
targeted_trajectory,83,14.88928708770439,6563.000041081413,94.24436066197075,0.9896197139736025,0.009121809826410393,-4.330434667585769e-22,0.008481607744820339,0.01781779746602987,-5.450762740615203e-22,2066917.545299636,3.000356027154448
targeted_trajectory,84,14.88928708770439,6563.000041081413,95.37983488681374,0.989788393452557,0.009464517108289905,-4.435102515136444e-22,0.00878657801063603,0.01727035357795893,-5.266071311422791e-22,2082543.464593984,3.000356027154448
targeted_trajectory,85,14.88928708770439,6563.000041081413,96.51530911165675,0.9899628354048168,0.009796389082334088,-4.536141980821563e-22,0.009071652747972588,0.01670853177443297,-5.07926854416742e-22,2097859.474156696,3.000356027154448
targeted_trajectory,86,14.88928708770439,6563.000041081413,97.65078333649981,0.9901426519665784,0.01011715579505744,-4.633513230453121e-22,0.009336913327264725,0.01613343959297723,-4.890496148626549e-22,2112801.544243996,3.000356027154448
targeted_trajectory,87,14.88928708770439,6563.000041081413,98.78625756134281,0.9903274571187433,0.01042656851252108,-4.727179069183416e-22,0.009582466423382872,0.01554614232895916,-4.699882815621036e-22,2127307.615682921,3.000356027154448
targeted_trajectory,88,14.88928708770439,6563.000041081413,99.92173178618582,0.9905168671338024,0.01072439890291502,-4.817104696108801e-22,0.009808439253926491,0.01494766387892294,-4.50754512696892e-22,2141317.733723833,3.000356027154448
targeted_trajectory,89,14.88928708770439,6563.000041081413,101.0572060110289,0.9907105009348969,0.01101043823862666,-4.903257476513249e-22,0.0100149753448592,0.01433898787788905,-4.313588448696895e-22,2154774.152281844,3.000356027154449
targeted_trajectory,90,14.88928708770439,6563.000041081413,102.1926802358719,0.9909079803771178,0.01128449662272013,-4.985606731261248e-22,0.01020223079786287,0.01372105904891337,-4.118107791449553e-22,2167621.411754712,3.000356027154448
targeted_trajectory,91,14.88928708770439,6563.000041081413,103.3281544607149,0.9911089304605396,0.0115464022432702,-5.064123542574099e-22,0.01037037102731097,0.01309478469489437,-3.92118862586563e-22,2179806.393469795,3.000356027154448
targeted_trajectory,92,14.88928708770439,6563.000041081413,104.4636286855579,0.9913129794838136,0.01179600065773558,-5.138780575217755e-22,0.01051956793071246,0.01246103627360432,-3.722907643989479e-22,2191278.353633471,3.000356027154448
targeted_trajectory,93,14.88928708770439,6563.000041081413,105.5991029104009,0.991519759146414,0.01203315410850316,-5.209551911983906e-22,0.0106499974543948,0.01182065100695978,-3.523333460557096e-22,2201988.939449397,3.000356027154448
targeted_trajectory,94,14.88928708770439,6563.000041081413,106.734577135244,0.991728904606881,0.0122577408698679,-5.27641290224862e-22,0.0107618375156516,0.01117443348451034,-3.322527250267043e-22,2211892.189847993,3.000356027154448
targeted_trajectory,95,14.88928708770439,6563.000041081413,107.870051360087,0.991940054503647,0.01246965462600863,-5.339340022335226e-22,0.01085526624320683,0.0105231572289614,-3.12054331895756e-22,2220944.523040908,3.000356027154448
targeted_trajectory,96,14.88928708770439,6563.000041081413,109.00552558493,0.9921528509443026,0.01266880387895999,-5.398310746381816e-22,0.01093046049932625,0.009867566198264897,-2.917429608009953e-22,2229104.712886771,3.000356027154448
targeted_trajectory,97,14.88928708770439,6563.000041081413,110.140999809773,0.9923669394684643,0.0128551113851393,-5.453303426411268e-22,0.01098759464897082,0.009208376204461714,-2.713228132336829e-22,2236333.855834864,3.000356027154448
targeted_trajectory,98,14.88928708770439,6563.000041081413,111.276474034616,0.9925819689887473,0.01302851361864755,-5.504297180316062e-22,0.01102683954382715,0.008546276234118052,-2.507975353042644e-22,2242595.330005562,3.000356027154448
targeted_trajectory,99,14.88928708770439,6563.000041081413,112.4119482594591,0.992797591713751,0.01318896025930555,-5.551271786496561e-22,0.01104836169169752,0.007881929658948447,-2.3017024863096e-22,2247854.747772277,3.000356027154448
targeted_trajectory,100,14.88928708770439,6563.000041081413,113.5474224843021,0.9930134630564104,0.01333641370319335,-5.594207583924352e-22,0.01105232258445853,0.007215975328160571,-2.094435750308972e-22,2252079.903031816,3.000356027154449
targeted_trajectory,101,14.88928708770439,6563.000041081413,114.6828967091451,0.9932292415305704,0.01347084859331875,-5.633085376438371e-22,0.01103887816051305,0.006549028536276395,-1.886196552001857e-22,2255240.714188364,3.000356027154448
targeted_trajectory,102,14.88928708770439,6563.000041081413,115.8183709339881,0.9934445886381983,0.01359225136793491,-5.667886340117308e-22,0.01100817838029473,0.005881681861773717,-1.677001615608613e-22,2257309.163731339,3.000356027154448
targeted_trajectory,103,14.88928708770439,6563.000041081413,116.9538451588311,0.993659168749253,0.01370061982394705,-5.698591932604659e-22,0.01096036689589959,0.005214505872921285,-1.466863054316364e-22,2258259.235158529,3.000356027154448
targeted_trajectory,104,14.88928708770439,6563.000041081413,118.0893193836742,0.9938726489758818,0.01379596269278386,-5.725183803290635e-22,0.01089558079828819,0.004548049697722325,-1.25578838648229e-22,2258066.847882978,3.000356027154448
targeted_trajectory,105,14.88928708770439,6563.000041081413,119.2247936085172,0.9940846990423218,0.01387829922605,-5.747643703275811e-22,0.01081395042771682,0.003882841454987389,-1.043780497191359e-22,2256709.790663227,3.000356027154448
targeted_trajectory,106,14.88928708770439,6563.000041081413,120.3602678333602,0.9942949911516117,0.01394765878821624,-5.765953394053768e-22,0.01071559923511906,0.003219388543271074,-8.308375455523365e-23,2254167.654012654,3.000356027154448
targeted_trajectory,107,14.88928708770439,6563.000041081413,121.4957420582032,0.9945031998500089,0.01400408045353404,-5.780094553852221e-22,0.01060064368407855,0.00255817778376008,-6.169528175722184e-23,2250421.761971678,3.000356027154448
targeted_trajectory,108,14.88928708770439,6563.000041081413,122.6312162830463,0.9947090018898177,0.01404761260427584,-5.790048680563142e-22,0.01046919318483627,0.001899675412211466,-4.02114523839902e-23,2245455.103567506,3.000356027154448
targeted_trajectory,109,14.88928708770439,6563.000041081413,123.7666905078893,0.9949120760911832,0.01407831252729418,-5.795796990170924e-22,0.01032135005347498,0.00124432691371439,-1.863055405737799e-23,2239252.264238247,3.000356027154448
targeted_trajectory,110,14.88928708770439,6563.000041081413,124.9021647327323,0.9951121032032908,0.01409624600575566,-5.797320309552186e-22,0.01015720949106614,0.0005925566923812795,3.049690815886534e-24,2231799.357460997,3.000356027154448
targeted_trajectory,111,14.88928708770439,6563.000041081413,126.0376389575753,0.9953087657653226,0.01410148690273185,-5.794598962470089e-22,0.009976859579176132,-5.523243395320692e-05,2.483216300673224e-23,2223083.956796924,3.000356027154448
targeted_trajectory,112,14.88928708770439,6563.000041081413,127.1731131824183,0.9955017479674682,0.01409411673311318,-5.787612647518361e-22,0.009780381289762788,-0.0006986599263708262,4.67203910038525e-23,2213095.02854969,3.000356027154448
targeted_trajectory,113,14.88928708770439,6563.000041081413,128.3085874072613,0.9956907355122654,0.01407422422004278,-5.776340306683668e-22,0.009567848509201145,-0.001337368420056221,6.871860262612363e-23,2201822.865227283,3.000356027154448
targeted_trajectory,114,14.88928708770439,6563.000041081413,129.4440616321044,0.995875415476561,0.01404190483173865,-5.760759983087457e-22,0.009339328078024801,-0.001971024840616134,9.083178431592579e-23,2189259.020001171,3.000356027154448
targeted_trajectory,115,14.88928708770439,6563.000041081413,130.5795358569474,0.9960554761744271,0.01399726029417148,-5.740848666337241e-22,0.00909487985003629,-0.002599321764081998,1.130657488500063e-22,2175396.242372106,3.000356027154448
targeted_trajectory,116,14.88928708770439,6563.000041081413,131.7150100817904,0.9962306070214698,0.01394039807458068,-5.716582123759583e-22,0.00883455677682311,-0.003221979047815146,1.354272123495302e-22,2160228.415278905,3.000356027154448
targeted_trajectory,117,14.88928708770439,6563.000041081413,132.8504843066334,0.996400498401106,0.01387143083022744,-5.687934715599029e-22,0.0085584050265395,-0.003838745765037225,1.579238816358808e-22,2143750.493927643,3.000356027154448
targeted_trajectory,118,14.88928708770439,6563.000041081413,133.9859585314765,0.996564841533591,0.01379047581608252,-5.654879192044857e-22,0.008266464149230501,-0.004449402482213829,1.805645531671883e-22,2125958.44667543,3.000356027154448
targeted_trajectory,119,14.88928708770439,6563.000041081413,135.1214327563195,0.9967233283488607,0.01369765424430709,-5.617386469685686e-22,0.007958767305182824,-0.0050537639262362,2.033592250067068e-22,2106849.198378205,3.000356027154448
targeted_trajectory,120,14.88928708770439,6563.000041081413,136.2569069811625,0.9968756513646223,0.01359309058738101,-5.575425384684779e-22,0.007635341578040558,-0.005651682097525669,2.263192235226555e-22,2086420.576709917,3.000356027154448
targeted_trajectory,121,14.88928708770439,6563.000041081413,137.3923812060056,0.997021503571612,0.01347691181553276,-5.528962419609664e-22,0.007296208401054177,-0.006243049896142172,2.494573468053544e-22,2064671.26208599,3.000356027154448
targeted_trajectory,122,14.88928708770439,6563.000041081413,138.5278554308485,0.9971605783285761,0.0133492465576909,-5.477961400430353e-22,0.006941384133268331,-0.006827805341097759,2.72788027117365e-22,2041600.741983105,3.000356027154448
targeted_trajectory,123,14.88928708770439,6563.000041081413,139.6633296556915,0.9972925692703472,0.01321022417346084,-5.422383159711808e-22,0.006570880833273079,-0.007405936478829214,2.963275150721911e-22,2017209.270649651,3.000356027154448
targeted_trajectory,124,14.88928708770439,6563.000041081413,140.7988038805346,0.9974171702334531,0.01305997372157749,-5.362185161458282e-22,0.006184707292092835,-0.007977487095748763,3.200940886733714e-22,1991497.835456884,3.000356027154448
targeted_trajectory,125,14.88928708770439,6563.000041081413,141.9342781053776,0.9975340752050601,0.01289862280782304,-5.297321082407629e-22,0.005782870404877774,-0.008542563372679238,3.441082908447782e-22,1964468.131465319,3.000356027154449
targeted_trajectory,126,14.88928708770439,6563.000041081413,143.0697523302206,0.9976429783028375,0.01272629629244539,-5.227740343810422e-22,0.005365376984640351,-0.009101341646649984,3.683931996493728e-22,1936122.546192495,3.000356027154448
targeted_trajectory,127,14.88928708770439,6563.000041081413,144.2052265550636,0.9977435737956275,0.0125431148335644,-5.153387586847736e-22,0.004932236152159102,-0.009654077479032087,3.929747360296864e-22,1906464.157093317,3.000356027154448
targeted_trajectory,128,14.88928708770439,6563.000041081413,145.3407007799067,0.9978355561778064,0.01234919323878234,-5.07420208383e-22,0.004483462476811242,-0.01020111626958262,4.178820146053259e-22,1875496.744935,3.000356027154448
targeted_trajectory,129,14.88928708770439,6563.000041081413,146.4761750047497,0.9979186203141368,0.01214463859207067,-4.990117076164959e-22,0.004019080096842292,-0.01074290570514792,4.431477438177161e-22,1843224.827110406,3.000356027154448
targeted_trajectory,130,14.88928708770439,6563.000041081413,147.6116492295927,0.9979924616770364,0.0119295481168024,-4.901059028778195e-22,0.003539128119008709,-0.0112800103912869,4.688086824899235e-22,1809653.716044992,3.000356027154448
targeted_trajectory,131,14.88928708770439,6563.000041081413,148.7471234544358,0.9980567767049354,0.01170400672831706,-4.80694678921549e-22,0.003043667692943021,-0.01181312908688947,4.949061606115885e-22,1774789.609293507,3.000356027154448
targeted_trajectory,132,14.88928708770439,6563.000041081413,149.8825976792787,0.9981112633193081,0.01146808422038329,-4.707690638068412e-22,0.00253279128368722,-0.01234311504810133,5.21486672761261e-22,1738639.719799814,3.000356027154448
targeted_trajectory,133,14.88928708770439,6563.000041081413,151.0180719041218,0.9981556216497852,0.01122183201905935,-4.603191215686587e-22,0.002006634838721852,-0.01287100009057857,5.486025528604534e-22,1701212.457252678,3.000356027154448
targeted_trajectory,134,14.88928708770439,6563.000041081413,152.1535461289648,0.9981895550325363,0.01096527942440715,-4.493338308461871e-22,0.001465393780358833,-0.01339802309986125,5.763127386122199e-22,1662517.674709761,3.000356027154448
targeted_trajectory,135,14.88928708770439,6563.000041081413,153.2890203538078,0.9982127713682505,0.01069842924493073,-4.378009476457465e-22,0.0009093440742147499,-0.01392566385874282,6.046836325095234e-22,1622566.998953386,3.000356027154448
targeted_trajectory,136,14.88928708770439,6563.000041081413,154.4244945786508,0.9982249849545287,0.0104212527111479,-4.257068503103252e-22,0.0003388700628794123,-0.01445568321534999,6.337900628795107e-22,1581374.268758848,3.000356027154448
targeted_trajectory,137,14.88928708770439,6563.000041081413,155.5599688034938,0.9982259189460754,0.01013368353312312,-4.130363647589591e-22,-0.0002454986423391342,-0.01499017077802499,6.637163417102719e-22,1538956.112915872,3.000356027154448
targeted_trajectory,138,14.88928708770439,6563.000041081413,156.6954430283369,0.9982153086485779,0.009835610942104634,-3.997725682306875e-22,-0.0008430380836184205,-0.01553160147415576,6.945574037885038e-22,1495332.710163477,3.000356027154448
targeted_trajectory,139,14.88928708770439,6563.000041081413,157.8309172531799,0.9981929059239566,0.009526871529174807,-3.858965702593443e-22,-0.001452764405679471,-0.01608290241136929,7.264199903792502e-22,1450528.787174299,3.000356027154448
targeted_trajectory,140,14.88928708770439,6563.000041081413,158.9663914780229,0.9981584850832925,0.009207239665655865,-3.713872706466135e-22,-0.002073345932046036,-0.01664753145714744,7.594238044705842e-22,1404574.929740035,3.000356027154448
targeted_trajectory,141,14.88928708770439,6563.000041081413,160.101865702866,0.9981118507796887,0.008876416264535204,-3.562210961681967e-22,-0.002702984724595304,-0.01722956866988316,7.937025039821478e-22,1357509.30828188,3.000356027154448
targeted_trajectory,142,14.88928708770439,6563.000041081413,161.2373399277089,0.9980528486011724,0.00853401562666848,-3.403717212574532e-22,-0.003339256367041303,-0.0178338209216168,8.2940429880993e-22,1309379.954369086,3.000356027154448
targeted_trajectory,143,14.88928708770439,6563.000041081413,162.372814152552,0.9979813793234064,0.00817955012388372,-3.238097839681449e-22,-0.003978892419263556,-0.01846593830409149,8.666917519586673e-22,1260247.773627971,3.000356027154448
targeted_trajectory,144,14.88928708770439,6563.000041081413,163.508288377395,0.9978974181399091,0.007812412529004642,-3.065026187610908e-22,-0.004617484159087545,-0.01913253741549945,9.057401135206043e-22,1210190.546912114,3.000356027154448
targeted_trajectory,145,14.88928708770439,6563.000041081413,164.643762602238,0.9978010406771021,0.007431855956595053,-2.884140447452604e-22,-0.005249078531610714,-0.01984132000286426,9.467330735776869e-22,1159308.261611458,3.000356027154448
targeted_trajectory,146,14.88928708770439,6563.000041081413,165.779236827081,0.9976924582606393,0.00703697171021541,-2.695042762045892e-22,-0.005865627599518228,-0.0206011633001463,9.898541037100141e-22,1107730.234706408,3.000356027154448
targeted_trajectory,147,14.88928708770439,6563.000041081413,166.9147110519241,0.9975720657602144,0.006626665985801287,-2.49730068319292e-22,-0.006456242033708729,-0.02142213673479065,1.03527041183935e-21,1055624.643171166,3.000356027154448
targeted_trajectory,148,14.88928708770439,6563.000041081413,168.0501852767671,0.9974405063999384,0.006199637601473521,-2.290452853337663e-22,-0.007006190370369288,-0.02231536195215821,1.083104744882555e-21,1003211.262790974,3.000356027154448
targeted_trajectory,149,14.88928708770439,6563.000041081413,169.1856595016101,0.9972987590731007,0.005754361115782958,-2.074021961223059e-22,-0.007495587274693565,-0.02329256946766918,1.133387583203494e-21,950778.4096282572,3.000356027154448
targeted_trajectory,150,14.88928708770439,6563.000041081413,170.3211337264532,0.9971482545737294,0.005289083487531019,-1.847539826620235e-22,-0.007897745791327408,-0.02436510289154047,1.185978522869587e-21,898705.2046332536,3.000356027154448
targeted_trajectory,151,14.88928708770439,6563.000041081413,171.4566079512961,0.9969910267950269,0.004801848692455165,-1.610592087687347e-22,-0.008177273206535269,-0.02554197018448752,1.24044122088691e-21,847490.1548869095,3.000356027154448
targeted_trajectory,152,14.88928708770439,6563.000041081413,172.5920821761391,0.9968299012008094,0.00429057435335235,-1.362893366033433e-22,-0.008288249529503121,-0.02682635291000991,1.295853280664016e-21,797786.2559052665,3.000356027154448
targeted_trajectory,153,14.88928708770439,6563.000041081413,173.7275564009822,0.9966687115219651,0.003753217506109021,-1.104407170014389e-22,-0.008173372575034879,-0.0282098488053548,1.350537233249933e-21,750440.575372695,3.000356027154449
targeted_trajectory,154,14.88928708770439,6563.000041081413,174.8630306258252,0.996512509689285,0.003188079752015244,-8.355253819005605e-23,-0.007765916395814552,-0.02966392450042426,1.401726033140953e-21,706531.2924627082,3.000356027154449
targeted_trajectory,155,14.88928708770439,6563.000041081413,175.9985048506682,0.9963676856265624,0.002594303132770771,-5.573132534165431e-23,-0.006997620439096908,-0.03112922499596646,1.445251286023216e-21,667386.0328514352,3.000356027154448
targeted_trajectory,156,14.88928708770439,6563.000041081413,177.1339790755113,0.9962418441680243,0.001972569532616939,-2.717957960717371e-23,-0.005816216931696653,-0.03250640587009618,1.475484217578045e-21,634552.4747675902,3.000356027154449
targeted_trajectory,157,14.88928708770439,6563.000041081413,178.2694533003543,0.996143232267384,0.001325899189582501,1.779979722459099e-24,-0.004213568789052999,-0.03365697061100845,1.485916881837729e-21,609682.5829858443,3.000356027154449
targeted_trajectory,158,14.88928708770439,6563.000041081413,179.4049275251973,0.9960795690770162,0.0006602420781975553,3.070078630179447e-23,-0.002256190132513634,-0.03442530339491082,1.47071799375918e-21,594303.9198207345,3.000356027154449
targeted_trajectory,159,14.88928708770439,6563.000041081413,180.5404017500403,0.9960564197451109,-1.560748258931302e-05,5.904741389746933e-23,-9.721782984533863e-05,-0.03468487841708248,1.427007464162901e-21,589506.5156676964,3.000356027154449
targeted_trajectory,160,14.88928708770439,6563.000041081413,181.6758759748833,0.9960757026086567,-0.0006910989755886286,8.627266572462491e-23,0.002051345441410396,-0.03438948951222996,1.356625087375233e-21,595658.1377788151,3.000356027154449
targeted_trajectory,161,14.88928708770439,6563.000041081413,182.8113501997263,0.9961351164348308,-0.001355775923696217,1.119118514470626e-22,0.003981052078174179,-0.03359452095846745,1.265951369391762e-21,612296.7198413289,3.000356027154448
targeted_trajectory,162,14.88928708770439,6563.000041081413,183.9468244245694,0.996228836158091,-0.002001078233560214,1.356522051900218e-22,0.005547086377875481,-0.0324311672804157,1.163689421209496e-21,638264.9992492767,3.000356027154448
targeted_trajectory,163,14.88928708770439,6563.000041081413,185.0822986494124,0.9963490535668,-0.002621326591800239,1.573508296352566e-22,0.00669137500980661,-0.03105429120601865,1.058127079574772e-21,672006.5690940481,3.000356027154448
targeted_trajectory,164,14.88928708770439,6563.000041081413,186.2177728742554,0.996487571301826,-0.003213720772095131,1.770074883465989e-22,0.007427540833468142,-0.02959844293608455,9.554199478713332e-22,711873.1652900847,3.000356027154448
targeted_trajectory,165,14.88928708770439,6563.000041081413,187.3532470990984,0.9966369076425241,-0.003777713061193798,1.947175920093328e-22,0.007810002614337903,-0.02815848811169129,8.592375024394123e-22,756339.8656679976,3.000356027154449
targeted_trajectory,166,14.88928708770439,6563.000041081413,188.4887213239415,0.9967908136207281,-0.004314216120729729,2.106274740641667e-22,0.007906915868348838,-0.02679025997819006,7.712361565850927e-22,804108.6550331687,3.000356027154448
targeted_trajectory,167,14.88928708770439,6563.000041081413,189.6241955487845,0.9969443642653076,-0.004824927012109817,2.24901821845808e-22,0.007783850285157246,-0.0255200672513513,6.917504609541837e-22,854130.2740049463,3.000356027154448
targeted_trajectory,168,14.88928708770439,6563.000041081413,190.7596697736275,0.9970938267906635,-0.005311854914709535,2.377038587726429e-22,0.007496694654566626,-0.0243551565242685,6.203777443222767e-22,905582.4901607255,3.000356027154448
targeted_trajectory,169,14.88928708770439,6563.000041081413,191.8951439984705,0.9972364499401615,-0.005777033352746852,2.491851076587535e-22,0.00709008238485071,-0.02329190143327865,5.563734506012248e-22,957832.2070568515,3.000356027154448
targeted_trajectory,170,14.88928708770439,6563.000041081413,193.0306182233135,0.997370251310125,-0.006222365228380712,2.594812114089124e-22,0.006598374551799252,-0.02232125983052443,4.988842667550917e-22,1010396.237726556,3.000356027154448
targeted_trajectory,171,14.88928708770439,6563.000041081413,194.1660924481565,0.9974938340267797,-0.00664955207823997,2.687111486562265e-22,0.006047486136248578,-0.02143206170203271,4.470710653210098e-22,1062906.980473164,3.000356027154448
targeted_trajectory,172,14.88928708770439,6563.000041081413,195.3015666729996,0.9976062402537383,-0.007060072218635259,2.76978144855356e-22,0.005456749055398525,-0.02061283647231627,4.001656901645678e-22,1115084.657806084,3.000356027154448
targeted_trajectory,173,14.88928708770439,6563.000041081413,196.4370408978426,0.9977068387389815,-0.007455185053742395,2.843712987018848e-22,0.004840509861297782,-0.01985274235093782,3.574912517501808e-22,1166715.766958839,3.000356027154448
targeted_trajectory,174,14.88928708770439,6563.000041081413,197.5725151226856,0.9977952403418046,-0.007835947983007224,2.90967401521233e-22,0.004209396858927821,-0.01914197662491889,3.18463803308676e-22,1217636.712230516,3.000356027154448
targeted_trajectory,175,14.88928708770439,6563.000041081413,198.7079893475286,0.99787123528181,-0.00820323825387791,2.968326938644553e-22,0.003571285527980856,-0.01847190143439386,2.825854390751736e-22,1267721.50767134,3.000356027154448
targeted_trajectory,176,14.88928708770439,6563.000041081413,199.8434635723717,0.9979347467531655,-0.008557775672265592,3.020244496144569e-22,0.002932018666819856,-0.01783502288743845,2.494341551337205e-22,1316872.579087088,3.000356027154448
targeted_trajectory,177,14.88928708770439,6563.000041081413,200.9789377972147,0.9979857966767154,-0.008900144141936133,3.065923536873044e-22,0.00229593788582217,-0.01722490149994545,2.186531532248408e-22,1365013.888650967,3.000356027154448
targeted_trajectory,178,14.88928708770439,6563.000041081413,202.1144120220577,0.9980244803879311,-0.009230811150132615,3.105796761963877e-22,0.001666274136905839,-0.01663603651239354,1.899408243508656e-22,1412085.78743939,3.000356027154448
targeted_trajectory,179,14.88928708770439,6563.000041081413,203.2498862469007,0.9980509478871182,-0.009550144930452672,3.140242619255918e-22,0.001045434481582684,-0.01606374628867778,1.630418951771236e-22,1458041.150810341,3.000356027154448
targeted_trajectory,180,14.88928708770439,6563.000041081413,204.3853604717438,0.9980653899114341,-0.009858429345475565,3.169593592805671e-22,0.0004352130191560429,-0.0155040556025163,1.377398444451697e-22,1502842.467264885,3.000356027154448
targeted_trajectory,181,14.88928708770439,6563.000041081413,205.5208346965867,0.9980680275583799,-0.01015587667564551,3.194143130487843e-22,-0.0001630534915506569,-0.01495359439132639,1.138505224515328e-22,1546459.638199122,3.000356027154448
targeted_trajectory,182,14.88928708770439,6563.000041081413,206.6563089214298,0.9980591045342273,-0.01044263855475372,3.214151431927674e-22,-0.0007483703715888021,-0.01440950927006664,9.121683691393331e-23,1588868.309965905,3.000356027154448
targeted_trajectory,183,14.88928708770439,6563.000041081413,207.7917831462728,0.9980388813504859,-0.01071881529958822,3.229850290011448e-22,-0.001319999291406598,-0.01386938745163429,6.970435080132311e-23,1630048.606526099,3.000356027154448
targeted_trajectory,184,14.88928708770439,6563.000041081413,208.9272573711158,0.9980076309723173,-0.01098446386608016,3.241447149442965e-22,-0.001877394226257135,-0.01333119197447037,4.919764419301961e-23,1669984.165185259,3.000356027154448
targeted_trajectory,185,14.88928708770439,6563.000041081413,210.0627315959589,0.9979656355538499,-0.01123960463965978,3.249128518430643e-22,-0.002420153406761731,-0.01279320687273229,2.959730861911405e-23,1708661.402908518,3.000356027154448
targeted_trajectory,186,14.88928708770439,6563.000041081413,211.1982058208019,0.9979131839905357,-0.01148422724042129,3.253062845754598e-22,-0.002947983123061306,-0.01225399090526184,1.081746147141861e-23,1746068.959017388,3.000356027154448
targeted_trajectory,187,14.88928708770439,6563.000041081413,212.3336800456449,0.9978505700881085,-0.01171829549750131,3.253402955341379e-22,-0.003460670356011252,-0.01171233855735035,-7.216313391943816e-24,1782197.273537301,3.000356027154448
targeted_trajectory,188,14.88928708770439,6563.000041081413,213.4691542704879,0.9977780911985326,-0.01194175172333151,3.250288113790357e-22,-0.003958062013344549,-0.01116724717420486,-2.456867618726421e-23,1817038.270414398,3.000356027154448
targeted_trajectory,189,14.88928708770439,6563.000041081413,214.6046284953309,0.9976960472107497,-0.01215452039765903,3.243845792608992e-22,-0.004440049131213743,-0.01061788924063911,-4.129595610009951e-23,1850585.122210436,3.000356027154448
targeted_trajectory,190,14.88928708770439,6563.000041081413,215.740102720174,0.9976047398116935,-0.01235651135344828,3.234193175754383e-22,-0.00490655482511274,-0.01006358896994355,-5.744734196944688e-23,1882832.078404974,3.000356027154448
targeted_trajectory,191,14.88928708770439,6563.000041081413,216.875576945017,0.9975044719536224,-0.01254762254175938,3.221438454007481e-22,-0.005357525083702075,-0.009503802498310211,-7.306588053312101e-23,1913774.343580526,3.000356027154448
targeted_trajectory,192,14.88928708770439,6563.000041081413,218.01105116986,0.997395547479186,-0.01272774244011526,3.20568194034159e-22,-0.005792921726387545,-0.008938101097135004,-8.818931614629358e-23,1943407.994899152,3.000356027154448
targeted_trajectory,193,14.88928708770439,6563.000041081413,219.146525394703,0.9972782708671927,-0.01289675215838209,3.187017034466144e-22,-0.006212717013328648,-0.008366156914226056,-1.02850799525317e-22,1971729.93065885,3.000356027154449
targeted_trajectory,194,14.88928708770439,6563.000041081413,220.281999619546,0.997152947070749,-0.01305452728747075,3.165531059864195e-22,-0.006616889521110479,-0.007787730837897736,-1.170794879365199e-22,1998737.843536287,3.000356027154448
targeted_trajectory,195,14.88928708770439,6563.000041081413,221.4174738443891,0.9970198814260545,-0.01320093952893279,3.141305992681606e-22,-0.00700542099023924,-0.007202662147077868,-1.309010551114651e-22,2024430.213518572,3.000356027154448
targeted_trajectory,196,14.88928708770439,6563.000041081413,222.5529480692321,0.9968793796151507,-0.01333585813752167,3.114419098592642e-22,-0.00737829392031031,-0.006610859667910488,-1.443381258325616e-22,2048806.316604736,3.000356027154448
targeted_trajectory,197,14.88928708770439,6563.000041081413,223.6884222940751,0.9967317476697756,-0.0134591512038088,3.084943491120261e-22,-0.007735489741231272,-0.006012294204777758,-1.574106474378127e-22,2071866.246193238,3.000356027154448
targeted_trajectory,198,14.88928708770439,6563.000041081413,224.8238965189181,0.9965772920064109,-0.01357068679980548,3.052948622717313e-22,-0.008076987428680899,-0.005406992052857347,-1.701362083132268e-22,2093610.944723163,3.000356027154448
targeted_trajectory,199,14.88928708770439,6563.000041081413,225.9593707437611,0.9964163194848839,-0.01367033400710066,3.018500718126834e-22,-0.008402762462293956,-0.004795029431703395,-1.82530311673723e-22,2114042.243645782,3.000356027154448
targeted_trajectory,200,14.88928708770439,6563.000041081413,227.0948449686041,0.9962491374846224,-0.01375796384415878,2.981663158063367e-22,-0.008712786048258109,-0.00417652770609708,-1.946066114964401e-22,2133162.910202829,3.000356027154448
targeted_trajectory,201,14.88928708770439,6563.000041081413,228.2303191934472,0.9960760539940183,-0.01383345010703238,2.942496820034848e-22,-0.009007024545860444,-0.003551649282557412,-2.063771162990888e-22,2150976.699801747,3.000356027154448
targeted_trajectory,202,14.88928708770439,6563.000041081413,229.3657934182902,0.9958973777093885,-0.01389667013574915,2.901060382109215e-22,-0.009285439051335153,-0.002920594088261298,-2.178523654984736e-22,2167488.413025581,3.000356027154448
targeted_trajectory,203,14.88928708770439,6563.000041081413,230.5012676431332,0.9957134181408279,-0.01394750551696492,2.857410594584298e-22,-0.009547985103119997,-0.002283596554373982,-2.290415822991758e-22,2182703.956509592,3.000356027154449
targeted_trajectory,204,14.88928708770439,6563.000041081413,231.6367418679762,0.9955244857228642,-0.01398584273207862,2.811602523812998e-22,-0.009794612481067298,-0.001640923038488755,-2.399528064167107e-22,2196630.407069107,3.000356027154448
targeted_trajectory,205,14.88928708770439,6563.000041081413,232.7722160928192,0.9953308919282889,-0.0140115737588362,2.763689771844091e-22,-0.0100252650788278,-0.000992869631473501,-2.505930094068702e-22,2209276.078581728,3.000356027154448
targeted_trajectory,206,14.88928708770439,6563.000041081413,233.9076903176623,0.9951329493838976,-0.01402459663347103,2.713724675041973e-22,-0.01023988083396078,-0.0003397603028865436,-2.609681949324258e-22,2220650.591217904,3.000356027154448
targeted_trajectory,207,14.88928708770439,6563.000041081413,235.0431645425053,0.9949309719871249,-0.01402481597960801,2.661758484430029e-22,-0.0104383917046412,0.0003180546534449513,-2.710834859330269e-22,2230764.942681966,3.000356027154448
targeted_trajectory,208,14.88928708770439,6563.000041081413,236.1786387673483,0.9947252750227422,-0.01401214350947071,2.607841530149009e-22,-0.01062072368538914,0.0009801999058517044,-2.809432003604407e-22,2239631.581174505,3.000356027154448
targeted_trajectory,209,14.88928708770439,6563.000041081413,237.3141129921914,0.9945161752789089,-0.01398649850235551,2.552023372122488e-22,-0.0107867968572275,0.00164627613018029,-2.905509168884206e-22,2247264.479818704,3.000356027154448
targeted_trajectory,210,14.88928708770439,6563.000041081413,238.4495872170344,0.994303991161924,-0.01394780826485504,2.494352938767467e-22,-0.01093652547023595,0.00231586083660818,-2.999095317957277e-22,2253679.212310559,3.000356027154448
targeted_trajectory,211,14.88928708770439,6563.000041081413,239.5850614418774,0.9940890428090506,-0.01389600857690989,2.43487865537174e-22,-0.01106981805873006,0.002988508996756698,-3.090213080451525e-22,2258893.029556173,3.000356027154448
targeted_trajectory,212,14.88928708770439,6563.000041081413,240.7205356667204,0.9938716521987527,-0.01383104412743104,2.373648563574565e-22,-0.01118657759135067,0.003663753486878547,-3.178879174352117e-22,2262924.937050103,3.000356027154448
targeted_trajectory,213,14.88928708770439,6563.000041081413,241.8560098915634,0.9936521432576289,-0.0137528689429521,2.310710433228158e-22,-0.01128670166027412,0.004341105360376375,-3.265104765800294e-22,2265795.772726533,3.000356027154448
targeted_trajectory,214,14.88928708770439,6563.000041081413,242.9914841164064,0.9934308419632194,-0.01366144681253264,2.246111867780041e-22,-0.01137008271560959,0.00502005396088052,-3.348895773732066e-22,2267528.284980998,3.000356027154448
targeted_trajectory,215,14.88928708770439,6563.000041081413,244.1269583412495,0.99320807644173,-0.01355675171193033,2.179900404196321e-22,-0.01143660835288406,0.005700066885540711,-3.430253125104756e-22,2268147.210513218,3.000356027154448
targeted_trajectory,216,14.88928708770439,6563.000041081413,245.2624325660925,0.9929841770595454,-0.01343876822988286,2.112123608340315e-22,-0.01148616166336286,0.006380589807046572,-3.509172965814332e-22,2267679.351581011,3.000356027154448
targeted_trajectory,217,14.88928708770439,6563.000041081413,246.3979067909355,0.9927594765071924,-0.01330749199918224,2.042829166626312e-22,-0.01151862165884246,0.007061046162179888,-3.585646831910556e-22,2266153.652181485,3.000356027154448
targeted_trajectory,218,14.88928708770439,6563.000041081413,247.5333810157786,0.9925343098741696,-0.01316293013507465,1.972064974681969e-22,-0.01153386378449707,0.007740836714425572,-3.659661785358297e-22,2263601.272586538,3.000356027154448
targeted_trajectory,219,14.88928708770439,6563.000041081413,248.6688552406216,0.9923090147127748,-0.01300510168337142,1.899879223672374e-22,-0.01153176053536746,0.008419338998344839,-3.731200518363423e-22,2260055.661555363,3.000356027154448
targeted_trajectory,220,14.88928708770439,6563.000041081413,249.8043294654646,0.9920839310887365,-0.01283403808050033,1.826320484861473e-22,-0.01151218219414097,0.009095906654078129,-3.800241430175672e-22,2255552.625425942,3.000356027154448
targeted_trajectory,221,14.88928708770439,6563.000041081413,250.9398036903076,0.9918594016160912,-0.01264978362755233,1.751437792910236e-22,-0.01147499770996669,0.009769868661534483,-3.86675868029548e-22,2250130.393149395,3.000356027154448
targeted_trajectory,222,14.88928708770439,6563.000041081413,252.0752779151506,0.9916357714733409,-0.01245239598017598,1.675280728333148e-22,-0.0114200757401377,0.01044052848559026,-3.93072222214583e-22,2243829.676175668,3.000356027154448
targeted_trajectory,223,14.88928708770439,6563.000041081413,253.2107521399936,0.9914133883974819,-0.01224194665592809,1.597899499452897e-22,-0.01134728587849744,0.01110716314602068,-3.992097821523311e-22,2236693.721925181,3.000356027154448
targeted_trajectory,224,14.88928708770439,6563.000041081413,254.3462263648367,0.9911926026520067,-0.0120185215603923,1.519345024105579e-22,-0.01125650009630493,0.01176902222898041,-4.050847064514049e-22,2228768.359390324,3.000356027154448
targeted_trajectory,225,14.88928708770439,6563.000041081413,255.4817005896796,0.9909737669644656,-0.01178222153301225,1.439669011252501e-22,-0.01114759442291478,0.01242532686069767,-4.106927360048766e-22,2220102.035202683,3.000356027154449
targeted_trajectory,226,14.88928708770439,6563.000041081413,256.6171748145227,0.9907572364286271,-0.0115331629131385,1.358924042547964e-22,-0.01102045089484719,0.01307526866870112,-4.160291942872837e-22,2210745.838279672,3.000356027154448
targeted_trajectory,227,14.88928708770439,6563.000041081413,257.7526490393657,0.990543368365708,-0.01127147812624128,1.27716365379287e-22,-0.01087495980246435,0.01371800876140085,-4.210889883414241e-22,2200753.510930667,3.000356027154449
targeted_trajectory,228,14.88928708770439,6563.000041081413,258.8881232642087,0.9903325221385765,-0.01099731628957855,1.194442416069612e-22,-0.01071102226331221,0.01435267676320997,-4.258666111831564e-22,2190181.444062137,3.000356027154448
targeted_trajectory,229,14.88928708770439,6563.000041081413,260.0235974890518,0.990125058912272,-0.01071084383581319,1.110816016203144e-22,-0.01052855314997295,0.01497836994960118,-4.303561464394795e-22,2179088.65388098,3.000356027154448
targeted_trajectory,230,14.88928708770439,6563.000041081413,261.1590717138948,0.9899213413536662,-0.01041224515212956,1.026341336024995e-22,-0.010327484397702,0.01559415253447134,-4.345512761263095e-22,2167536.73726325,3.000356027154448
targeted_trajectory,231,14.88928708770439,6563.000041081413,262.2945459387378,0.9897217332626315,-0.01010172323129307,9.410765297309593e-23,-0.01010776871286619,0.01619905517079653,-4.384452925633282e-22,2155589.802744035,3.000356027154448
targeted_trajectory,232,14.88928708770439,6563.000041081413,263.4300201635808,0.9895265991267339,-0.00977950032981815,8.550810984200251e-23,-0.00986938369689563,0.01679207473457186,-4.420311155083667e-22,2143314.373906538,3.000356027154448
targeted_trajectory,233,14.88928708770439,6563.000041081413,264.5654943884238,0.9893363035912581,-0.009445818626953423,7.684159606832523e-23,-0.009612336391745819,0.0173721744711078,-4.453013156657143e-22,2130779.261822448,3.000356027154448
targeted_trajectory,234,14.88928708770439,6563.000041081413,265.7009686132669,0.9891512108363656,-0.009100940876562906,6.811435178806012e-23,-0.009336668241398517,0.01793828459143399,-4.482481457724885e-22,2118055.403140842,3.000356027154448
targeted_trajectory,235,14.88928708770439,6563.000041081413,266.8364428381099,0.9889716838534257,-0.008745151042190865,5.933277125062313e-23,-0.009042460449413503,0.01848930341423392,-4.508635804840452e-22,2105215.660463355,3.000356027154448
targeted_trajectory,236,14.88928708770439,6563.000041081413,267.9719170629529,0.9887980836131238,-0.008378754903672526,5.050340778061494e-23,-0.008729839694792086,0.01902409915464153,-4.5313936625113e-22,2092334.581802297,3.000356027154448
targeted_trajectory,237,14.88928708770439,6563.000041081413,269.1073912877959,0.9886307681188833,-0.008002080621637314,4.163297765866466e-23,-0.008398984147392756,0.01954151246446388,-4.550670822947565e-22,2079488.116224826,3.000356027154448
targeted_trajectory,238,14.88928708770439,6563.000041081413,270.242865512639,0.9884700913405168,-0.007615479244206106,3.272836269500333e-23,-0.008050129700039484,0.0200403598279169,-4.566382136260325e-22,2066753.28326485,3.000356027154448
targeted_trajectory,239,14.88928708770439,6563.000041081413,271.378339737482,0.9883164020249011,-0.007219325138194256,2.379661125315686e-23,-0.007683576307762857,0.0205194379116504,-4.578442368145069e-22,2054207.7943594,3.000356027154448
targeted_trajectory,240,14.88928708770439,6563.000041081413,272.5138139623249,0.9881700423828836,-0.006814016325302399,1.484493747055346e-23,-0.007299694296152318,0.0209775289565544,-4.586767188695094e-22,2041929.625458373,3.000356027154448
targeted_trajectory,241,14.88928708770439,6563.000041081413,273.6492881871681,0.988031346654606,-0.006399974702234375,5.880718419855233e-24,-0.00689893047181627,0.02141340728052905,-4.591274291579931e-22,2029996.541077016,3.000356027154448
targeted_trajectory,242,14.88928708770439,6563.000041081413,274.784762412011,0.9879006395589718,-0.005977646122572956,-3.088511038535317e-24,-0.006481813840130149,0.02182584693522406,-4.591884637393102e-22,2018485.571409356,3.000356027154449
targeted_trajectory,243,14.88928708770439,6563.000041081413,275.920236636854,0.9877782346370343,-0.005547500317727319,-1.205506594416188e-23,-0.006048960710904043,0.0222136305252468,-4.58852380860363e-22,2007472.445685207,3.000356027154448
targeted_trajectory,244,14.88928708770439,6563.000041081413,277.0557108616971,0.9876644325035617,-0.005110030634504472,-2.101112166436837e-23,-0.005601078953776613,0.02257555915557778,-4.581123456421678e-22,1997030.98670045,3.000356027154448
targeted_trajectory,245,14.88928708770439,6563.000041081413,278.1911850865401,0.9875595190258079,-0.004665753568005996,-2.994872721646924e-23,-0.005138971154713394,0.02291046342270667,-4.569622812313031e-22,1987232.473327517,3.000356027154448
targeted_trajectory,246,14.88928708770439,6563.000041081413,279.3266593113831,0.9874637634533848,-0.004215208070740994,-3.88598215776772e-23,-0.004663536425632148,0.02321721530894302,-4.553970229293517e-22,1978144.979747012,3.000356027154448
targeted_trajectory,247,14.88928708770439,6563.000041081413,280.4621335362261,0.9873774165278661,-0.003758954622168465,-4.773625300105183e-23,-0.004175770633297004,0.02349474078001582,-4.534124711036738e-22,1969832.702036077,3.000356027154448
targeted_trajectory,248,14.88928708770439,6563.000041081413,281.5976077610691,0.9873007086050519,-0.003297574047368044,-5.656980126768944e-23,-0.003676764843013593,0.02374203282690165,-4.510057380853604e-22,1962355.284493251,3.000356027154448
targeted_trajectory,249,14.88928708770439,6563.000041081413,282.7330819859122,0.9872338478264086,-0.002831666079143891,-6.535220270729528e-23,-0.003167701818167592,0.02395816463801693,-4.481752838402136e-22,1955767.159547482,3.000356027154448
targeted_trajectory,250,14.88928708770439,6563.000041081413,283.8685562107552,0.9871770183787204,-0.002361847664463262,-7.407517771522595e-23,-0.002649850477852468,0.02414230254215138,-4.449210350184675e-22,1950116.916166258,3.000356027154448
targeted_trajectory,251,14.88928708770439,6563.000041081413,285.0040304355982,0.9871303788821939,-0.001888751023493447,-8.273046038931641e-23,-0.002124558289819893,0.02429371833055225,-4.412444821005746e-22,1945446.712222681,3.000356027154448
targeted_trajectory,252,14.88928708770439,6563.000041081413,286.1395046604412,0.9870940609468769,-0.001413021477318046,-9.130982981033761e-23,-0.001593241661270732,0.02441180055268591,-4.371487497932771e-22,1941791.746208534,3.000356027154448
targeted_trajectory,253,14.88928708770439,6563.000041081413,287.2749788852843,0.9870681679351518,-0.0009353150682970679,-9.980514240226703e-23,-0.001057374480640038,0.02449606438770339,-4.326386366004244e-22,1939179.802923717,3.000356027154448
targeted_trajectory,254,14.88928708770439,6563.000041081413,288.4104531101273,0.9870527739641904,-0.0004562960045473022,-1.082083647390447e-22,-0.0005184750534496429,0.02454615972429403,-4.277206205745328e-22,1937630.886308923,3.000356027154448
targeted_trajectory,255,14.88928708770439,6563.000041081413,289.5459273349703,0.9870479231766804,2.336603329354359e-05,-1.165116061187185e-22,2.190824216810229e-05,0.02456187713528358,-4.224028295940982e-22,1937156.950450176,3.000356027154448
targeted_trajectory,256,14.88928708770439,6563.000041081413,290.6814015598133,0.9870536293010812,0.0005029986794252065,-1.247071502081354e-22,0.0005622121861148997,0.02454315150776818,-4.166949760254524e-22,1937761.737049625,3.000356027154448
targeted_trajectory,257,14.88928708770439,6563.000041081413,291.8168757846563,0.987069875514452,0.0009819297169654084,-1.3278748507403e-22,0.001100874390165127,0.02449006318047518,-4.106082572115847e-22,1939440.724460722,3.000356027154448
targeted_trajectory,258,14.88928708770439,6563.000041081413,292.9523500094994,0.9870966146119607,0.00145948990943326,-1.407453309597084e-22,0.001636348947202018,0.02440283654140743,-4.041552247673127e-22,1942181.18989854,3.000356027154448
targeted_trajectory,259,14.88928708770439,6563.000041081413,294.0878242343423,0.9871337694780135,0.001935015780423308,-1.485736652385094e-22,0.002167121589432683,0.02428183614354743,-3.973496270348246e-22,1945962.38285581,3.000356027154448
targeted_trajectory,260,14.88928708770439,6563.000041081413,295.2232984591854,0.9871812338450601,0.002407852294381104,-1.562657440716095e-22,0.002691723916617668,0.02412756049699557,-3.902062301641605e-22,1950755.804288995,3.000356027154448
targeted_trajectory,261,14.88928708770439,6563.000041081413,296.3587726840285,0.9872388733180261,0.002877355395382041,-1.638151204126004e-22,0.003208746306445332,0.02394063378536334,-3.827406240529102e-22,1956525.582980945,3.000356027154448
targeted_trajectory,262,14.88928708770439,6563.000041081413,297.4942469088714,0.9873065266353966,0.003342894366394606,-1.712156581274401e-22,0.003716849189479108,0.02372179582669092,-3.749690197644843e-22,1963228.937809002,3.000356027154448
targeted_trajectory,263,14.88928708770439,6563.000041081413,298.6297211337144,0.987384007132583,0.003803853978303332,-1.784615421282295e-22,0.004214772454723865,0.02347189065051231,-3.66908045037148e-22,1970816.712572868,3.000356027154448
targeted_trajectory,264,14.88928708770439,6563.000041081413,299.7651953585575,0.9874711043695037,0.00425963640553923,-1.855472845453423e-22,0.004701342842160049,0.02319185409091645,-3.585745441238211e-22,1979233.968645262,3.000356027154448
targeted_trajectory,265,14.88928708770439,6563.000041081413,300.9006695834005,0.9875675858823971,0.00470966289306266,-1.924677270781142e-22,0.005175479268951857,0.02288270080061969,-3.499853875217239e-22,1988420.620021927,3.000356027154448
targeted_trajectory,266,14.88928708770439,6563.000041081413,302.0361438082435,0.9876731990196786,0.005153375167230717,-1.992180397642718e-22,0.005636196120462177,0.02254551107512684,-3.411572962381126e-22,1998312.095340562,3.000356027154448
targeted_trajectory,267,14.88928708770439,6563.000041081413,303.1716180330866,0.9877876728230029,0.005590236590378244,-2.057937164888737e-22,0.006082604610906416,0.02218141784244166,-3.321066841806436e-22,2008840.012041386,3.000356027154448
targeted_trajectory,268,14.88928708770439,6563.000041081413,304.3070922579296,0.9879107199173501,0.006019733065444067,-2.121905676127592e-22,0.006513912378119913,0.02179159412685996,-3.228495211458504e-22,2019932.848954203,3.000356027154448
targeted_trajectory,269,14.88928708770439,6563.000041081413,305.4425664827726,0.9880420383776179,0.006441373702468787,-2.184047101380504e-22,0.006929421520747206,0.02137724123990017,-3.134012177861237e-22,2031516.605099139,3.000356027154448
targeted_trajectory,270,14.88928708770439,6563.000041081413,306.5780407076156,0.9881813135435691,0.0068546912631562,-2.244325558452013e-22,0.007328525313910708,0.02093957789204164,-3.037765329295506e-22,2043515.434252393,3.000356027154448
targeted_trajectory,271,14.88928708770439,6563.000041081413,307.7135149324586,0.9883282197597423,0.007259242402892076,-2.302707978346407e-22,0.007710703852036417,0.02047983035978761,-2.939895027553439e-22,2055852.246731558,3.000356027154448
targeted_trajectory,272,14.88928708770439,6563.000041081413,308.8489891573016,0.9884824220218026,0.007654607731690887,-2.359163958891435e-22,0.00807551886688967,0.0199992237870056,-2.840533906191353e-22,2068449.271787371,3.000356027154448
targeted_trajectory,273,14.88928708770439,6563.000041081413,309.9844633821447,0.9886435775155594,0.008040391716588158,-2.41366561044017e-22,0.008422607957439295,0.01949897464998037,-2.739806557885948e-22,2081228.57585523,3.000356027154448
targeted_trajectory,274,14.88928708770439,6563.000041081413,311.1199376069877,0.9888113370393186,0.0084162224481485,-2.466187397143983e-22,0.008751678448623309,0.01898028437368342,-2.637829389874796e-22,2094112.533650801,3.000356027154448
targeted_trajectory,275,14.88928708770439,6563.000041081413,312.2554118318307,0.9889853463042417,0.008781751293172921,-2.516705976856621e-22,0.009062501071084118,0.01844433405312439,-2.534710624411375e-22,2107024.250636832,3.000356027154448
targeted_trajectory,276,14.88928708770439,6563.000041081413,313.3908860566738,0.9891652471108636,0.009136652454527452,-2.56520004227001e-22,0.009354903625906205,0.01789228020831927,-2.430550420471366e-22,2119887.93671528,3.000356027154448
targeted_trajectory,277,14.88928708770439,6563.000041081413,314.5263602815168,0.9893506784028404,0.00948062245743571,-2.611650165420597e-22,0.009628764769384894,0.01732525148387308,-2.325441093356845e-22,2132629.232095245,3.000356027154448
targeted_trajectory,278,14.88928708770439,6563.000041081413,315.6618345063598,0.9895412772013615,0.009813379579725645,-2.656038647260025e-22,0.009884008024517605,0.01674434619356491,-2.219467410094702e-22,2145175.487156705,3.000356027154448
targeted_trajectory,279,14.88928708770439,6563.000041081413,316.7973087312028,0.9897366794254762,0.01013466324151987,-2.698349373569314e-22,0.01012059609944241,0.01615063060557022,-2.112706940363964e-22,2157455.998784797,3.000356027154449
targeted_trajectory,280,14.88928708770439,6563.000041081413,317.9327829560458,0.9899365206049191,0.01044423336781341,-2.738567678120998e-22,0.01033852556924665,0.01554513786391874,-2.005230444889608e-22,2169402.206108989,3.000356027154448
targeted_trajectory,281,14.88928708770439,6563.000041081413,319.0682571808888,0.9901404364929126,0.01074186973537331,-2.776680213663934e-22,0.01053782195688008,0.01492886744534782,-1.897102285619126e-22,2180947.848871818,3.000356027154448
targeted_trajectory,282,14.88928708770439,6563.000041081413,320.2037314057318,0.9903480635869445,0.01102737131348114,-2.812674831022703e-22,0.01071853523149381,0.01430278505684667,-1.788380844402577e-22,2192029.091798176,3.000356027154448
targeted_trajectory,283,14.88928708770439,6563.000041081413,321.3392056305748,0.9905590395657372,0.01130055560626425,-2.846540466366983e-22,0.01088073572833639,0.01366782288700189,-1.679118939214144e-22,2202584.618365481,3.000356027154448
targeted_trajectory,284,14.88928708770439,6563.000041081413,322.4746798554179,0.9907730036505885,0.01156125800274834,-2.87826703651348e-22,0.0110245104831698,0.01302488013300599,-1.569364229105095e-22,2212555.697312503,3.000356027154449
targeted_trajectory,285,14.88928708770439,6563.000041081413,323.6101540802609,0.9909895968990422,0.01180933113932692,-2.90784534197024e-22,0.01114995996571958,0.01237482373428591,-1.459159601014833e-22,2221886.22509235,3.000356027154449
targeted_trajectory,286,14.88928708770439,6563.000041081413,324.7456283051039,0.9912084624384788,0.0120446442780826,-2.935266977315854e-22,0.01125719519060033,0.01171848925269716,-1.348543533262812e-22,2230522.747293893,3.000356027154448
targeted_trajectory,287,14.88928708770439,6563.000041081413,325.881102529947,0.9914292456467564,0.01226708270330639,-2.960524248419483e-22,0.01134633518009096,0.01105668184778717,-1.237550431991936e-22,2238414.461841315,3.000356027154448
targeted_trajectory,288,14.88928708770439,6563.000041081413,327.01657675479,0.9916515942865007,0.01247654713763444,-2.983610095946969e-22,0.01141750475072176,0.01039017730354073,-1.126210938039411e-22,2245513.206548847,3.000356027154449
targeted_trajectory,289,14.88928708770439,6563.000041081413,328.152050979633,0.9918751585990883,0.01267295317844037,-3.00451802455886e-22,0.01147083259454532,0.009719723070147731,-1.014552202688482e-22,2251773.433366733,3.000356027154448
targeted_trajectory,290,14.88928708770439,6563.000041081413,329.287525204476,0.9920995913637901,0.01285623075447269,-3.023242037183851e-22,0.01150644962590188,0.009046039290614843,-9.025981315244667e-23,2257152.171414855,3.000356027154448
targeted_trajectory,291,14.88928708770439,6563.000041081413,330.422999429319,0.992324547926986,0.01302632360219114,-3.039776573741927e-22,0.01152448756520174,0.008369819787461199,-7.903695962038237e-23,2261608.980667546,3.000356027154448
targeted_trajectory,292,14.88928708770439,6563.000041081413,331.5584736541621,0.9925496862058053,0.01318318876081847,-3.054116453692187e-22,0.01152507773251728,0.007691732989313456,-6.77884614369347e-23,2265105.897932769,3.000356027154448
targeted_trajectory,293,14.88928708770439,6563.000041081413,332.6939478790051,0.9927746666700453,0.01332679608476788,-3.066256821787854e-22,0.01150835002543394,0.007012422780988891,-5.651584982310271e-23,2267607.376562262,3.000356027154448
targeted_trajectory,294,14.88928708770439,6563.000041081413,333.8294221038481,0.9929991523057291,0.0134571277718166,-3.07619309643297e-22,0.01147443205750593,0.006332509263681884,-4.522039725019145e-23,2269080.221140506,3.000356027154448
targeted_trajectory,295,14.88928708770439,6563.000041081413,334.9648963286911,0.9932228085632254,0.01357417790515858,-3.083920920049594e-22,0.01142344843569978,0.005652589414209032,-3.390312624504263e-23,2269493.518228595,3.000356027154448
targeted_trajectory,296,14.88928708770439,6563.000041081413,336.1003705535342,0.9934453032924521,0.01367795200727105,-3.089436110879211e-22,0.01135552015730084,0.00497323763398261,-2.256481528216645e-23,2268818.564085361,3.000356027154448
targeted_trajectory,297,14.88928708770439,6563.000041081413,337.2358447783772,0.9936663066673233,0.01376846660335988,-3.092734615656121e-22,0.01127076410884948,0.004295006179526609,-1.120600183040915e-23,2267028.790152035,3.000356027154448
targeted_trajectory,298,14.88928708770439,6563.000041081413,338.3713190032202,0.9938854911012783,0.01384574879199534,-3.093812462602597e-22,0.01116929265173002,0.003618425466974877,1.730173914128293e-25,2264099.686967986,3.000356027154449
targeted_trajectory,299,14.88928708770439,6563.000041081413,339.5067932280633,0.9941025311554526,0.01390983582040457,-3.092665714204532e-22,0.01105121328103521,0.002944004243136698,1.157218891339953e-23,2260008.72708216,3.000356027154449
targeted_trajectory,300,14.88928708770439,6563.000041081413,340.6422674529063,0.9943171034408052,0.01396077466173994,-3.089290419231343e-22,0.01091662834626542,0.002272229615412659,2.299170775341801e-23,2254735.28743784,3.000356027154448
targeted_trajectory,301,14.88928708770439,6563.000041081413,341.7777416777492,0.9945288865153167,0.01399862159148527,-3.083682563464333e-22,0.0107656348243022,0.001603566932111337,3.443202540691632e-23,2248260.571635711,3.000356027154448
targeted_trajectory,302,14.88928708770439,6563.000041081413,342.9132159025923,0.9947375607771979,0.01402344175998629,-3.075838018592765e-22,0.01059832413693785,0.000938459503561696,4.589386062758733e-23,2240567.532421445,3.000356027154448
targeted_trajectory,303,14.88928708770439,6563.000041081413,344.0486901274353,0.9949428083549204,0.01403530875788921,-3.065752488726025e-22,0.01041478200707007,0.0002773281528310587,5.737821307088483e-23,2231640.794698449,3.000356027154448
targeted_trajectory,304,14.88928708770439,6563.000041081413,345.1841643522783,0.9951443129947821,0.01403430417103385,-3.053421453952821e-22,0.01021508834952391,-0.0003794294171774295,6.888637990780572e-23,2221466.579333529,3.000356027154448
targeted_trajectory,305,14.88928708770439,6563.000041081413,346.3196385771213,0.9953417599466582,0.0140205171210652,-3.038840110353597e-22,0.009999317194389405,-0.001031439455996903,8.04199755552449e-23,2210032.628002857,3.000356027154448
targeted_trajectory,306,14.88928708770439,6563.000041081413,347.4551128019644,0.9955348358485716,0.01399404378769112,-3.02200330583969e-22,0.009767536642820771,-0.001678353216052028,9.198095471192786e-23,2197328.129317626,3.000356027154448
targeted_trajectory,307,14.88928708770439,6563.000041081413,348.5905870268074,0.9957232286107318,0.01395498690811121,-3.002905471151328e-22,0.00951980885751233,-0.002319848243790382,1.035716389358523e-22,2183343.646473979,3.000356027154448
targeted_trajectory,308,14.88928708770439,6563.000041081413,349.7260612516504,0.9959066272997638,0.01390345524866114,-2.981540545295491e-22,0.00925619009263883,-0.00295562993837428,1.151947470508498e-22,2168071.046690345,3.000356027154448
targeted_trajectory,309,14.88928708770439,6563.000041081413,350.8615354764934,0.9960847220239677,0.01383956304314175,-2.957901894643041e-22,0.00897673077104604,-0.003585433410043615,1.268534297269013e-22,2151503.432729269,3.000356027154448
targeted_trajectory,310,14.88928708770439,6563.000041081413,351.9970097013364,0.9962572038206368,0.01376342939161644,-2.931982224831131e-22,0.008681475620054025,-0.004209025676477201,1.385513086418611e-22,2133635.07685152,3.000356027154449
targeted_trajectory,311,14.88928708770439,6563.000041081413,353.1324839261795,0.9964237645467244,0.0136751776126412,-2.903773484530599e-22,0.008370463881583733,-0.004826208242880449,1.502925207018923e-22,2114461.357620519,3.000356027154448
targeted_trajectory,312,14.88928708770439,6563.000041081413,354.2679581510225,0.9965840967745078,0.01357493454091506,-2.873266760037432e-22,0.008043729617690979,-0.005436820120350464,1.620817678747862e-22,2093978.700068905,3.000356027154448
targeted_trajectory,313,14.88928708770439,6563.000041081413,355.4034323758655,0.9967378936943706,0.01346282976117321,-2.840452159531017e-22,0.007701302139313568,-0.006040741347611339,1.739243732748493e-22,2072184.519860526,3.000356027154449
targeted_trajectory,314,14.88928708770439,6563.000041081413,356.5389066007085,0.9968848490274529,0.01333899476775411,-2.805318685708259e-22,0.007343206594536811,-0.006637897093834703,1.858263442302755e-22,2049077.172237238,3.000356027154449
targeted_trajectory,315,14.88928708770439,6563.000041081413,357.6743808255515,0.9970246569517206,0.01320356203761036,-2.767854095350277e-22,0.00696946476351397,-0.007228262435409798,1.977944431634194e-22,2024655.906738735,3.000356027154448
targeted_trajectory,316,14.88928708770439,6563.000041081413,358.8098550503946,0.9971570120460651,0.01305666400254707,-2.728044744205951e-22,0.006580096121085327,-0.007811867917748173,2.098362672197194e-22,1998920.828935809,3.000356027154448
targeted_trajectory,317,14.88928708770439,6563.000041081413,359.9453292752376,0.997281609258398,0.01289843190409349,-2.685875415383305e-22,0.006175119246103422,-0.008388806035166637,2.219603376892606e-22,1971872.870737856,3.000356027154448
targeted_trajectory,318,14.88928708770439,6563.000041081413,361.0808035000806,0.9973981439054718,0.0127289945115647,-2.641329129225305e-22,0.005754553679804025,-0.008959238788397257,2.341762003707697e-22,1943513.771242083,3.000356027154449
targeted_trajectory,319,14.88928708770439,6563.000041081413,362.2162777249237,0.9975063117144347,0.01254847668045037,-2.5943869324126e-22,0.005318422366034461,-0.009523406511302519,2.464945381221475e-22,1913846.070610198,3.000356027154448
targeted_trajectory,320,14.88928708770439,6563.000041081413,363.3517519497667,0.9976058089191023,0.01235699772415972,-2.545027663785505e-22,0.00486675484613918,-0.01008163819709748,2.589272969096284e-22,1882873.120120061,3.000356027154449
targeted_trajectory,321,14.88928708770439,6563.000041081413,364.4872261746096,0.9976963324277868,0.01215466956721055,-2.493227694118384e-22,0.004399591434055448,-0.01063436360117957,2.71487826685597e-22,1850599.112388928,3.000356027154448
targeted_trajectory,322,14.88928708770439,6563.000041081413,365.6227003994527,0.9977775800845885,0.01194159464200319,-2.438960636824793e-22,0.003916988667105998,-0.01118212745413616,2.841910383556443e-22,1817029.136858478,3.000356027154448
targeted_trajectory,323,14.88928708770439,6563.000041081413,366.7581746242957,0.9978492510526873,0.01171786348416185,-2.382197026343532e-22,0.003419026421158547,-0.01172560618642183,2.970535778803304e-22,1782169.267047437,3.000356027154448
targeted_trajectory,324,14.88928708770439,6563.000041081413,367.8936488491387,0.9979110463569238,0.01148355197281301,-2.322903960790785e-22,0.002905817203624182,-0.01226562764744319,3.100940181059179e-22,1746026.687919032,3.000356027154448
targeted_trajectory,325,14.88928708770439,6563.000041081413,369.0291230739818,0.9979626696345495,0.01123871815182665,-2.261044705420687e-22,0.002377518305775221,-0.01280319439811284,3.233330680910749e-22,1708609.874118569,3.000356027154448
targeted_trajectory,326,14.88928708770439,6563.000041081413,370.1645972988248,0.9980038281584427,0.0109833985556625,-2.196578253608843e-22,0.001834347723205897,-0.01333951126853409,3.36793798276875e-22,1669928.833002534,3.000356027154448
targeted_trajectory,327,14.88928708770439,6563.000041081413,371.3000715236678,0.9980342342177035,0.0107176039487216,-2.129458842606726e-22,0.001276605062466073,-0.01387601800118159,3.505018775005162e-22,1629995.430566763,3.000356027154448
targeted_trajectory,328,14.88928708770439,6563.000041081413,372.4355457485108,0.9980536069682441,0.01044131436971136,-2.059635422437486e-22,0.0007046990745201264,-0.01441442794169192,3.644858140601681e-22,1588823.823946503,3.000356027154448
targeted_trajectory,329,14.88928708770439,6563.000041081413,373.5710199733538,0.9980616749034015,0.01015447335230852,-1.987051078371002e-22,0.0001191840360027926,-0.01495677388550463,3.787771869929056e-22,1546431.031601793,3.000356027154448
targeted_trajectory,330,14.88928708770439,6563.000041081413,374.7064941981968,0.9980581791453795,0.009856981170426196,-1.911642410981556e-22,-0.0004791920006099938,-0.01550546231997931,3.934108441733057e-22,1502837.682302529,3.000356027154448
targeted_trajectory,331,14.88928708770439,6563.000041081413,375.8419684230399,0.9980428778275594,0.009548686931280213,-1.833338883718273e-22,-0.001089422959917772,-0.01606333738012296,4.084250288128912e-22,1458068.99753847,3.000356027154449
targeted_trajectory,332,14.88928708770439,6563.000041081413,376.9774426478829,0.998015551932516,0.009229379313869119,-1.75206215755361e-22,-0.001710158837296985,-0.01663375578952795,4.238613723619911e-22,1412156.080314802,3.000356027154448
targeted_trajectory,333,14.88928708770439,6563.000041081413,378.1129168727259,0.9979760130808312,0.008898775728041871,-1.667725447725526e-22,-0.002339590344152311,-0.01722067375406266,4.397646548529858e-22,1365137.60826583,3.000356027154448
targeted_trajectory,334,14.88928708770439,6563.000041081413,379.2483910975689,0.9979241139451067,0.008556509657161459,-1.580232962154447e-22,-0.002975293375709708,-0.01782874597572825,4.561821757895332e-22,1317062.063106637,3.000356027154448
targeted_trajectory,335,14.88928708770439,6563.000041081413,380.383865322412,0.997859762210501,0.008202115958920116,-1.489479519967277e-22,-0.003614018540361266,-0.01846343523409509,4.731624879014165e-22,1267990.674972567,3.000356027154448
targeted_trajectory,336,14.88928708770439,6563.000041081413,381.519339547255,0.9977829393420417,0.007835013958689125,-1.395350509786175e-22,-0.004251405545016277,-0.019131127598162,4.907531039966623e-22,1218001.323498772,3.000356027154448
targeted_trajectory,337,14.88928708770439,6563.000041081413,382.654813772098,0.997693725880457,0.007454488321898117,-1.297722443626059e-22,-0.004881595090916585,-0.01983924198849311,5.089965655437689e-22,1167193.722855974,3.000356027154448
targeted_trajectory,338,14.88928708770439,6563.000041081413,383.790287996941,0.9975923356063795,0.007059668013854837,-1.196464512753457e-22,-0.005496702078961753,-0.0205963112932359,5.279239186942014e-22,1115696.331031812,3.000356027154448
targeted_trajectory,339,14.88928708770439,6563.000041081413,384.9257622217841,0.9974791617152231,0.006649504281372426,-1.091441785814692e-22,-0.006086104156254539,-0.021411991846196,5.475441208237738e-22,1063675.568409729,3.000356027154448
targeted_trajectory,340,14.88928708770439,6563.000041081413,386.061236446627,0.9973548391263098,0.006222749747903658,-9.825210489306103e-23,-0.006635491870709118,-0.02229692283535826,5.678271266342779e-22,1011348.104119547,3.000356027154448
targeted_trajectory,341,14.88928708770439,6563.000041081413,387.19671067147,0.9972203281059787,0.005777942774698833,-8.695808278850519e-23,-0.007125628738792073,-0.02326229818896164,5.886773170195e-22,958997.1481160158,3.000356027154448
targeted_trajectory,342,14.88928708770439,6563.000041081413,388.3321848963131,0.9970770251693262,0.005313404779173772,-7.525279142873949e-23,-0.007530799631938905,-0.02431891919685894,6.098925712523349e-22,906993.802907696,3.000356027154448
targeted_trajectory,343,14.88928708770439,6563.000041081413,389.4676591211561,0.9969269068565012,0.004827264008876044,-6.313237680332656e-23,-0.007817022802425496,-0.0254753574302247,6.311030031544238e-22,855824.4094979216,3.000356027154448
targeted_trajectory,344,14.88928708770439,6563.000041081413,390.6031333459991,0.9967727085013754,0.004317528163419624,-5.0602537294589e-23,-0.007940338294094601,-0.0267346855893612,6.516834049260047e-22,806124.0935333302,3.000356027154448
targeted_trajectory,345,14.88928708770439,6563.000041081413,391.7386075708422,0.9966181296967724,0.003782240280405861,-3.768459639733016e-23,-0.007845980735264713,-0.02808910896376652,6.706378916782101e-22,758714.65838781,3.000356027154448
targeted_trajectory,346,14.88928708770439,6563.000041081413,392.8740817956852,0.996468034515381,0.003219764471155992,-2.442400937127404e-23,-0.007470117359500526,-0.0295120040158489,6.864705376535987e-22,714640.4107497726,3.000356027154448
targeted_trajectory,347,14.88928708770439,6563.000041081413,394.0095560205282,0.9963285704857667,0.002629249689890897,-1.090117381585016e-23,-0.006746994759448613,-0.03094790207985314,6.970914320340301e-22,675187.1375774915,3.000356027154448
targeted_trajectory,348,14.88928708770439,6563.000041081413,395.1450302453712,0.9962070665853686,0.002011286226084402,2.757104271638342e-24,-0.005624942548156442,-0.03230364133025637,6.998674117812929e-22,641857.5231089955,3.000356027154448
targeted_trajectory,349,14.88928708770439,6563.000041081413,396.2805044702142,0.9961115179878786,0.001368665439587609,1.636986559245894e-23,-0.004092412603770228,-0.03344829070743236,6.919805997582178e-22,616266.7597586986,3.000356027154448
targeted_trajectory,350,14.88928708770439,6563.000041081413,397.4159786950573,0.9960495104854314,0.0007069692927034583,2.970530694716531e-23,-0.002207165033083378,-0.03423226753100075,6.712042815813108e-22,599931.3211047252,3.000356027154448
targeted_trajectory,351,14.88928708770439,6563.000041081413,398.5514529199003,0.9960266889167665,3.455470804289719e-05,4.250224594458611e-23,-0.0001098878588306314,-0.0345294958451977,6.36920818617522e-22,593972.0550353958,3.000356027154448
targeted_trajectory,352,14.88928708770439,6563.000041081413,399.6869271447433,0.9960452897515708,-0.0006384001391464604,5.450931097219335e-23,0.001998338430996262,-0.03428671536770082,5.907981041085467e-22,598831.530744653,3.000356027154448
targeted_trajectory,353,14.88928708770439,6563.000041081413,400.8224013695863,0.9961034820253925,-0.001301620057207101,6.552867706489081e-23,0.003913099352568969,-0.03354766647332669,5.365144794026376e-22,614147.4482059771,3.000356027154448
targeted_trajectory,354,14.88928708770439,6563.000041081413,401.9578755944293,0.9961959102007005,-0.001946501276289009,7.544482145290128e-23,0.005485777957992946,-0.03243308733873875,4.785828715494795e-22,638856.9015300893,3.000356027154448
targeted_trajectory,355,14.88928708770439,6563.000041081413,403.0933498192724,0.9963151123383021,-0.002567162779205262,8.422748128099744e-23,0.006650274531429771,-0.03109241987022028,4.210349297711499e-22,671469.4337981495,3.000356027154448
targeted_trajectory,356,14.88928708770439,6563.000041081413,404.2288240441154,0.9964530760072025,-0.003160548124409438,9.191373664791197e-23,0.007412307307547114,-0.02965978696076623,3.666716182107664e-22,710368.3977358692,3.000356027154448
targeted_trajectory,357,14.88928708770439,6563.000041081413,405.3642982689584,0.9966023716818188,-0.003725876558271402,9.858234925901076e-23,0.007820782350711051,-0.02823245277685886,3.16990611402011e-22,754033.1315716176,3.000356027154448
targeted_trajectory,358,14.88928708770439,6563.000041081413,406.4997724938015,0.9967567208944585,-0.004263884610807521,1.043309787565627e-22,0.007940921727519031,-0.0268694084778781,2.724937994472372e-22,801153.4871060484,3.000356027154448
targeted_trajectory,359,14.88928708770439,6563.000041081413,407.6352467186445,0.9969111312919803,-0.004776152378820031,1.092605066177918e-22,0.007837204753263396,-0.02559975157841691,2.330684615956058e-22,850660.8443357629,3.000356027154448
