sample_index,curve_samples,eigen_index,mode_amplitude_nd,mapping_time_days,rotation_angle_rad,eigenvalue_real,eigenvalue_imag,eigenvalue_magnitude,stability_index,determinant,curve_residual_norm,real_unstable_index,real_stable_index
0,15,0,0.025332424902528,12.17014878859061,0.4974033667883291,-549.1672303831044,1233.655171167916,1350.366516274745,675.183628407217,0.999999998247632,1.317407534478492e-12,4,83
0,15,1,0.025332424902528,12.17014878859061,0.4974033667883291,-549.1672303831044,-1233.655171167916,1350.366516274745,675.183628407217,0.999999998247632,1.317407534478492e-12,4,83
0,15,2,0.025332424902528,12.17014878859061,0.4974033667883291,735.4973477068254,1132.489884585839,1350.366501055554,675.183628407217,0.999999998247632,1.317407534478492e-12,4,83
0,15,3,0.025332424902528,12.17014878859061,0.4974033667883291,735.4973477068254,-1132.489884585839,1350.366501055554,675.183628407217,0.999999998247632,1.317407534478492e-12,4,83
0,15,4,0.025332424902528,12.17014878859061,0.4974033667883291,1350.366501055327,0,1350.366501055327,675.183628407217,0.999999998247632,1.317407534478492e-12,4,83
0,15,5,0.025332424902528,12.17014878859061,0.4974033667883291,1186.73515729774,-644.3208467882207,1350.366501055318,675.183628407217,0.999999998247632,1.317407534478492e-12,4,83
0,15,6,0.025332424902528,12.17014878859061,0.4974033667883291,1186.73515729774,644.3208467882207,1350.366501055318,675.183628407217,0.999999998247632,1.317407534478492e-12,4,83
0,15,7,0.025332424902528,12.17014878859061,0.4974033667883291,106.0110117190175,1346.198853218228,1350.366500995845,675.183628407217,0.999999998247632,1.317407534478492e-12,4,83
0,15,8,0.025332424902528,12.17014878859061,0.4974033667883291,106.0110117190175,-1346.198853218228,1350.366500995845,675.183628407217,0.999999998247632,1.317407534478492e-12,4,83
0,15,9,0.025332424902528,12.17014878859061,0.4974033667883291,-1071.257137868999,-822.1273520471362,1350.364853815189,675.183628407217,0.999999998247632,1.317407534478492e-12,4,83
0,15,10,0.025332424902528,12.17014878859061,0.4974033667883291,-1071.257137868999,822.1273520471362,1350.364853815189,675.183628407217,0.999999998247632,1.317407534478492e-12,4,83
0,15,11,0.025332424902528,12.17014878859061,0.4974033667883291,-1333.378757091634,-211.0736901101306,1349.981856366943,675.183628407217,0.999999998247632,1.317407534478492e-12,4,83
0,15,12,0.025332424902528,12.17014878859061,0.4974033667883291,-1333.378757091634,211.0736901101306,1349.981856366943,675.183628407217,0.999999998247632,1.317407534478492e-12,4,83
0,15,13,0.025332424902528,12.17014878859061,0.4974033667883291,-1263.842354638174,-404.0582806631062,1326.861180210571,675.183628407217,0.999999998247632,1.317407534478492e-12,4,83
0,15,14,0.025332424902528,12.17014878859061,0.4974033667883291,-1263.842354638174,404.0582806631062,1326.861180210571,675.183628407217,0.999999998247632,1.317407534478492e-12,4,83
0,15,15,0.025332424902528,12.17014878859061,0.4974033667883291,-1.172332789719554,-0.3123262202452509,1.213223737694048,675.183628407217,0.999999998247632,1.317407534478492e-12,4,83
0,15,16,0.025332424902528,12.17014878859061,0.4974033667883291,-1.172332789719554,0.3123262202452509,1.213223737694048,675.183628407217,0.999999998247632,1.317407534478492e-12,4,83
0,15,17,0.025332424902528,12.17014878859061,0.4974033667883291,-1.008177375335349,-0.1557165518845257,1.020131983945646,675.183628407217,0.999999998247632,1.317407534478492e-12,4,83
0,15,18,0.025332424902528,12.17014878859061,0.4974033667883291,-1.008177375335349,0.1557165518845257,1.020131983945646,675.183628407217,0.999999998247632,1.317407534478492e-12,4,83
0,15,19,0.025332424902528,12.17014878859061,0.4974033667883291,-0.7989766698166517,-0.6128604670910666,1.006956638110295,675.183628407217,0.999999998247632,1.317407534478492e-12,4,83
0,15,20,0.025332424902528,12.17014878859061,0.4974033667883291,-0.7989766698166517,0.6128604670910666,1.006956638110295,675.183628407217,0.999999998247632,1.317407534478492e-12,4,83
0,15,21,0.025332424902528,12.17014878859061,0.4974033667883291,-0.7940954378660147,0.6096190707432644,1.001110870909661,675.183628407217,0.999999998247632,1.317407534478492e-12,4,83
0,15,22,0.025332424902528,12.17014878859061,0.4974033667883291,-0.7940954378660147,-0.6096190707432644,1.001110870909661,675.183628407217,0.999999998247632,1.317407534478492e-12,4,83
0,15,23,0.025332424902528,12.17014878859061,0.4974033667883291,-0.4062778746449139,-0.9138452293483927,1.000087403494717,675.183628407217,0.999999998247632,1.317407534478492e-12,4,83
0,15,24,0.025332424902528,12.17014878859061,0.4974033667883291,-0.4062778746449139,0.9138452293483927,1.000087403494717,675.183628407217,0.999999998247632,1.317407534478492e-12,4,83
0,15,25,0.025332424902528,12.17014878859061,0.4974033667883291,-0.4071543902974324,-0.9134545230509549,1.000086927832137,675.183628407217,0.999999998247632,1.317407534478492e-12,4,83
0,15,26,0.025332424902528,12.17014878859061,0.4974033667883291,-0.4071543902974324,0.9134545230509549,1.000086927832137,675.183628407217,0.999999998247632,1.317407534478492e-12,4,83
0,15,27,0.025332424902528,12.17014878859061,0.4974033667883291,0.07846526577273161,-0.996925415139699,1.000008540605652,675.183628407217,0.999999998247632,1.317407534478492e-12,4,83
0,15,28,0.025332424902528,12.17014878859061,0.4974033667883291,0.07846526577273161,0.996925415139699,1.000008540605652,675.183628407217,0.999999998247632,1.317407534478492e-12,4,83
0,15,29,0.025332424902528,12.17014878859061,0.4974033667883291,0.07854679586325794,-0.9969189905771406,1.000008536420429,675.183628407217,0.999999998247632,1.317407534478492e-12,4,83
0,15,30,0.025332424902528,12.17014878859061,0.4974033667883291,0.07854679586325794,0.9969189905771406,1.000008536420429,675.183628407217,0.999999998247632,1.317407534478492e-12,4,83
0,15,31,0.025332424902528,12.17014878859061,0.4974033667883291,1.00000046271813,0,1.00000046271813,675.183628407217,0.999999998247632,1.317407534478492e-12,4,83
0,15,32,0.025332424902528,12.17014878859061,0.4974033667883291,0.8788248120306609,0.4771453284985743,1.000000357374305,675.183628407217,0.999999998247632,1.317407534478492e-12,4,83
0,15,33,0.025332424902528,12.17014878859061,0.4974033667883291,0.8788248120306609,-0.4771453284985743,1.000000357374305,675.183628407217,0.999999998247632,1.317407534478492e-12,4,83
0,15,34,0.025332424902528,12.17014878859061,0.4974033667883291,0.8788242237371668,0.4771456901021255,1.000000012905134,675.183628407217,0.999999998247632,1.317407534478492e-12,4,83
0,15,35,0.025332424902528,12.17014878859061,0.4974033667883291,0.8788242237371668,-0.4771456901021255,1.000000012905134,675.183628407217,0.999999998247632,1.317407534478492e-12,4,83
0,15,36,0.025332424902528,12.17014878859061,0.4974033667883291,0.544668278770523,0.8386515821359085,1.000000005058953,675.183628407217,0.999999998247632,1.317407534478492e-12,4,83
0,15,37,0.025332424902528,12.17014878859061,0.4974033667883291,0.544668278770523,-0.8386515821359085,1.000000005058953,675.183628407217,0.999999998247632,1.317407534478492e-12,4,83
0,15,38,0.025332424902528,12.17014878859061,0.4974033667883291,0.5446630421912626,0.838654980705233,1.000000003095368,675.183628407217,0.999999998247632,1.317407534478492e-12,4,83
0,15,39,0.025332424902528,12.17014878859061,0.4974033667883291,0.5446630421912626,-0.838654980705233,1.000000003095368,675.183628407217,0.999999998247632,1.317407534478492e-12,4,83
0,15,40,0.025332424902528,12.17014878859061,0.4974033667883291,-0.9803926756378016,0.1970538037097496,1.000000000000364,675.183628407217,0.999999998247632,1.317407534478492e-12,4,83
0,15,41,0.025332424902528,12.17014878859061,0.4974033667883291,-0.9803926756378016,-0.1970538037097496,1.000000000000364,675.183628407217,0.999999998247632,1.317407534478492e-12,4,83
0,15,42,0.025332424902528,12.17014878859061,0.4974033667883291,-0.6062438239865775,-0.795278835301327,1.000000000000052,675.183628407217,0.999999998247632,1.317407534478492e-12,4,83
0,15,43,0.025332424902528,12.17014878859061,0.4974033667883291,-0.6062438239865775,0.795278835301327,1.000000000000052,675.183628407217,0.999999998247632,1.317407534478492e-12,4,83
0,15,44,0.025332424902528,12.17014878859061,0.4974033667883291,0.9999999999998829,-5.133871979810662e-07,1.000000000000015,675.183628407217,0.999999998247632,1.317407534478492e-12,4,83
0,15,45,0.025332424902528,12.17014878859061,0.4974033667883291,0.9999999999998829,5.133871979810662e-07,1.000000000000015,675.183628407217,0.999999998247632,1.317407534478492e-12,4,83
0,15,46,0.025332424902528,12.17014878859061,0.4974033667883291,-0.872115617142398,0.4892998572821255,0.9999999999999871,675.183628407217,0.999999998247632,1.317407534478492e-12,4,83
0,15,47,0.025332424902528,12.17014878859061,0.4974033667883291,-0.872115617142398,-0.4892998572821255,0.9999999999999871,675.183628407217,0.999999998247632,1.317407534478492e-12,4,83
0,15,48,0.025332424902528,12.17014878859061,0.4974033667883291,-0.9953445600806711,-0.09638053080141382,0.9999999999998734,675.183628407217,0.999999998247632,1.317407534478492e-12,4,83
0,15,49,0.025332424902528,12.17014878859061,0.4974033667883291,-0.9953445600806711,0.09638053080141382,0.9999999999998734,675.183628407217,0.999999998247632,1.317407534478492e-12,4,83
0,15,50,0.025332424902528,12.17014878859061,0.4974033667883291,0.5446669243858071,-0.8386524520254702,0.9999999969041141,675.183628407217,0.999999998247632,1.317407534478492e-12,4,83
0,15,51,0.025332424902528,12.17014878859061,0.4974033667883291,0.5446669243858071,0.8386524520254702,0.9999999969041141,675.183628407217,0.999999998247632,1.317407534478492e-12,4,83
0,15,52,0.025332424902528,12.17014878859061,0.4974033667883291,0.5446616876002564,-0.8386558507180584,0.9999999949415947,675.183628407217,0.999999998247632,1.317407534478492e-12,4,83
0,15,53,0.025332424902528,12.17014878859061,0.4974033667883291,0.5446616876002564,0.8386558507180584,0.9999999949415947,675.183628407217,0.999999998247632,1.317407534478492e-12,4,83
0,15,54,0.025332424902528,12.17014878859061,0.4974033667883291,0.8788247646962825,-0.4771446396494274,0.999999987094829,675.183628407217,0.999999998247632,1.317407534478492e-12,4,83
0,15,55,0.025332424902528,12.17014878859061,0.4974033667883291,0.8788247646962825,0.4771446396494274,0.999999987094829,675.183628407217,0.999999998247632,1.317407534478492e-12,4,83
0,15,56,0.025332424902528,12.17014878859061,0.4974033667883291,0.8788241764039491,-0.4771450012518987,0.999999642625813,675.183628407217,0.999999998247632,1.317407534478492e-12,4,83
0,15,57,0.025332424902528,12.17014878859061,0.4974033667883291,0.8788241764039491,0.4771450012518987,0.999999642625813,675.183628407217,0.999999998247632,1.317407534478492e-12,4,83
0,15,58,0.025332424902528,12.17014878859061,0.4974033667883291,0.9999995372820937,0,0.9999995372820937,675.183628407217,0.999999998247632,1.317407534478492e-12,4,83
0,15,59,0.025332424902528,12.17014878859061,0.4974033667883291,0.07854545480002068,0.9969019709700035,0.9999914640603789,675.183628407217,0.999999998247632,1.317407534478492e-12,4,83
0,15,60,0.025332424902528,12.17014878859061,0.4974033667883291,0.07854545480002068,-0.9969019709700035,0.9999914640603789,675.183628407217,0.999999998247632,1.317407534478492e-12,4,83
0,15,61,0.025332424902528,12.17014878859061,0.4974033667883291,0.07846392538055427,-0.9969083862650849,0.9999914590594166,675.183628407217,0.999999998247632,1.317407534478492e-12,4,83
0,15,62,0.025332424902528,12.17014878859061,0.4974033667883291,0.07846392538055427,0.9969083862650849,0.9999914590594166,675.183628407217,0.999999998247632,1.317407534478492e-12,4,83
0,15,63,0.025332424902528,12.17014878859061,0.4974033667883291,-0.4070836134515038,0.9132957345042754,0.9999130797246515,675.183628407217,0.999999998247632,1.317407534478492e-12,4,83
0,15,64,0.025332424902528,12.17014878859061,0.4974033667883291,-0.4070836134515038,-0.9132957345042754,0.9999130797246515,675.183628407217,0.999999998247632,1.317407534478492e-12,4,83
0,15,65,0.025332424902528,12.17014878859061,0.4974033667883291,-0.4062068637640947,0.9136855037457539,0.999912604143079,675.183628407217,0.999999998247632,1.317407534478492e-12,4,83
0,15,66,0.025332424902528,12.17014878859061,0.4974033667883291,-0.4062068637640947,-0.9136855037457539,0.999912604143079,675.183628407217,0.999999998247632,1.317407534478492e-12,4,83
0,15,67,0.025332424902528,12.17014878859061,0.4974033667883291,-0.7923340982952961,-0.6082669080971534,0.9988903617552283,675.183628407217,0.999999998247632,1.317407534478492e-12,4,83
0,15,68,0.025332424902528,12.17014878859061,0.4974033667883291,-0.7923340982952961,0.6082669080971534,0.9988903617552283,675.183628407217,0.999999998247632,1.317407534478492e-12,4,83
0,15,69,0.025332424902528,12.17014878859061,0.4974033667883291,-0.7879752190239391,0.604421729736544,0.993091422364296,675.183628407217,0.999999998247632,1.317407534478492e-12,4,83
0,15,70,0.025332424902528,12.17014878859061,0.4974033667883291,-0.7879752190239391,-0.604421729736544,0.993091422364296,675.183628407217,0.999999998247632,1.317407534478492e-12,4,83
0,15,71,0.025332424902528,12.17014878859061,0.4974033667883291,-0.9687778908851894,0.1496311625329919,0.9802653144271353,675.183628407217,0.999999998247632,1.317407534478492e-12,4,83
0,15,72,0.025332424902528,12.17014878859061,0.4974033667883291,-0.9687778908851894,-0.1496311625329919,0.9802653144271353,675.183628407217,0.999999998247632,1.317407534478492e-12,4,83
0,15,73,0.025332424902528,12.17014878859061,0.4974033667883291,-0.7964694349819783,-0.2121908474712089,0.8242502754692058,675.183628407217,0.999999998247632,1.317407534478492e-12,4,83
0,15,74,0.025332424902528,12.17014878859061,0.4974033667883291,-0.7964694349819783,0.2121908474712089,0.8242502754692058,675.183628407217,0.999999998247632,1.317407534478492e-12,4,83
0,15,75,0.025332424902528,12.17014878859061,0.4974033667883291,-0.0007178635944488094,-0.0002295054668460193,0.0007536583440440197,675.183628407217,0.999999998247632,1.317407534478492e-12,4,83
0,15,76,0.025332424902528,12.17014878859061,0.4974033667883291,-0.0007178635944488094,0.0002295054668460193,0.0007536583440440197,675.183628407217,0.999999998247632,1.317407534478492e-12,4,83
0,15,77,0.025332424902528,12.17014878859061,0.4974033667883291,-0.0007316403831050683,-0.0001158185809351655,0.0007407506961724481,675.183628407217,0.999999998247632,1.317407534478492e-12,4,83
0,15,78,0.025332424902528,12.17014878859061,0.4974033667883291,-0.0007316403831050683,0.0001158185809351655,0.0007407506961724481,675.183628407217,0.999999998247632,1.317407534478492e-12,4,83
0,15,79,0.025332424902528,12.17014878859061,0.4974033667883291,-0.000587477822764491,-0.0004508549532381563,0.0007405406005746659,675.183628407217,0.999999998247632,1.317407534478492e-12,4,83
0,15,80,0.025332424902528,12.17014878859061,0.4974033667883291,-0.000587477822764491,0.0004508549532381563,0.0007405406005746659,675.183628407217,0.999999998247632,1.317407534478492e-12,4,83
0,15,81,0.025332424902528,12.17014878859061,0.4974033667883291,5.81363374412414e-05,0.0007382541632439854,0.000740539697300664,675.183628407217,0.999999998247632,1.317407534478492e-12,4,83
0,15,82,0.025332424902528,12.17014878859061,0.4974033667883291,5.81363374412414e-05,-0.0007382541632439854,0.000740539697300664,675.183628407217,0.999999998247632,1.317407534478492e-12,4,83
0,15,83,0.025332424902528,12.17014878859061,0.4974033667883291,0.0007405396972893453,0,0.0007405396972893453,675.183628407217,0.999999998247632,1.317407534478492e-12,4,83
0,15,84,0.025332424902528,12.17014878859061,0.4974033667883291,0.0006508044249225102,-0.0003533449359468302,0.0007405396972870454,675.183628407217,0.999999998247632,1.317407534478492e-12,4,83
0,15,85,0.025332424902528,12.17014878859061,0.4974033667883291,0.0006508044249225102,0.0003533449359468302,0.0007405396972870454,675.183628407217,0.999999998247632,1.317407534478492e-12,4,83
0,15,86,0.025332424902528,12.17014878859061,0.4974033667883291,0.0004033460418513823,-0.0006210563691871215,0.0007405396972378099,675.183628407217,0.999999998247632,1.317407534478492e-12,4,83
0,15,87,0.025332424902528,12.17014878859061,0.4974033667883291,0.0004033460418513823,0.0006210563691871215,0.0007405396972378099,675.183628407217,0.999999998247632,1.317407534478492e-12,4,83
0,15,88,0.025332424902528,12.17014878859061,0.4974033667883291,-0.0003011627769280677,0.0006765353004019909,0.0007405396889411378,675.183628407217,0.999999998247632,1.317407534478492e-12,4,83
0,15,89,0.025332424902528,12.17014878859061,0.4974033667883291,-0.0003011627769280677,-0.0006765353004019909,0.0007405396889411378,675.183628407217,0.999999998247632,1.317407534478492e-12,4,83
1,15,0,0.03366673026111495,12.25939726781162,0.4053641802150819,-1359.085873851663,-426.7001848609538,1424.495510790929,712.2481063969218,0.9999999987144434,1.552691199113474e-12,8,81
1,15,1,0.03366673026111495,12.25939726781162,0.4053641802150819,-1359.085873851663,426.7001848609538,1424.495510790929,712.2481063969218,0.9999999987144434,1.552691199113474e-12,8,81
1,15,2,0.03366673026111495,12.25939726781162,0.4053641802150819,-71.96721381915381,1419.366596509776,1421.189929303131,712.2481063969218,0.9999999987144434,1.552691199113474e-12,8,81
1,15,3,0.03366673026111495,12.25939726781162,0.4053641802150819,-71.96721381915381,-1419.366596509776,1421.189929303131,712.2481063969218,0.9999999987144434,1.552691199113474e-12,8,81
1,15,4,0.03366673026111495,12.25939726781162,0.4053641802150819,979.158227410291,1030.063086793729,1421.189922944955,712.2481063969218,0.9999999987144434,1.552691199113474e-12,8,81
1,15,5,0.03366673026111495,12.25939726781162,0.4053641802150819,979.158227410291,-1030.063086793729,1421.189922944955,712.2481063969218,0.9999999987144434,1.552691199113474e-12,8,81
1,15,6,0.03366673026111495,12.25939726781162,0.4053641802150819,1306.015046389656,560.4511536825636,1421.189922937921,712.2481063969218,0.9999999987144434,1.552691199113474e-12,8,81
1,15,7,0.03366673026111495,12.25939726781162,0.4053641802150819,1306.015046389656,-560.4511536825636,1421.189922937921,712.2481063969218,0.9999999987144434,1.552691199113474e-12,8,81
1,15,8,0.03366673026111495,12.25939726781162,0.4053641802150819,1421.189922937792,0,1421.189922937792,712.2481063969218,0.9999999987144434,1.552691199113474e-12,8,81
1,15,9,0.03366673026111495,12.25939726781162,0.4053641802150819,493.5971764452679,-1332.720009750193,1421.189922910831,712.2481063969218,0.9999999987144434,1.552691199113474e-12,8,81
1,15,10,0.03366673026111495,12.25939726781162,0.4053641802150819,493.5971764452679,1332.720009750193,1421.189922910831,712.2481063969218,0.9999999987144434,1.552691199113474e-12,8,81
1,15,11,0.03366673026111495,12.25939726781162,0.4053641802150819,-625.8662709623669,-1275.958966571578,1421.189598013843,712.2481063969218,0.9999999987144434,1.552691199113474e-12,8,81
1,15,12,0.03366673026111495,12.25939726781162,0.4053641802150819,-625.8662709623669,1275.958966571578,1421.189598013843,712.2481063969218,0.9999999987144434,1.552691199113474e-12,8,81
1,15,13,0.03366673026111495,12.25939726781162,0.4053641802150819,-1078.235195863088,-925.8116209738399,1421.167933471664,712.2481063969218,0.9999999987144434,1.552691199113474e-12,8,81
1,15,14,0.03366673026111495,12.25939726781162,0.4053641802150819,-1078.235195863088,925.8116209738399,1421.167933471664,712.2481063969218,0.9999999987144434,1.552691199113474e-12,8,81
1,15,15,0.03366673026111495,12.25939726781162,0.4053641802150819,-1.129247100614457,-0.1843092604016269,1.144189196643611,712.2481063969218,0.9999999987144434,1.552691199113474e-12,8,81
1,15,16,0.03366673026111495,12.25939726781162,0.4053641802150819,-1.129247100614457,0.1843092604016269,1.144189196643611,712.2481063969218,0.9999999987144434,1.552691199113474e-12,8,81
1,15,17,0.03366673026111495,12.25939726781162,0.4053641802150819,-1.026653032353721,-0.3809300716790088,1.095045281415552,712.2481063969218,0.9999999987144434,1.552691199113474e-12,8,81
1,15,18,0.03366673026111495,12.25939726781162,0.4053641802150819,-1.026653032353721,0.3809300716790088,1.095045281415552,712.2481063969218,0.9999999987144434,1.552691199113474e-12,8,81
1,15,19,0.03366673026111495,12.25939726781162,0.4053641802150819,-0.7780839136621489,-0.6717972332183633,1.027971837775556,712.2481063969218,0.9999999987144434,1.552691199113474e-12,8,81
1,15,20,0.03366673026111495,12.25939726781162,0.4053641802150819,-0.7780839136621489,0.6717972332183633,1.027971837775556,712.2481063969218,0.9999999987144434,1.552691199113474e-12,8,81
1,15,21,0.03366673026111495,12.25939726781162,0.4053641802150819,-0.7694868449703975,-0.6598591689449405,1.013668647746,712.2481063969218,0.9999999987144434,1.552691199113474e-12,8,81
1,15,22,0.03366673026111495,12.25939726781162,0.4053641802150819,-0.7694868449703975,0.6598591689449405,1.013668647746,712.2481063969218,0.9999999987144434,1.552691199113474e-12,8,81
1,15,23,0.03366673026111495,12.25939726781162,0.4053641802150819,-0.4429803109642981,-0.9034501211072123,1.006207571642483,712.2481063969218,0.9999999987144434,1.552691199113474e-12,8,81
1,15,24,0.03366673026111495,12.25939726781162,0.4053641802150819,-0.4429803109642981,0.9034501211072123,1.006207571642483,712.2481063969218,0.9999999987144434,1.552691199113474e-12,8,81
1,15,25,0.03366673026111495,12.25939726781162,0.4053641802150819,-0.4416405125881538,-0.9003498599925043,1.002834090339798,712.2481063969218,0.9999999987144434,1.552691199113474e-12,8,81
1,15,26,0.03366673026111495,12.25939726781162,0.4053641802150819,-0.4416405125881538,0.9003498599925043,1.002834090339798,712.2481063969218,0.9999999987144434,1.552691199113474e-12,8,81
1,15,27,0.03366673026111495,12.25939726781162,0.4053641802150819,-0.05069639720873403,-0.9999833844673319,1.001267643490334,712.2481063969218,0.9999999987144434,1.552691199113474e-12,8,81
1,15,28,0.03366673026111495,12.25939726781162,0.4053641802150819,-0.05069639720873403,0.9999833844673319,1.001267643490334,712.2481063969218,0.9999999987144434,1.552691199113474e-12,8,81
1,15,29,0.03366673026111495,12.25939726781162,0.4053641802150819,0.3473925855411167,-0.9379647459331184,1.00022971016778,712.2481063969218,0.9999999987144434,1.552691199113474e-12,8,81
1,15,30,0.03366673026111495,12.25939726781162,0.4053641802150819,0.3473925855411167,0.9379647459331184,1.00022971016778,712.2481063969218,0.9999999987144434,1.552691199113474e-12,8,81
1,15,31,0.03366673026111495,12.25939726781162,0.4053641802150819,-0.05064732891457725,0.9988855717746336,1.000168754473823,712.2481063969218,0.9999999987144434,1.552691199113474e-12,8,81
1,15,32,0.03366673026111495,12.25939726781162,0.4053641802150819,-0.05064732891457725,-0.9988855717746336,1.000168754473823,712.2481063969218,0.9999999987144434,1.552691199113474e-12,8,81
1,15,33,0.03366673026111495,12.25939726781162,0.4053641802150819,0.6889985640108006,-0.7248184805370506,1.000040424651416,712.2481063969218,0.9999999987144434,1.552691199113474e-12,8,81
1,15,34,0.03366673026111495,12.25939726781162,0.4053641802150819,0.6889985640108006,0.7248184805370506,1.000040424651416,712.2481063969218,0.9999999987144434,1.552691199113474e-12,8,81
1,15,35,0.03366673026111495,12.25939726781162,0.4053641802150819,0.3473250805954124,-0.9377830955617971,1.000035922320831,712.2481063969218,0.9999999987144434,1.552691199113474e-12,8,81
1,15,36,0.03366673026111495,12.25939726781162,0.4053641802150819,0.3473250805954124,0.9377830955617971,1.000035922320831,712.2481063969218,0.9999999987144434,1.552691199113474e-12,8,81
1,15,37,0.03366673026111495,12.25939726781162,0.4053641802150819,0.9189654560381229,-0.3943562918102919,1.00000719711496,712.2481063969218,0.9999999987144434,1.552691199113474e-12,8,81
1,15,38,0.03366673026111495,12.25939726781162,0.4053641802150819,0.9189654560381229,0.3943562918102919,1.00000719711496,712.2481063969218,0.9999999987144434,1.552691199113474e-12,8,81
1,15,39,0.03366673026111495,12.25939726781162,0.4053641802150819,1.000002369244821,0,1.000002369244821,712.2481063969218,0.9999999987144434,1.552691199113474e-12,8,81
1,15,40,0.03366673026111495,12.25939726781162,0.4053641802150819,0.6889721515945558,-0.7247906968869338,1.000002089981155,712.2481063969218,0.9999999987144434,1.552691199113474e-12,8,81
1,15,41,0.03366673026111495,12.25939726781162,0.4053641802150819,0.6889721515945558,0.7247906968869338,1.000002089981155,712.2481063969218,0.9999999987144434,1.552691199113474e-12,8,81
1,15,42,0.03366673026111495,12.25939726781162,0.4053641802150819,0.9189595133963873,0.3943537616920323,1.000000738310918,712.2481063969218,0.9999999987144434,1.552691199113474e-12,8,81
1,15,43,0.03366673026111495,12.25939726781162,0.4053641802150819,0.9189595133963873,-0.3943537616920323,1.000000738310918,712.2481063969218,0.9999999987144434,1.552691199113474e-12,8,81
1,15,44,0.03366673026111495,12.25939726781162,0.4053641802150819,1.000000470904345,0,1.000000470904345,712.2481063969218,0.9999999987144434,1.552691199113474e-12,8,81
1,15,45,0.03366673026111495,12.25939726781162,0.4053641802150819,0.9999995290956212,0,0.9999995290956212,712.2481063969218,0.9999999987144434,1.552691199113474e-12,8,81
1,15,46,0.03366673026111495,12.25939726781162,0.4053641802150819,0.9189581713701367,0.3943531445952462,0.9999992616897798,712.2481063969218,0.9999999987144434,1.552691199113474e-12,8,81
1,15,47,0.03366673026111495,12.25939726781162,0.4053641802150819,0.9189581713701367,-0.3943531445952462,0.9999992616897798,712.2481063969218,0.9999999987144434,1.552691199113474e-12,8,81
1,15,48,0.03366673026111495,12.25939726781162,0.4053641802150819,0.6889692643780283,-0.7247876742834616,0.9999979100232314,712.2481063969218,0.9999999987144434,1.552691199113474e-12,8,81
1,15,49,0.03366673026111495,12.25939726781162,0.4053641802150819,0.6889692643780283,0.7247876742834616,0.9999979100232314,712.2481063969218,0.9999999987144434,1.552691199113474e-12,8,81
1,15,50,0.03366673026111495,12.25939726781162,0.4053641802150819,0.9999976307609536,0,0.9999976307609536,712.2481063969218,0.9999999987144434,1.552691199113474e-12,8,81
1,15,51,0.03366673026111495,12.25939726781162,0.4053641802150819,0.9189522289343337,-0.3943506141266989,0.9999928029368435,712.2481063969218,0.9999999987144434,1.552691199113474e-12,8,81
1,15,52,0.03366673026111495,12.25939726781162,0.4053641802150819,0.9189522289343337,0.3943506141266989,0.9999928029368435,712.2481063969218,0.9999999987144434,1.552691199113474e-12,8,81
1,15,53,0.03366673026111495,12.25939726781162,0.4053641802150819,0.3473001294291851,-0.9377157241551304,0.9999640789694944,712.2481063969218,0.9999999987144434,1.552691199113474e-12,8,81
1,15,54,0.03366673026111495,12.25939726781162,0.4053641802150819,0.3473001294291851,0.9377157241551304,0.9999640789694944,712.2481063969218,0.9999999987144434,1.552691199113474e-12,8,81
1,15,55,0.03366673026111495,12.25939726781162,0.4053641802150819,0.6889428628897536,0.7247598824938396,0.9999595769825969,712.2481063969218,0.9999999987144434,1.552691199113474e-12,8,81
1,15,56,0.03366673026111495,12.25939726781162,0.4053641802150819,0.6889428628897536,-0.7247598824938396,0.9999595769825969,712.2481063969218,0.9999999987144434,1.552691199113474e-12,8,81
1,15,57,0.03366673026111495,12.25939726781162,0.4053641802150819,-0.05063023936062232,0.9985485242742062,0.9998312739997228,712.2481063969218,0.9999999987144434,1.552691199113474e-12,8,81
1,15,58,0.03366673026111495,12.25939726781162,0.4053641802150819,-0.05063023936062232,-0.9985485242742062,0.9998312739997228,712.2481063969218,0.9999999987144434,1.552691199113474e-12,8,81
1,15,59,0.03366673026111495,12.25939726781162,0.4053641802150819,0.3472330413938819,-0.9375339742539764,0.9997703425867869,712.2481063969218,0.9999999987144434,1.552691199113474e-12,8,81
1,15,60,0.03366673026111495,12.25939726781162,0.4053641802150819,0.3472330413938819,0.9375339742539764,0.9997703425867869,712.2481063969218,0.9999999987144434,1.552691199113474e-12,8,81
1,15,61,0.03366673026111495,12.25939726781162,0.4053641802150819,-0.05056811127819645,-0.9974529521566645,0.9987339613952704,712.2481063969218,0.9999999987144434,1.552691199113474e-12,8,81
1,15,62,0.03366673026111495,12.25939726781162,0.4053641802150819,-0.05056811127819645,0.9974529521566645,0.9987339613952704,712.2481063969218,0.9999999987144434,1.552691199113474e-12,8,81
1,15,63,0.03366673026111495,12.25939726781162,0.4053641802150819,-0.439147816159342,0.8952681276320804,0.9971739190288574,712.2481063969218,0.9999999987144434,1.552691199113474e-12,8,81
1,15,64,0.03366673026111495,12.25939726781162,0.4053641802150819,-0.439147816159342,-0.8952681276320804,0.9971739190288574,712.2481063969218,0.9999999987144434,1.552691199113474e-12,8,81
1,15,65,0.03366673026111495,12.25939726781162,0.4053641802150819,-0.4375314356816805,0.8923372411274678,0.9938307245767024,712.2481063969218,0.9999999987144434,1.552691199113474e-12,8,81
1,15,66,0.03366673026111495,12.25939726781162,0.4053641802150819,-0.4375314356816805,-0.8923372411274678,0.9938307245767024,712.2481063969218,0.9999999987144434,1.552691199113474e-12,8,81
1,15,67,0.03366673026111495,12.25939726781162,0.4053641802150819,-0.7488747217043179,-0.6421836250230081,0.9865156648809035,712.2481063969218,0.9999999987144434,1.552691199113474e-12,8,81
1,15,68,0.03366673026111495,12.25939726781162,0.4053641802150819,-0.7488747217043179,0.6421836250230081,0.9865156648809035,712.2481063969218,0.9999999987144434,1.552691199113474e-12,8,81
1,15,69,0.03366673026111495,12.25939726781162,0.4053641802150819,-0.7363156017505976,-0.6357344951442631,0.9727892956327571,712.2481063969218,0.9999999987144434,1.552691199113474e-12,8,81
1,15,70,0.03366673026111495,12.25939726781162,0.4053641802150819,-0.7363156017505976,0.6357344951442631,0.9727892956327571,712.2481063969218,0.9999999987144434,1.552691199113474e-12,8,81
1,15,71,0.03366673026111495,12.25939726781162,0.4053641802150819,-0.8561690769405285,0.3176735835479328,0.9132042454968012,712.2481063969218,0.9999999987144434,1.552691199113474e-12,8,81
1,15,72,0.03366673026111495,12.25939726781162,0.4053641802150819,-0.8561690769405285,-0.3176735835479328,0.9132042454968012,712.2481063969218,0.9999999987144434,1.552691199113474e-12,8,81
1,15,73,0.03366673026111495,12.25939726781162,0.4053641802150819,-0.8625679126149179,-0.1407834068677344,0.8739813336234034,712.2481063969218,0.9999999987144434,1.552691199113474e-12,8,81
1,15,74,0.03366673026111495,12.25939726781162,0.4053641802150819,-0.8625679126149179,0.1407834068677344,0.8739813336234034,712.2481063969218,0.9999999987144434,1.552691199113474e-12,8,81
1,15,75,0.03366673026111495,12.25939726781162,0.4053641802150819,-0.0005338542499206094,-0.000458386510200146,0.0007036466108010221,712.2481063969218,0.9999999987144434,1.552691199113474e-12,8,81
1,15,76,0.03366673026111495,12.25939726781162,0.4053641802150819,-0.0005338542499206094,0.000458386510200146,0.0007036466108010221,712.2481063969218,0.9999999987144434,1.552691199113474e-12,8,81
1,15,77,0.03366673026111495,12.25939726781162,0.4053641802150819,-0.0003098685550709155,-0.0006317316966825767,0.0007036358845419867,712.2481063969218,0.9999999987144434,1.552691199113474e-12,8,81
1,15,78,0.03366673026111495,12.25939726781162,0.4053641802150819,-0.0003098685550709155,0.0006317316966825767,0.0007036358845419867,712.2481063969218,0.9999999987144434,1.552691199113474e-12,8,81
1,15,79,0.03366673026111495,12.25939726781162,0.4053641802150819,0.0002443815572705824,-0.0006598339836974445,0.0007036357236354864,712.2481063969218,0.9999999987144434,1.552691199113474e-12,8,81
1,15,80,0.03366673026111495,12.25939726781162,0.4053641802150819,0.0002443815572705824,0.0006598339836974445,0.0007036357236354864,712.2481063969218,0.9999999987144434,1.552691199113474e-12,8,81
1,15,81,0.03366673026111495,12.25939726781162,0.4053641802150819,0.0007036357235998367,0,0.0007036357235998367,712.2481063969218,0.9999999987144434,1.552691199113474e-12,8,81
1,15,82,0.03366673026111495,12.25939726781162,0.4053641802150819,0.0004847844026397106,0.0005099875630404781,0.0007036357235805376,712.2481063969218,0.9999999987144434,1.552691199113474e-12,8,81
1,15,83,0.03366673026111495,12.25939726781162,0.4053641802150819,0.0004847844026397106,-0.0005099875630404781,0.0007036357235805376,712.2481063969218,0.9999999987144434,1.552691199113474e-12,8,81
1,15,84,0.03366673026111495,12.25939726781162,0.4053641802150819,0.0006466122700317942,-0.000277481177273227,0.0007036357235790449,712.2481063969218,0.9999999987144434,1.552691199113474e-12,8,81
1,15,85,0.03366673026111495,12.25939726781162,0.4053641802150819,0.0006466122700317942,0.000277481177273227,0.0007036357235790449,712.2481063969218,0.9999999987144434,1.552691199113474e-12,8,81
1,15,86,0.03366673026111495,12.25939726781162,0.4053641802150819,-3.563119987960698e-05,-0.0007027329824190537,0.0007036357203727214,712.2481063969218,0.9999999987144434,1.552691199113474e-12,8,81
1,15,87,0.03366673026111495,12.25939726781162,0.4053641802150819,-3.563119987960698e-05,0.0007027329824190537,0.0007036357203727214,712.2481063969218,0.9999999987144434,1.552691199113474e-12,8,81
1,15,88,0.03366673026111495,12.25939726781162,0.4053641802150819,-0.0006697685158060778,-0.0002102813037473482,0.000702002914146915,712.2481063969218,0.9999999987144434,1.552691199113474e-12,8,81
1,15,89,0.03366673026111495,12.25939726781162,0.4053641802150819,-0.0006697685158060778,0.0002102813037473482,0.000702002914146915,712.2481063969218,0.9999999987144434,1.552691199113474e-12,8,81
2,15,0,0.04180283537881831,12.33989394952014,0.3144223925696312,457.6260321294752,1413.470234539169,1485.705115159392,742.8528941202346,1.000000000356338,4.689656258383253e-10,8,81
2,15,1,0.04180283537881831,12.33989394952014,0.3144223925696312,457.6260321294752,-1413.470234539169,1485.705115159392,742.8528941202346,1.000000000356338,4.689656258383253e-10,8,81
2,15,2,0.04180283537881831,12.33989394952014,0.3144223925696312,872.3257757878148,-1202.648105451743,1485.703444382653,742.8528941202346,1.000000000356338,4.689656258383253e-10,8,81
2,15,3,0.04180283537881831,12.33989394952014,0.3144223925696312,872.3257757878148,1202.648105451743,1485.703444382653,742.8528941202346,1.000000000356338,4.689656258383253e-10,8,81
2,15,4,0.04180283537881831,12.33989394952014,0.3144223925696312,1201.499518969737,-873.9069020797272,1485.703324216209,742.8528941202346,1.000000000356338,4.689656258383253e-10,8,81
2,15,5,0.04180283537881831,12.33989394952014,0.3144223925696312,1201.499518969737,873.9069020797272,1485.703324216209,742.8528941202346,1.000000000356338,4.689656258383253e-10,8,81
2,15,6,0.04180283537881831,12.33989394952014,0.3144223925696312,1412.866963704942,-459.4793500222388,1485.703311642564,742.8528941202346,1.000000000356338,4.689656258383253e-10,8,81
2,15,7,0.04180283537881831,12.33989394952014,0.3144223925696312,1412.866963704942,459.4793500222388,1485.703311642564,742.8528941202346,1.000000000356338,4.689656258383253e-10,8,81
2,15,8,0.04180283537881831,12.33989394952014,0.3144223925696312,1485.70331075336,0,1485.70331075336,742.8528941202346,1.000000000356338,4.689656258383253e-10,8,81
2,15,9,0.04180283537881831,12.33989394952014,0.3144223925696312,-1.870625773906511,-1485.670148166102,1485.671325829732,742.8528941202346,1.000000000356338,4.689656258383253e-10,8,81
2,15,10,0.04180283537881831,12.33989394952014,0.3144223925696312,-1.870625773906511,1485.670148166102,1485.671325829732,742.8528941202346,1.000000000356338,4.689656258383253e-10,8,81
2,15,11,0.04180283537881831,12.33989394952014,0.3144223925696312,-459.5212620683179,-1412.654959396691,1485.514666572137,742.8528941202346,1.000000000356338,4.689656258383253e-10,8,81
2,15,12,0.04180283537881831,12.33989394952014,0.3144223925696312,-459.5212620683179,1412.654959396691,1485.514666572137,742.8528941202346,1.000000000356338,4.689656258383253e-10,8,81
2,15,13,0.04180283537881831,12.33989394952014,0.3144223925696312,-905.9479699388285,-1138.520217270946,1454.981102753904,742.8528941202346,1.000000000356338,4.689656258383253e-10,8,81
2,15,14,0.04180283537881831,12.33989394952014,0.3144223925696312,-905.9479699388285,1138.520217270946,1454.981102753904,742.8528941202346,1.000000000356338,4.689656258383253e-10,8,81
2,15,15,0.04180283537881831,12.33989394952014,0.3144223925696312,-0.6531288468987536,1.039400123435888,1.227570734112635,742.8528941202346,1.000000000356338,4.689656258383253e-10,8,81
2,15,16,0.04180283537881831,12.33989394952014,0.3144223925696312,-0.6531288468987536,-1.039400123435888,1.227570734112635,742.8528941202346,1.000000000356338,4.689656258383253e-10,8,81
2,15,17,0.04180283537881831,12.33989394952014,0.3144223925696312,-0.3209952558384807,1.095576857012409,1.141633305353343,742.8528941202346,1.000000000356338,4.689656258383253e-10,8,81
2,15,18,0.04180283537881831,12.33989394952014,0.3144223925696312,-0.3209952558384807,-1.095576857012409,1.141633305353343,742.8528941202346,1.000000000356338,4.689656258383253e-10,8,81
2,15,19,0.04180283537881831,12.33989394952014,0.3144223925696312,-1.105145241018658,0,1.105145241018658,742.8528941202346,1.000000000356338,4.689656258383253e-10,8,81
2,15,20,0.04180283537881831,12.33989394952014,0.3144223925696312,0.01045233173152163,1.063754071084721,1.063805421582323,742.8528941202346,1.000000000356338,4.689656258383253e-10,8,81
2,15,21,0.04180283537881831,12.33989394952014,0.3144223925696312,0.01045233173152163,-1.063754071084721,1.063805421582323,742.8528941202346,1.000000000356338,4.689656258383253e-10,8,81
2,15,22,0.04180283537881831,12.33989394952014,0.3144223925696312,-0.3255106564385833,0.9901544821215457,1.042287429608773,742.8528941202346,1.000000000356338,4.689656258383253e-10,8,81
2,15,23,0.04180283537881831,12.33989394952014,0.3144223925696312,-0.3255106564385833,-0.9901544821215457,1.042287429608773,742.8528941202346,1.000000000356338,4.689656258383253e-10,8,81
2,15,24,0.04180283537881831,12.33989394952014,0.3144223925696312,0.3165627898320062,-0.972066813114883,1.0223139875134,742.8528941202346,1.000000000356338,4.689656258383253e-10,8,81
2,15,25,0.04180283537881831,12.33989394952014,0.3144223925696312,0.3165627898320062,0.972066813114883,1.0223139875134,742.8528941202346,1.000000000356338,4.689656258383253e-10,8,81
2,15,26,0.04180283537881831,12.33989394952014,0.3144223925696312,-0.001393093998509509,1.008044532375983,1.008045494987207,742.8528941202346,1.000000000356338,4.689656258383253e-10,8,81
2,15,27,0.04180283537881831,12.33989394952014,0.3144223925696312,-0.001393093998509509,-1.008044532375983,1.008045494987207,742.8528941202346,1.000000000356338,4.689656258383253e-10,8,81
2,15,28,0.04180283537881831,12.33989394952014,0.3144223925696312,0.5912554054667245,0.8148517829190571,1.006760340210115,742.8528941202346,1.000000000356338,4.689656258383253e-10,8,81
2,15,29,0.04180283537881831,12.33989394952014,0.3144223925696312,0.5912554054667245,-0.8148517829190571,1.006760340210115,742.8528941202346,1.000000000356338,4.689656258383253e-10,8,81
2,15,30,0.04180283537881831,12.33989394952014,0.3144223925696312,0.8102671723857335,0.5893270791979838,1.001917809464428,742.8528941202346,1.000000000356338,4.689656258383253e-10,8,81
2,15,31,0.04180283537881831,12.33989394952014,0.3144223925696312,0.8102671723857335,-0.5893270791979838,1.001917809464428,742.8528941202346,1.000000000356338,4.689656258383253e-10,8,81
2,15,32,0.04180283537881831,12.33989394952014,0.3144223925696312,0.3084407571847673,0.952695521620872,1.001381274844491,742.8528941202346,1.000000000356338,4.689656258383253e-10,8,81
2,15,33,0.04180283537881831,12.33989394952014,0.3144223925696312,0.3084407571847673,-0.952695521620872,1.001381274844491,742.8528941202346,1.000000000356338,4.689656258383253e-10,8,81
2,15,34,0.04180283537881831,12.33989394952014,0.3144223925696312,0.9513676725040014,0.3093936254419176,1.000412346859921,742.8528941202346,1.000000000356338,4.689656258383253e-10,8,81
2,15,35,0.04180283537881831,12.33989394952014,0.3144223925696312,0.9513676725040014,-0.3093936254419176,1.000412346859921,742.8528941202346,1.000000000356338,4.689656258383253e-10,8,81
2,15,36,0.04180283537881831,12.33989394952014,0.3144223925696312,0.5873420947205419,0.8097505028715131,1.000333251037564,742.8528941202346,1.000000000356338,4.689656258383253e-10,8,81
2,15,37,0.04180283537881831,12.33989394952014,0.3144223925696312,0.5873420947205419,-0.8097505028715131,1.000333251037564,742.8528941202346,1.000000000356338,4.689656258383253e-10,8,81
2,15,38,0.04180283537881831,12.33989394952014,0.3144223925696312,0.8087648133480223,-0.5882525648435958,1.000070799171204,742.8528941202346,1.000000000356338,4.689656258383253e-10,8,81
2,15,39,0.04180283537881831,12.33989394952014,0.3144223925696312,0.8087648133480223,0.5882525648435958,1.000070799171204,742.8528941202346,1.000000000356338,4.689656258383253e-10,8,81
2,15,40,0.04180283537881831,12.33989394952014,0.3144223925696312,0.9510000770367468,0.3092753310824881,1.000026188127132,742.8528941202346,1.000000000356338,4.689656258383253e-10,8,81
2,15,41,0.04180283537881831,12.33989394952014,0.3144223925696312,0.9510000770367468,-0.3092753310824881,1.000026188127132,742.8528941202346,1.000000000356338,4.689656258383253e-10,8,81
2,15,42,0.04180283537881831,12.33989394952014,0.3144223925696312,1.000021224967653,0,1.000021224967653,742.8528941202346,1.000000000356338,4.689656258383253e-10,8,81
2,15,43,0.04180283537881831,12.33989394952014,0.3144223925696312,-0.7041314599640189,0.7100696353802866,1.000000000000077,742.8528941202346,1.000000000356338,4.689656258383253e-10,8,81
2,15,44,0.04180283537881831,12.33989394952014,0.3144223925696312,-0.7041314599640189,-0.7100696353802866,1.000000000000077,742.8528941202346,1.000000000356338,4.689656258383253e-10,8,81
2,15,45,0.04180283537881831,12.33989394952014,0.3144223925696312,0.9999999541497054,0.0003028208118701332,0.9999999999999285,742.8528941202346,1.000000000356338,4.689656258383253e-10,8,81
2,15,46,0.04180283537881831,12.33989394952014,0.3144223925696312,0.9999999541497054,-0.0003028208118701332,0.9999999999999285,742.8528941202346,1.000000000356338,4.689656258383253e-10,8,81
2,15,47,0.04180283537881831,12.33989394952014,0.3144223925696312,0.9999787754827594,0,0.9999787754827594,742.8528941202346,1.000000000356338,4.689656258383253e-10,8,81
2,15,48,0.04180283537881831,12.33989394952014,0.3144223925696312,0.9509502691501321,-0.3092591331010131,0.9999738125586585,742.8528941202346,1.000000000356338,4.689656258383253e-10,8,81
2,15,49,0.04180283537881831,12.33989394952014,0.3144223925696312,0.9509502691501321,0.3092591331010131,0.9999738125586585,742.8528941202346,1.000000000356338,4.689656258383253e-10,8,81
2,15,50,0.04180283537881831,12.33989394952014,0.3144223925696312,0.8086503057262253,-0.5881692781356885,0.9999292058409809,742.8528941202346,1.000000000356338,4.689656258383253e-10,8,81
2,15,51,0.04180283537881831,12.33989394952014,0.3144223925696312,0.8086503057262253,0.5881692781356885,0.9999292058409809,742.8528941202346,1.000000000356338,4.689656258383253e-10,8,81
2,15,52,0.04180283537881831,12.33989394952014,0.3144223925696312,0.5869508255726437,0.8092110721592345,0.999666859981617,742.8528941202346,1.000000000356338,4.689656258383253e-10,8,81
2,15,53,0.04180283537881831,12.33989394952014,0.3144223925696312,0.5869508255726437,-0.8092110721592345,0.999666859981617,742.8528941202346,1.000000000356338,4.689656258383253e-10,8,81
2,15,54,0.04180283537881831,12.33989394952014,0.3144223925696312,0.9505835705746917,0.3091386281970497,0.9995878231001435,742.8528941202346,1.000000000356338,4.689656258383253e-10,8,81
2,15,55,0.04180283537881831,12.33989394952014,0.3144223925696312,0.9505835705746917,-0.3091386281970497,0.9995878231001435,742.8528941202346,1.000000000356338,4.689656258383253e-10,8,81
2,15,56,0.04180283537881831,12.33989394952014,0.3144223925696312,0.3075904364688891,0.9500690958773474,0.998620630443975,742.8528941202346,1.000000000356338,4.689656258383253e-10,8,81
2,15,57,0.04180283537881831,12.33989394952014,0.3144223925696312,0.3075904364688891,-0.9500690958773474,0.998620630443975,742.8528941202346,1.000000000356338,4.689656258383253e-10,8,81
2,15,58,0.04180283537881831,12.33989394952014,0.3144223925696312,0.8071682139733576,0.5870731310959073,0.9980858614887259,742.8528941202346,1.000000000356338,4.689656258383253e-10,8,81
2,15,59,0.04180283537881831,12.33989394952014,0.3144223925696312,0.8071682139733576,-0.5870731310959073,0.9980858614887259,742.8528941202346,1.000000000356338,4.689656258383253e-10,8,81
2,15,60,0.04180283537881831,12.33989394952014,0.3144223925696312,0.5833415705330935,-0.8039451553287451,0.9932850551017951,742.8528941202346,1.000000000356338,4.689656258383253e-10,8,81
2,15,61,0.04180283537881831,12.33989394952014,0.3144223925696312,0.5833415705330935,0.8039451553287451,0.9932850551017951,742.8528941202346,1.000000000356338,4.689656258383253e-10,8,81
2,15,62,0.04180283537881831,12.33989394952014,0.3144223925696312,-0.001370945389575481,0.9920177710672499,0.9920187183740515,742.8528941202346,1.000000000356338,4.689656258383253e-10,8,81
2,15,63,0.04180283537881831,12.33989394952014,0.3144223925696312,-0.001370945389575481,-0.9920177710672499,0.9920187183740515,742.8528941202346,1.000000000356338,4.689656258383253e-10,8,81
2,15,64,0.04180283537881831,12.33989394952014,0.3144223925696312,0.3028944102751351,-0.9300954299236759,0.9781730585846399,742.8528941202346,1.000000000356338,4.689656258383253e-10,8,81
2,15,65,0.04180283537881831,12.33989394952014,0.3144223925696312,0.3028944102751351,0.9300954299236759,0.9781730585846399,742.8528941202346,1.000000000356338,4.689656258383253e-10,8,81
2,15,66,0.04180283537881831,12.33989394952014,0.3144223925696312,-0.2996333920556701,0.9114397340577503,0.9594282455994556,742.8528941202346,1.000000000356338,4.689656258383253e-10,8,81
2,15,67,0.04180283537881831,12.33989394952014,0.3144223925696312,-0.2996333920556701,-0.9114397340577503,0.9594282455994556,742.8528941202346,1.000000000356338,4.689656258383253e-10,8,81
2,15,68,0.04180283537881831,12.33989394952014,0.3144223925696312,0.009236103394984235,0.9399761546049091,0.940021529983093,742.8528941202346,1.000000000356338,4.689656258383253e-10,8,81
2,15,69,0.04180283537881831,12.33989394952014,0.3144223925696312,0.009236103394984235,-0.9399761546049091,0.940021529983093,742.8528941202346,1.000000000356338,4.689656258383253e-10,8,81
2,15,70,0.04180283537881831,12.33989394952014,0.3144223925696312,-0.9048584411205369,0,0.9048584411205369,742.8528941202346,1.000000000356338,4.689656258383253e-10,8,81
2,15,71,0.04180283537881831,12.33989394952014,0.3144223925696312,-0.2462891917344413,0.8406003942070852,0.875938005058755,742.8528941202346,1.000000000356338,4.689656258383253e-10,8,81
2,15,72,0.04180283537881831,12.33989394952014,0.3144223925696312,-0.2462891917344413,-0.8406003942070852,0.875938005058755,742.8528941202346,1.000000000356338,4.689656258383253e-10,8,81
2,15,73,0.04180283537881831,12.33989394952014,0.3144223925696312,-0.4334168721164353,0.6897468279281983,0.8146170091964727,742.8528941202346,1.000000000356338,4.689656258383253e-10,8,81
2,15,74,0.04180283537881831,12.33989394952014,0.3144223925696312,-0.4334168721164353,-0.6897468279281983,0.8146170091964727,742.8528941202346,1.000000000356338,4.689656258383253e-10,8,81
2,15,75,0.04180283537881831,12.33989394952014,0.3144223925696312,-0.0004279455853618801,-0.0005378064933509087,0.000687294149779498,742.8528941202346,1.000000000356338,4.689656258383253e-10,8,81
2,15,76,0.04180283537881831,12.33989394952014,0.3144223925696312,-0.0004279455853618801,0.0005378064933509087,0.000687294149779498,742.8528941202346,1.000000000356338,4.689656258383253e-10,8,81
2,15,77,0.04180283537881831,12.33989394952014,0.3144223925696312,-0.0002082340390720308,-0.0006401506791495766,0.0006731673692655611,742.8528941202346,1.000000000356338,4.689656258383253e-10,8,81
2,15,78,0.04180283537881831,12.33989394952014,0.3144223925696312,-0.0002082340390720308,0.0006401506791495766,0.0006731673692655611,742.8528941202346,1.000000000356338,4.689656258383253e-10,8,81
2,15,79,0.04180283537881831,12.33989394952014,0.3144223925696312,-8.475033543250726e-07,-0.0006730958524590794,0.0006730963860098718,742.8528941202346,1.000000000356338,4.689656258383253e-10,8,81
2,15,80,0.04180283537881831,12.33989394952014,0.3144223925696312,-8.475033543250726e-07,0.0006730958524590794,0.0006730963860098718,742.8528941202346,1.000000000356338,4.689656258383253e-10,8,81
2,15,81,0.04180283537881831,12.33989394952014,0.3144223925696312,0.0006730818951160852,0,0.0006730818951160852,742.8528941202346,1.000000000356338,4.689656258383253e-10,8,81
2,15,82,0.04180283537881831,12.33989394952014,0.3144223925696312,0.0006400841712018539,-0.0002081621740781861,0.0006730818946756191,742.8528941202346,1.000000000356338,4.689656258383253e-10,8,81
2,15,83,0.04180283537881831,12.33989394952014,0.3144223925696312,0.0006400841712018539,0.0002081621740781861,0.0006730818946756191,742.8528941202346,1.000000000356338,4.689656258383253e-10,8,81
2,15,84,0.04180283537881831,12.33989394952014,0.3144223925696312,0.0005443264161427484,0.0003959141093255975,0.0006730818889807463,742.8528941202346,1.000000000356338,4.689656258383253e-10,8,81
2,15,85,0.04180283537881831,12.33989394952014,0.3144223925696312,0.0005443264161427484,-0.0003959141093255975,0.0006730818889807463,742.8528941202346,1.000000000356338,4.689656258383253e-10,8,81
2,15,86,0.04180283537881831,12.33989394952014,0.3144223925696312,0.000395197733346814,0.0005448466826826679,0.0006730818346031687,742.8528941202346,1.000000000356338,4.689656258383253e-10,8,81
2,15,87,0.04180283537881831,12.33989394952014,0.3144223925696312,0.000395197733346814,-0.0005448466826826679,0.0006730818346031687,742.8528941202346,1.000000000356338,4.689656258383253e-10,8,81
2,15,88,0.04180283537881831,12.33989394952014,0.3144223925696312,0.000207322045048739,0.0006403559220035633,0.0006730810777374632,742.8528941202346,1.000000000356338,4.689656258383253e-10,8,81
2,15,89,0.04180283537881831,12.33989394952014,0.3144223925696312,0.000207322045048739,-0.0006403559220035633,0.0006730810777374632,742.8528941202346,1.000000000356338,4.689656258383253e-10,8,81
3,21,0,0.04891993228881998,12.39798340150476,0.2424865381013151,537.3677057855875,-1434.754461026396,1532.084989371154,766.0428210382294,1.000000000478978,7.409774932159594e-11,10,115
3,21,1,0.04891993228881998,12.39798340150476,0.2424865381013151,537.3677057855875,1434.754461026396,1532.084989371154,766.0428210382294,1.000000000478978,7.409774932159594e-11,10,115
3,21,2,0.04891993228881998,12.39798340150476,0.2424865381013151,866.1549996495381,-1263.748247033302,1532.084891674621,766.0428210382294,1.000000000478978,7.409774932159594e-11,10,115
3,21,3,0.04891993228881998,12.39798340150476,0.2424865381013151,866.1549996495381,1263.748247033302,1532.084891674621,766.0428210382294,1.000000000478978,7.409774932159594e-11,10,115
3,21,4,0.04891993228881998,12.39798340150476,0.2424865381013151,1144.262261325956,-1018.79729094697,1532.084867993831,766.0428210382294,1.000000000478978,7.409774932159594e-11,10,115
3,21,5,0.04891993228881998,12.39798340150476,0.2424865381013151,1144.262261325956,1018.79729094697,1532.084867993831,766.0428210382294,1.000000000478978,7.409774932159594e-11,10,115
3,21,6,0.04891993228881998,12.39798340150476,0.2424865381013151,1355.416329937573,714.2342768070472,1532.084863715951,766.0428210382294,1.000000000478978,7.409774932159594e-11,10,115
3,21,7,0.04891993228881998,12.39798340150476,0.2424865381013151,1355.416329937573,-714.2342768070472,1532.084863715951,766.0428210382294,1.000000000478978,7.409774932159594e-11,10,115
3,21,8,0.04891993228881998,12.39798340150476,0.2424865381013151,1487.262059642164,367.8798628673407,1532.084863039363,766.0428210382294,1.000000000478978,7.409774932159594e-11,10,115
3,21,9,0.04891993228881998,12.39798340150476,0.2424865381013151,1487.262059642164,-367.8798628673407,1532.084863039363,766.0428210382294,1.000000000478978,7.409774932159594e-11,10,115
3,21,10,0.04891993228881998,12.39798340150476,0.2424865381013151,1532.084862951551,0,1532.084862951551,766.0428210382294,1.000000000478978,7.409774932159594e-11,10,115
3,21,11,0.04891993228881998,12.39798340150476,0.2424865381013151,177.1423574614065,-1521.809601207303,1532.084813949187,766.0428210382294,1.000000000478978,7.409774932159594e-11,10,115
3,21,12,0.04891993228881998,12.39798340150476,0.2424865381013151,177.1423574614065,1521.809601207303,1532.084813949187,766.0428210382294,1.000000000478978,7.409774932159594e-11,10,115
3,21,13,0.04891993228881998,12.39798340150476,0.2424865381013151,-193.4121128696671,-1519.818341218847,1532.0757277987,766.0428210382294,1.000000000478978,7.409774932159594e-11,10,115
3,21,14,0.04891993228881998,12.39798340150476,0.2424865381013151,-193.4121128696671,1519.818341218847,1532.0757277987,766.0428210382294,1.000000000478978,7.409774932159594e-11,10,115
3,21,15,0.04891993228881998,12.39798340150476,0.2424865381013151,-552.3882304425052,-1428.804467068268,1531.866496221403,766.0428210382294,1.000000000478978,7.409774932159594e-11,10,115
3,21,16,0.04891993228881998,12.39798340150476,0.2424865381013151,-552.3882304425052,1428.804467068268,1531.866496221403,766.0428210382294,1.000000000478978,7.409774932159594e-11,10,115
3,21,17,0.04891993228881998,12.39798340150476,0.2424865381013151,-876.7224615664588,-1253.803770029674,1529.923582521616,766.0428210382294,1.000000000478978,7.409774932159594e-11,10,115
3,21,18,0.04891993228881998,12.39798340150476,0.2424865381013151,-876.7224615664588,1253.803770029674,1529.923582521616,766.0428210382294,1.000000000478978,7.409774932159594e-11,10,115
3,21,19,0.04891993228881998,12.39798340150476,0.2424865381013151,-1184.42088734182,-942.0016989576205,1513.347296297392,766.0428210382294,1.000000000478978,7.409774932159594e-11,10,115
3,21,20,0.04891993228881998,12.39798340150476,0.2424865381013151,-1184.42088734182,942.0016989576205,1513.347296297392,766.0428210382294,1.000000000478978,7.409774932159594e-11,10,115
3,21,21,0.04891993228881998,12.39798340150476,0.2424865381013151,-1.507275624005079,0,1.507275624005079,766.0428210382294,1.000000000478978,7.409774932159594e-11,10,115
3,21,22,0.04891993228881998,12.39798340150476,0.2424865381013151,-0.9056638823989489,-0.8763718130073376,1.260259744066954,766.0428210382294,1.000000000478978,7.409774932159594e-11,10,115
3,21,23,0.04891993228881998,12.39798340150476,0.2424865381013151,-0.9056638823989489,0.8763718130073376,1.260259744066954,766.0428210382294,1.000000000478978,7.409774932159594e-11,10,115
3,21,24,0.04891993228881998,12.39798340150476,0.2424865381013151,-0.661691674931508,-1.009630341331027,1.207140960621365,766.0428210382294,1.000000000478978,7.409774932159594e-11,10,115
3,21,25,0.04891993228881998,12.39798340150476,0.2424865381013151,-0.661691674931508,1.009630341331027,1.207140960621365,766.0428210382294,1.000000000478978,7.409774932159594e-11,10,115
3,21,26,0.04891993228881998,12.39798340150476,0.2424865381013151,-0.3826279644243094,1.076599750071849,1.142572177595034,766.0428210382294,1.000000000478978,7.409774932159594e-11,10,115
3,21,27,0.04891993228881998,12.39798340150476,0.2424865381013151,-0.3826279644243094,-1.076599750071849,1.142572177595034,766.0428210382294,1.000000000478978,7.409774932159594e-11,10,115
3,21,28,0.04891993228881998,12.39798340150476,0.2424865381013151,-0.1192890774405702,-1.078458434188805,1.085035703684257,766.0428210382294,1.000000000478978,7.409774932159594e-11,10,115
3,21,29,0.04891993228881998,12.39798340150476,0.2424865381013151,-0.1192890774405702,1.078458434188805,1.085035703684257,766.0428210382294,1.000000000478978,7.409774932159594e-11,10,115
3,21,30,0.04891993228881998,12.39798340150476,0.2424865381013151,-0.6108708391049632,0.8668141352428305,1.060438554148979,766.0428210382294,1.000000000478978,7.409774932159594e-11,10,115
3,21,31,0.04891993228881998,12.39798340150476,0.2424865381013151,-0.6108708391049632,-0.8668141352428305,1.060438554148979,766.0428210382294,1.000000000478978,7.409774932159594e-11,10,115
3,21,32,0.04891993228881998,12.39798340150476,0.2424865381013151,0.1263260309961111,-1.034542625853961,1.042226803923234,766.0428210382294,1.000000000478978,7.409774932159594e-11,10,115
3,21,33,0.04891993228881998,12.39798340150476,0.2424865381013151,0.1263260309961111,1.034542625853961,1.042226803923234,766.0428210382294,1.000000000478978,7.409774932159594e-11,10,115
3,21,34,0.04891993228881998,12.39798340150476,0.2424865381013151,0.3581858939087931,0.952929457032581,1.018023420494662,766.0428210382294,1.000000000478978,7.409774932159594e-11,10,115
3,21,35,0.04891993228881998,12.39798340150476,0.2424865381013151,0.3581858939087931,-0.952929457032581,1.018023420494662,766.0428210382294,1.000000000478978,7.409774932159594e-11,10,115
3,21,36,0.04891993228881998,12.39798340150476,0.2424865381013151,-0.36619891915338,0.946249398937817,1.014637656200125,766.0428210382294,1.000000000478978,7.409774932159594e-11,10,115
3,21,37,0.04891993228881998,12.39798340150476,0.2424865381013151,-0.36619891915338,-0.946249398937817,1.014637656200125,766.0428210382294,1.000000000478978,7.409774932159594e-11,10,115
3,21,38,0.04891993228881998,12.39798340150476,0.2424865381013151,0.56954967109453,0.8306431427051763,1.007151854670893,766.0428210382294,1.000000000478978,7.409774932159594e-11,10,115
3,21,39,0.04891993228881998,12.39798340150476,0.2424865381013151,0.56954967109453,-0.8306431427051763,1.007151854670893,766.0428210382294,1.000000000478978,7.409774932159594e-11,10,115
3,21,40,0.04891993228881998,12.39798340150476,0.2424865381013151,-0.1268287653023793,0.9963570373629053,1.004396774990199,766.0428210382294,1.000000000478978,7.409774932159594e-11,10,115
3,21,41,0.04891993228881998,12.39798340150476,0.2424865381013151,-0.1268287653023793,-0.9963570373629053,1.004396774990199,766.0428210382294,1.000000000478978,7.409774932159594e-11,10,115
3,21,42,0.04891993228881998,12.39798340150476,0.2424865381013151,0.7489326674905533,-0.6667741897750821,1.002740225873448,766.0428210382294,1.000000000478978,7.409774932159594e-11,10,115
3,21,43,0.04891993228881998,12.39798340150476,0.2424865381013151,0.7489326674905533,0.6667741897750821,1.002740225873448,766.0428210382294,1.000000000478978,7.409774932159594e-11,10,115
3,21,44,0.04891993228881998,12.39798340150476,0.2424865381013151,0.1157779700536662,-0.9946681561091339,1.001383682275326,766.0428210382294,1.000000000478978,7.409774932159594e-11,10,115
3,21,45,0.04891993228881998,12.39798340150476,0.2424865381013151,0.1157779700536662,0.9946681561091339,1.001383682275326,766.0428210382294,1.000000000478978,7.409774932159594e-11,10,115
3,21,46,0.04891993228881998,12.39798340150476,0.2424865381013151,0.8855471185638475,-0.4666324901724386,1.000969320249759,766.0428210382294,1.000000000478978,7.409774932159594e-11,10,115
3,21,47,0.04891993228881998,12.39798340150476,0.2424865381013151,0.8855471185638475,0.4666324901724386,1.000969320249759,766.0428210382294,1.000000000478978,7.409774932159594e-11,10,115
3,21,48,0.04891993228881998,12.39798340150476,0.2424865381013151,0.3508921469589694,-0.9368720536494608,1.000427180611779,766.0428210382294,1.000000000478978,7.409774932159594e-11,10,115
3,21,49,0.04891993228881998,12.39798340150476,0.2424865381013151,0.3508921469589694,0.9368720536494608,1.000427180611779,766.0428210382294,1.000000000478978,7.409774932159594e-11,10,115
3,21,50,0.04891993228881998,12.39798340150476,0.2424865381013151,0.5654201136137698,0.8249663939099809,1.000134718905331,766.0428210382294,1.000000000478978,7.409774932159594e-11,10,115
3,21,51,0.04891993228881998,12.39798340150476,0.2424865381013151,0.5654201136137698,-0.8249663939099809,1.000134718905331,766.0428210382294,1.000000000478978,7.409774932159594e-11,10,115
3,21,52,0.04891993228881998,12.39798340150476,0.2424865381013151,0.7468986801131421,0.6650034608371811,1.000043619688752,766.0428210382294,1.000000000478978,7.409774932159594e-11,10,115
3,21,53,0.04891993228881998,12.39798340150476,0.2424865381013151,0.7468986801131421,-0.6650034608371811,1.000043619688752,766.0428210382294,1.000000000478978,7.409774932159594e-11,10,115
3,21,54,0.04891993228881998,12.39798340150476,0.2424865381013151,0.8847020081987905,0.4661921855746532,1.000016398466467,766.0428210382294,1.000000000478978,7.409774932159594e-11,10,115
3,21,55,0.04891993228881998,12.39798340150476,0.2424865381013151,0.8847020081987905,-0.4661921855746532,1.000016398466467,766.0428210382294,1.000000000478978,7.409774932159594e-11,10,115
3,21,56,0.04891993228881998,12.39798340150476,0.2424865381013151,1.000009166158122,0,1.000009166158122,766.0428210382294,1.000000000478978,7.409774932159594e-11,10,115
3,21,57,0.04891993228881998,12.39798340150476,0.2424865381013151,0.9707525204598348,-0.2401192888466054,1.000008864388372,766.0428210382294,1.000000000478978,7.409774932159594e-11,10,115
3,21,58,0.04891993228881998,12.39798340150476,0.2424865381013151,0.9707525204598348,0.2401192888466054,1.000008864388372,766.0428210382294,1.000000000478978,7.409774932159594e-11,10,115
3,21,59,0.04891993228881998,12.39798340150476,0.2424865381013151,0.970706997873885,0.2402663628758306,1.000000000425455,766.0428210382294,1.000000000478978,7.409774932159594e-11,10,115
3,21,60,0.04891993228881998,12.39798340150476,0.2424865381013151,0.970706997873885,-0.2402663628758306,1.000000000425455,766.0428210382294,1.000000000478978,7.409774932159594e-11,10,115
3,21,61,0.04891993228881998,12.39798340150476,0.2424865381013151,0.9999999275718506,0.0003806011234310544,1.000000000000461,766.0428210382294,1.000000000478978,7.409774932159594e-11,10,115
3,21,62,0.04891993228881998,12.39798340150476,0.2424865381013151,0.9999999275718506,-0.0003806011234310544,1.000000000000461,766.0428210382294,1.000000000478978,7.409774932159594e-11,10,115
3,21,63,0.04891993228881998,12.39798340150476,0.2424865381013151,-0.8208180749686529,-0.5711897126216993,1.000000000000052,766.0428210382294,1.000000000478978,7.409774932159594e-11,10,115
3,21,64,0.04891993228881998,12.39798340150476,0.2424865381013151,-0.8208180749686529,0.5711897126216993,1.000000000000052,766.0428210382294,1.000000000478978,7.409774932159594e-11,10,115
3,21,65,0.04891993228881998,12.39798340150476,0.2424865381013151,0.9707811176384933,0.239966707663135,0.9999999995750632,766.0428210382294,1.000000000478978,7.409774932159594e-11,10,115
3,21,66,0.04891993228881998,12.39798340150476,0.2424865381013151,0.9707811176384933,-0.239966707663135,0.9999999995750632,766.0428210382294,1.000000000478978,7.409774932159594e-11,10,115
3,21,67,0.04891993228881998,12.39798340150476,0.2424865381013151,0.9707353110826156,0.240115029258456,0.9999911356899378,766.0428210382294,1.000000000478978,7.409774932159594e-11,10,115
3,21,68,0.04891993228881998,12.39798340150476,0.2424865381013151,0.9707353110826156,-0.240115029258456,0.9999911356899378,766.0428210382294,1.000000000478978,7.409774932159594e-11,10,115
3,21,69,0.04891993228881998,12.39798340150476,0.2424865381013151,0.9999908339258439,0,0.9999908339258439,766.0428210382294,1.000000000478978,7.409774932159594e-11,10,115
3,21,70,0.04891993228881998,12.39798340150476,0.2424865381013151,0.8846729938021447,0.4661768955137565,0.9999836018023962,766.0428210382294,1.000000000478978,7.409774932159594e-11,10,115
3,21,71,0.04891993228881998,12.39798340150476,0.2424865381013151,0.8846729938021447,-0.4661768955137565,0.9999836018023962,766.0428210382294,1.000000000478978,7.409774932159594e-11,10,115
3,21,72,0.04891993228881998,12.39798340150476,0.2424865381013151,0.7468335259499732,-0.66494544952747,0.9999563822138237,766.0428210382294,1.000000000478978,7.409774932159594e-11,10,115
3,21,73,0.04891993228881998,12.39798340150476,0.2424865381013151,0.7468335259499732,0.66494544952747,0.9999563822138237,766.0428210382294,1.000000000478978,7.409774932159594e-11,10,115
3,21,74,0.04891993228881998,12.39798340150476,0.2424865381013151,0.5652677988335153,-0.8247441616822438,0.9998652992413702,766.0428210382294,1.000000000478978,7.409774932159594e-11,10,115
3,21,75,0.04891993228881998,12.39798340150476,0.2424865381013151,0.5652677988335153,0.8247441616822438,0.9998652992413702,766.0428210382294,1.000000000478978,7.409774932159594e-11,10,115
3,21,76,0.04891993228881998,12.39798340150476,0.2424865381013151,0.3505925503086657,0.9360721390910505,0.9995730017934804,766.0428210382294,1.000000000478978,7.409774932159594e-11,10,115
3,21,77,0.04891993228881998,12.39798340150476,0.2424865381013151,0.3505925503086657,-0.9360721390910505,0.9995730017934804,766.0428210382294,1.000000000478978,7.409774932159594e-11,10,115
3,21,78,0.04891993228881998,12.39798340150476,0.2424865381013151,0.8838328540286949,-0.4657291710284892,0.999031618422256,766.0428210382294,1.000000000478978,7.409774932159594e-11,10,115
3,21,79,0.04891993228881998,12.39798340150476,0.2424865381013151,0.8838328540286949,0.4657291710284892,0.999031618422256,766.0428210382294,1.000000000478978,7.409774932159594e-11,10,115
3,21,80,0.04891993228881998,12.39798340150476,0.2424865381013151,0.1154582340044611,-0.9919212492942827,0.9986182296558377,766.0428210382294,1.000000000478978,7.409774932159594e-11,10,115
3,21,81,0.04891993228881998,12.39798340150476,0.2424865381013151,0.1154582340044611,0.9919212492942827,0.9986182296558377,766.0428210382294,1.000000000478978,7.409774932159594e-11,10,115
3,21,82,0.04891993228881998,12.39798340150476,0.2424865381013151,0.7448449875925989,-0.6631349313693554,0.9972672624447564,766.0428210382294,1.000000000478978,7.409774932159594e-11,10,115
3,21,83,0.04891993228881998,12.39798340150476,0.2424865381013151,0.7448449875925989,0.6631349313693554,0.9972672624447564,766.0428210382294,1.000000000478978,7.409774932159594e-11,10,115
3,21,84,0.04891993228881998,12.39798340150476,0.2424865381013151,-0.1257208027480132,0.9876529686779068,0.9956224720153152,766.0428210382294,1.000000000478978,7.409774932159594e-11,10,115
3,21,85,0.04891993228881998,12.39798340150476,0.2424865381013151,-0.1257208027480132,-0.9876529686779068,0.9956224720153152,766.0428210382294,1.000000000478978,7.409774932159594e-11,10,115
3,21,86,0.04891993228881998,12.39798340150476,0.2424865381013151,0.5614895678801155,-0.8188881197226733,0.9928989311410976,766.0428210382294,1.000000000478978,7.409774932159594e-11,10,115
3,21,87,0.04891993228881998,12.39798340150476,0.2424865381013151,0.5614895678801155,0.8188881197226733,0.9928989311410976,766.0428210382294,1.000000000478978,7.409774932159594e-11,10,115
3,21,88,0.04891993228881998,12.39798340150476,0.2424865381013151,-0.3557092064103008,-0.9191442277859189,0.9855735137457881,766.0428210382294,1.000000000478978,7.409774932159594e-11,10,115
3,21,89,0.04891993228881998,12.39798340150476,0.2424865381013151,-0.3557092064103008,0.9191442277859189,0.9855735137457881,766.0428210382294,1.000000000478978,7.409774932159594e-11,10,115
3,21,90,0.04891993228881998,12.39798340150476,0.2424865381013151,0.3456152837881146,0.9194861950817104,0.9822956720528602,766.0428210382294,1.000000000478978,7.409774932159594e-11,10,115
3,21,91,0.04891993228881998,12.39798340150476,0.2424865381013151,0.3456152837881146,-0.9194861950817104,0.9822956720528602,766.0428210382294,1.000000000478978,7.409774932159594e-11,10,115
3,21,92,0.04891993228881998,12.39798340150476,0.2424865381013151,0.1162969633977494,0.952409926448186,0.9594840549444147,766.0428210382294,1.000000000478978,7.409774932159594e-11,10,115
3,21,93,0.04891993228881998,12.39798340150476,0.2424865381013151,0.1162969633977494,-0.952409926448186,0.9594840549444147,766.0428210382294,1.000000000478978,7.409774932159594e-11,10,115
3,21,94,0.04891993228881998,12.39798340150476,0.2424865381013151,-0.5432232832310884,0.7708235364251959,0.9430060762006831,766.0428210382294,1.000000000478978,7.409774932159594e-11,10,115
3,21,95,0.04891993228881998,12.39798340150476,0.2424865381013151,-0.5432232832310884,-0.7708235364251959,0.9430060762006831,766.0428210382294,1.000000000478978,7.409774932159594e-11,10,115
3,21,96,0.04891993228881998,12.39798340150476,0.2424865381013151,-0.1013240689136483,0.9160419298305997,0.9216286584894088,766.0428210382294,1.000000000478978,7.409774932159594e-11,10,115
3,21,97,0.04891993228881998,12.39798340150476,0.2424865381013151,-0.1013240689136483,-0.9160419298305997,0.9216286584894088,766.0428210382294,1.000000000478978,7.409774932159594e-11,10,115
3,21,98,0.04891993228881998,12.39798340150476,0.2424865381013151,-0.2930956806927843,0.8246828928353828,0.8752182309436326,766.0428210382294,1.000000000478978,7.409774932159594e-11,10,115
3,21,99,0.04891993228881998,12.39798340150476,0.2424865381013151,-0.2930956806927843,-0.8246828928353828,0.8752182309436326,766.0428210382294,1.000000000478978,7.409774932159594e-11,10,115
3,21,100,0.04891993228881998,12.39798340150476,0.2424865381013151,-0.4540876572946492,-0.6928614848843262,0.8284036683546592,766.0428210382294,1.000000000478978,7.409774932159594e-11,10,115
3,21,101,0.04891993228881998,12.39798340150476,0.2424865381013151,-0.4540876572946492,0.6928614848843262,0.8284036683546592,766.0428210382294,1.000000000478978,7.409774932159594e-11,10,115
3,21,102,0.04891993228881998,12.39798340150476,0.2424865381013151,-0.5702258753476019,0.5517829449910229,0.7934872193670828,766.0428210382294,1.000000000478978,7.409774932159594e-11,10,115
3,21,103,0.04891993228881998,12.39798340150476,0.2424865381013151,-0.5702258753476019,-0.5517829449910229,0.7934872193670828,766.0428210382294,1.000000000478978,7.409774932159594e-11,10,115
3,21,104,0.04891993228881998,12.39798340150476,0.2424865381013151,-0.6634486646460931,0,0.6634486646460931,766.0428210382294,1.000000000478978,7.409774932159594e-11,10,115
3,21,105,0.04891993228881998,12.39798340150476,0.2424865381013151,-0.0005171646686405147,-0.0004113149316721168,0.0006607868548227117,766.0428210382294,1.000000000478978,7.409774932159594e-11,10,115
3,21,106,0.04891993228881998,12.39798340150476,0.2424865381013151,-0.0005171646686405147,0.0004113149316721168,0.0006607868548227117,766.0428210382294,1.000000000478978,7.409774932159594e-11,10,115
3,21,107,0.04891993228881998,12.39798340150476,0.2424865381013151,-0.0003745610860105632,-0.0005356610811093344,0.000653627417546597,766.0428210382294,1.000000000478978,7.409774932159594e-11,10,115
3,21,108,0.04891993228881998,12.39798340150476,0.2424865381013151,-0.0003745610860105632,0.0005356610811093344,0.000653627417546597,766.0428210382294,1.000000000478978,7.409774932159594e-11,10,115
3,21,109,0.04891993228881998,12.39798340150476,0.2424865381013151,-0.0002353978984038671,-0.0006088789555877225,0.0006527984015992634,766.0428210382294,1.000000000478978,7.409774932159594e-11,10,115
3,21,110,0.04891993228881998,12.39798340150476,0.2424865381013151,-0.0002353978984038671,0.0006088789555877225,0.0006527984015992634,766.0428210382294,1.000000000478978,7.409774932159594e-11,10,115
3,21,111,0.04891993228881998,12.39798340150476,0.2424865381013151,-8.239923978263673e-05,-0.0006474872438337363,0.0006527092504662123,766.0428210382294,1.000000000478978,7.409774932159594e-11,10,115
3,21,112,0.04891993228881998,12.39798340150476,0.2424865381013151,-8.239923978263673e-05,0.0006474872438337363,0.0006527092504662123,766.0428210382294,1.000000000478978,7.409774932159594e-11,10,115
3,21,113,0.04891993228881998,12.39798340150476,0.2424865381013151,7.546695102320395e-05,-0.0006483278892187949,0.0006527053796588754,766.0428210382294,1.000000000478978,7.409774932159594e-11,10,115
3,21,114,0.04891993228881998,12.39798340150476,0.2424865381013151,7.546695102320395e-05,0.0006483278892187949,0.0006527053796588754,766.0428210382294,1.000000000478978,7.409774932159594e-11,10,115
3,21,115,0.04891993228881998,12.39798340150476,0.2424865381013151,0.0006527053587094043,0,0.0006527053587094043,766.0428210382294,1.000000000478978,7.409774932159594e-11,10,115
3,21,116,0.04891993228881998,12.39798340150476,0.2424865381013151,0.0006336097558436863,0.0001567257556739666,0.0006527053586357873,766.0428210382294,1.000000000478978,7.409774932159594e-11,10,115
3,21,117,0.04891993228881998,12.39798340150476,0.2424865381013151,0.0006336097558436863,-0.0001567257556739666,0.0006527053586357873,766.0428210382294,1.000000000478978,7.409774932159594e-11,10,115
3,21,118,0.04891993228881998,12.39798340150476,0.2424865381013151,0.0005774402725925174,-0.0003042811469789224,0.0006527053583497912,766.0428210382294,1.000000000478978,7.409774932159594e-11,10,115
3,21,119,0.04891993228881998,12.39798340150476,0.2424865381013151,0.0005774402725925174,0.0003042811469789224,0.0006527053583497912,766.0428210382294,1.000000000478978,7.409774932159594e-11,10,115
3,21,120,0.04891993228881998,12.39798340150476,0.2424865381013151,0.0004874835088510218,-0.0004340323849079162,0.0006527053566124288,766.0428210382294,1.000000000478978,7.409774932159594e-11,10,115
3,21,121,0.04891993228881998,12.39798340150476,0.2424865381013151,0.0004874835088510218,0.0004340323849079162,0.0006527053566124288,766.0428210382294,1.000000000478978,7.409774932159594e-11,10,115
3,21,122,0.04891993228881998,12.39798340150476,0.2424865381013151,0.0003690030507747571,-0.0005383874235508024,0.0006527053464763017,766.0428210382294,1.000000000478978,7.409774932159594e-11,10,115
3,21,123,0.04891993228881998,12.39798340150476,0.2424865381013151,0.0003690030507747571,0.0005383874235508024,0.0006527053464763017,766.0428210382294,1.000000000478978,7.409774932159594e-11,10,115
3,21,124,0.04891993228881998,12.39798340150476,0.2424865381013151,0.0002289316549330004,0.0006112401430123415,0.0006527053049118799,766.0428210382294,1.000000000478978,7.409774932159594e-11,10,115
3,21,125,0.04891993228881998,12.39798340150476,0.2424865381013151,0.0002289316549330004,-0.0006112401430123415,0.0006527053049118799,766.0428210382294,1.000000000478978,7.409774932159594e-11,10,115
