branch,time_index,curve_index,time_nd,time_days,base_x,base_y,base_z,manifold_x,manifold_y,manifold_z,state_separation_norm,position_separation_norm,eigenvalue_real,eigenvalue_imag,eigenvalue_abs,perturbation_scale,mean_state_growth,expected_growth,mapping_time_days,base_family,base_orbit_amplitude_nd,mode_amplitude_nd
stable,0,0,0,0,0.8379215965853849,6.604302379347148e-08,-3.43298350410763e-09,0.8379216257313357,7.978277826051705e-08,-3.431973334341904e-09,1.000000000159072e-07,3.222215541783697e-08,0.0003739648034724017,0,0.0003739648034724017,1e-07,2674.881212258088,2674.048441764116,11.68773098131841,planar_lyapunov,0.001,1e-05
stable,0,1,0,0,0.8379215966280579,6.60431777567364e-08,6.402042322477913e-06,0.8379216257740086,7.97829322196285e-08,6.402042675357684e-06,1.000000000112431e-07,3.222215540216368e-08,0.0003739648034724017,0,0.0003739648034724017,1e-07,2674.881212258088,2674.048441764116,11.68773098131841,planar_lyapunov,0.001,1e-05
stable,0,2,0,0,0.8379215966857136,6.604354382334884e-08,9.81193082160993e-06,0.8379216258316644,7.978329831370178e-08,9.811930352083302e-06,1.000000000045778e-07,3.222215541536177e-08,0.0003739648034724017,0,0.0003739648034724017,1e-07,2674.881212258088,2674.048441764116,11.68773098131841,planar_lyapunov,0.001,1e-05
stable,0,3,0,0,0.8379215966630988,6.604349923217699e-08,8.630707821141652e-06,0.8379216258090496,7.97832537362678e-08,8.630706748905363e-06,1.000000000065997e-07,3.222215543563889e-08,0.0003739648034724017,0,0.0003739648034724017,1e-07,2674.881212258088,2674.048441764116,11.68773098131841,planar_lyapunov,0.001,1e-05
stable,0,4,0,0,0.8379215965975657,6.604309866130012e-08,3.411080785619926e-06,0.8379216257435165,7.978285314267136e-08,3.411079612385232e-06,1.000000000143305e-07,3.222215542947025e-08,0.0003739648034724017,0,0.0003739648034724017,1e-07,2674.881212258088,2674.048441764116,11.68773098131841,planar_lyapunov,0.001,1e-05
stable,0,5,0,0,0.8379215965974302,6.604305622869193e-08,-3.404628912821576e-06,0.8379216257433809,7.978281068845732e-08,-3.404629638085113e-06,1.00000000014848e-07,3.222215540706035e-08,0.0003739648034724017,0,0.0003739648034724017,1e-07,2674.881212258088,2674.048441764116,11.68773098131841,planar_lyapunov,0.001,1e-05
stable,0,6,0,0,0.8379215966629233,6.604336231725846e-08,-8.627274925419702e-06,0.8379216258088741,7.978311679223434e-08,-8.627274863353212e-06,1.000000000070681e-07,3.222215540544379e-08,0.0003739648034724017,0,0.0003739648034724017,1e-07,2674.881212258088,2674.048441764116,11.68773098131841,planar_lyapunov,0.001,1e-05
stable,0,7,0,0,0.8379215966857828,6.604361044912173e-08,-9.813123044847141e-06,0.8379216258317336,7.978336495099988e-08,-9.813122224492223e-06,1.000000000039792e-07,3.222215542729818e-08,0.0003739648034724017,0,0.0003739648034724017,1e-07,2674.881212258088,2674.048441764116,11.68773098131841,planar_lyapunov,0.001,1e-05
stable,0,8,0,0,0.8379215966282626,6.604328567528318e-08,-6.407301884257397e-06,0.8379216257742134,7.978304017125198e-08,-6.407300689467256e-06,1.00000000010802e-07,3.222215543648681e-08,0.0003739648034724017,0,0.0003739648034724017,1e-07,2674.881212258088,2674.048441764116,11.68773098131841,planar_lyapunov,0.001,1e-05
stable,1,0,-0.1170341355548276,-0.5081622165790614,0.8378855372538032,0.000966802807846033,2.628233996880195e-06,0.837885578402674,0.0009668220841977478,2.628235130566192e-06,1.409535499936626e-07,4.544015076063951e-08,0.0003739648034724017,0,0.0003739648034724017,1e-07,2674.881212258088,2674.048441764116,11.68773098131841,planar_lyapunov,0.001,1e-05
stable,1,1,-0.1170341355548276,-0.5081622165790614,0.8378855373178022,0.000966802818143823,8.191298496452802e-06,0.8378855784666733,0.0009668220944955384,8.191298549490327e-06,1.409535497362349e-07,4.544015104841697e-08,0.0003739648034724017,0,0.0003739648034724017,1e-07,2674.881212258088,2674.048441764116,11.68773098131841,planar_lyapunov,0.001,1e-05
stable,1,2,-0.1170341355548276,-0.5081622165790614,0.8378855373481643,0.000966802825507178,9.921563335589409e-06,0.8378855784970352,0.0009668221018589265,9.921562283161582e-06,1.409535501863671e-07,4.544015087348037e-08,0.0003739648034724017,0,0.0003739648034724017,1e-07,2674.881212258088,2674.048441764116,11.68773098131841,planar_lyapunov,0.001,1e-05
stable,1,3,-0.1170341355548276,-0.5081622165790614,0.8378855372947575,0.0009668028177620478,7.009418428528854e-06,0.8378855784436283,0.0009668220941138033,7.009416763078363e-06,1.409535500600688e-07,4.544015089484907e-08,0.0003739648034724017,0,0.0003739648034724017,1e-07,2674.881212258088,2674.048441764116,11.68773098131841,planar_lyapunov,0.001,1e-05
stable,1,4,-0.1170341355548276,-0.5081622165790614,0.8378855372458143,0.000966802807686856,8.174887911336733e-07,0.8378855783946855,0.0009668220840385868,8.174872919432861e-07,1.409535505444716e-07,4.544015118018577e-08,0.0003739648034724017,0,0.0003739648034724017,1e-07,2674.881212258088,2674.048441764116,11.68773098131841,planar_lyapunov,0.001,1e-05
stable,1,5,-0.1170341355548276,-0.5081622165790614,0.8378855372822375,0.0009668028119774574,-5.7569529948099e-06,0.8378855784311086,0.0009668220883291656,-5.756953626252325e-06,1.409535501132058e-07,4.544015104969176e-08,0.0003739648034724017,0,0.0003739648034724017,1e-07,2674.881212258088,2674.048441764116,11.68773098131841,planar_lyapunov,0.001,1e-05
stable,1,6,-0.1170341355548276,-0.5081622165790614,0.8378855373438375,0.0009668028234809525,-9.637652488657232e-06,0.8378855784927085,0.0009668220998326816,-9.63765195689276e-06,1.409535498478077e-07,4.54401509567551e-08,0.0003739648034724017,0,0.0003739648034724017,1e-07,2674.881212258088,2674.048441764116,11.68773098131841,planar_lyapunov,0.001,1e-05
stable,1,7,-0.1170341355548276,-0.5081622165790614,0.8378855373287809,0.0009668028232590691,-9.008787219105027e-06,0.8378855784776519,0.0009668220996108297,-9.008785772952172e-06,1.409535504769839e-07,4.544015098999392e-08,0.0003739648034724017,0,0.0003739648034724017,1e-07,2674.881212258088,2674.048441764116,11.68773098131841,planar_lyapunov,0.001,1e-05
stable,1,8,-0.1170341355548276,-0.5081622165790614,0.8378855372619953,0.0009668028116043508,-4.164610346013369e-06,0.8378855784108664,0.0009668220879560947,-4.164608662143142e-06,1.409535501624057e-07,4.544015109163577e-08,0.0003739648034724017,0,0.0003739648034724017,1e-07,2674.881212258088,2674.048441764116,11.68773098131841,planar_lyapunov,0.001,1e-05
stable,2,0,-0.2340682711096552,-1.016324433158123,0.8377798366410969,0.00186145535989764,5.073472680042667e-06,0.8377798947368329,0.001861482367629452,5.073473753629509e-06,1.986111911123925e-07,6.406662251198727e-08,0.0003739648034724017,0,0.0003739648034724017,1e-07,2674.881212258088,2674.048441764116,11.68773098131841,planar_lyapunov,0.001,1e-05
stable,2,1,-0.2340682711096552,-1.016324433158123,0.8377798367067039,0.001861455382628922,9.39944593182578e-06,0.8377798948024402,0.001861482390360733,9.399445373345953e-06,1.98611191344996e-07,6.406662280699487e-08,0.0003739648034724017,0,0.0003739648034724017,1e-07,2674.881212258088,2674.048441764116,11.68773098131841,planar_lyapunov,0.001,1e-05
stable,2,2,-0.2340682711096552,-1.016324433158123,0.8377798366997258,0.001861455388907679,9.327313911151776e-06,0.8377798947954618,0.001861482396639531,9.327311981924175e-06,1.986111911507618e-07,6.406662254922448e-08,0.0003739648034724017,0,0.0003739648034724017,1e-07,2674.881212258088,2674.048441764116,11.68773098131841,planar_lyapunov,0.001,1e-05
stable,2,3,-0.2340682711096552,-1.016324433158123,0.83777983663176,0.001861455368369272,4.890828077769595e-06,0.8377798947274959,0.001861482376101119,4.890825680501264e-06,1.986111916191918e-07,6.406662246215906e-08,0.0003739648034724017,0,0.0003739648034724017,1e-07,2674.881212258088,2674.048441764116,11.68773098131841,planar_lyapunov,0.001,1e-05
stable,2,4,-0.2340682711096552,-1.016324433158123,0.8377798366150868,0.001861455354931215,-1.834130538819802e-06,0.8377798947108231,0.001861482362663057,-1.834132282420399e-06,1.986111925797727e-07,6.406662284163305e-08,0.0003739648034724017,0,0.0003739648034724017,1e-07,2674.881212258088,2674.048441764116,11.68773098131841,planar_lyapunov,0.001,1e-05
stable,2,5,-0.2340682711096552,-1.016324433158123,0.837779836677285,0.001861455370838651,-7.700879149950766e-06,0.8377798947730214,0.001861482378570459,-7.700879424033511e-06,1.986111921442975e-07,6.406662290509092e-08,0.0003739648034724017,0,0.0003739648034724017,1e-07,2674.881212258088,2674.048441764116,11.68773098131841,planar_lyapunov,0.001,1e-05
stable,2,6,-0.2340682711096552,-1.016324433158123,0.8377798367155638,0.001861455389760703,-9.964300793217445e-06,0.8377798948112998,0.001861482397492527,-9.96429946953597e-06,1.986111909817003e-07,6.406662252187674e-08,0.0003739648034724017,0,0.0003739648034724017,1e-07,2674.881212258088,2674.048441764116,11.68773098131841,planar_lyapunov,0.001,1e-05
stable,2,7,-0.2340682711096552,-1.016324433158123,0.8377798366666295,0.001861455380467385,-7.565315324588004e-06,0.8377798947623656,0.001861482388199255,-7.565313022507594e-06,1.986111921905252e-07,6.406662266952517e-08,0.0003739648034724017,0,0.0003739648034724017,1e-07,2674.881212258088,2674.048441764116,11.68773098131841,planar_lyapunov,0.001,1e-05
stable,2,8,-0.2340682711096552,-1.016324433158123,0.8377798366114086,0.001861455358280759,-1.626434794214427e-06,0.8377798947071448,0.001861482366012596,-1.626432590904104e-06,1.98611191899222e-07,6.40666226527063e-08,0.0003739648034724017,0,0.0003739648034724017,1e-07,2674.881212258088,2674.048441764116,11.68773098131841,planar_lyapunov,0.001,1e-05
stable,3,0,-0.3511024066644828,-1.524486649737184,0.8376117769889957,0.002617409158678249,7.159347489179134e-06,0.8376118590001335,0.002617446964239007,7.159348155127461e-06,2.79761884981218e-07,9.030552110981839e-08,0.0003739648034724017,0,0.0003739648034724017,1e-07,2674.881212258088,2674.048441764116,11.68773098131841,planar_lyapunov,0.001,1e-05
stable,3,1,-0.3511024066644828,-1.524486649737184,0.837611777035797,0.002617409190758601,9.94173734396742e-06,0.8376118590469352,0.002617446996319352,9.941735720453657e-06,2.797618852552701e-07,9.030552152235227e-08,0.0003739648034724017,0,0.0003739648034724017,1e-07,2674.881212258088,2674.048441764116,11.68773098131841,planar_lyapunov,0.001,1e-05
stable,3,2,-0.3511024066644828,-1.524486649737184,0.8376117769923166,0.002617409186764965,8.072277751109542e-06,0.8376118590034546,0.002617446992325762,8.072274597793817e-06,2.797618849338379e-07,9.030552138040746e-08,0.0003739648034724017,0,0.0003739648034724017,1e-07,2674.881212258088,2674.048441764116,11.68773098131841,planar_lyapunov,0.001,1e-05
stable,3,3,-0.3511024066644828,-1.524486649737184,0.8376117769305023,0.002617409153330639,2.425709733771546e-06,0.83761185894164,0.002617446958891427,2.425706526125334e-06,2.797618852127927e-07,9.03055211772211e-08,0.0003739648034724017,0,0.0003739648034724017,1e-07,2674.881212258088,2674.048441764116,11.68773098131841,planar_lyapunov,0.001,1e-05
stable,3,4,-0.3511024066644828,-1.524486649737184,0.8376117769524475,0.002617409145679515,-4.355874821099626e-06,0.837611858963586,0.002617446951240345,-4.355876582183048e-06,2.797618864297886e-07,9.03055218609936e-08,0.0003739648034724017,0,0.0003739648034724017,1e-07,2674.881212258088,2674.048441764116,11.68773098131841,planar_lyapunov,0.001,1e-05
stable,3,5,-0.3511024066644828,-1.524486649737184,0.837611777021921,0.002617409176484717,-9.09929719131648e-06,0.8376118590330596,0.002617446982045495,-9.099296681806574e-06,2.797618863454759e-07,9.030552182310927e-08,0.0003739648034724017,0,0.0003739648034724017,1e-07,2674.881212258088,2674.048441764116,11.68773098131841,planar_lyapunov,0.001,1e-05
stable,3,6,-0.3511024066644828,-1.524486649737184,0.8376117770241007,0.002617409194816111,-9.585057229659931e-06,0.8376118590352384,0.002617447000376869,-9.58505468796205e-06,2.797618845445585e-07,9.030552104285118e-08,0.0003739648034724017,0,0.0003739648034724017,1e-07,2674.881212258088,2674.048441764116,11.68773098131841,planar_lyapunov,0.001,1e-05
stable,3,7,-0.3511024066644828,-1.524486649737184,0.8376117769553535,0.00261740917038605,-5.585862458537171e-06,0.8376118589664916,0.002617446975946891,-5.585859073940009e-06,2.797618860437797e-07,9.030552150830501e-08,0.0003739648034724017,0,0.0003739648034724017,1e-07,2674.881212258088,2674.048441764116,11.68773098131841,planar_lyapunov,0.001,1e-05
stable,3,8,-0.3511024066644828,-1.524486649737184,0.8376117769293591,0.002617409143574275,1.027019382584954e-06,0.8376118589404971,0.002617446949135072,1.027022026390757e-06,2.797618861469653e-07,9.030552136423512e-08,0.0003739648034724017,0,0.0003739648034724017,1e-07,2674.881212258088,2674.048441764116,11.68773098131841,planar_lyapunov,0.001,1e-05
stable,4,0,-0.4681365422193103,-2.032648866316245,0.8373930833122525,0.003178533937777553,8.739242288373078e-06,0.8373931990530655,0.003178586836874297,8.739241968748287e-06,3.939582681662253e-07,1.272566314215107e-07,0.0003739648034724017,0,0.0003739648034724017,1e-07,2674.881212258088,2674.048441764116,11.68773098131841,planar_lyapunov,0.001,1e-05
stable,4,1,-0.4681365422193103,-2.032648866316245,0.8373930833249739,0.003178533971352373,9.781332366810067e-06,0.8373931990657875,0.003178586870449106,9.781329065612776e-06,3.939582686113748e-07,1.272566319639383e-07,0.0003739648034724017,0,0.0003739648034724017,1e-07,2674.881212258088,2674.048441764116,11.68773098131841,planar_lyapunov,0.001,1e-05
stable,4,2,-0.4681365422193103,-2.032648866316245,0.8373930832565122,0.003178533949778104,6.246628275073862e-06,0.8373931989973253,0.003178586848874876,6.246623536970989e-06,3.939582683928468e-07,1.272566316218286e-07,0.0003739648034724017,0,0.0003739648034724017,1e-07,2674.881212258088,2674.048441764116,11.68773098131841,planar_lyapunov,0.001,1e-05
stable,4,3,-0.4681365422193103,-2.032648866316245,0.8373930832201331,0.003178533908768513,-2.10942543785648e-07,0.8373931989609463,0.003178586807865287,-2.109465017831167e-07,3.939582685691605e-07,1.272566316966907e-07,0.0003739648034724017,0,0.0003739648034724017,1e-07,2674.881212258088,2674.048441764116,11.68773098131841,planar_lyapunov,0.001,1e-05
stable,4,4,-0.4681365422193103,-2.032648866316245,0.8373930832758647,0.003178533916056835,-6.569811020027488e-06,0.8373931990166787,0.003178586815153729,-6.569812345928581e-06,3.939582706793258e-07,1.272566323986315e-07,0.0003739648034724017,0,0.0003739648034724017,1e-07,2674.881212258088,2674.048441764116,11.68773098131841,planar_lyapunov,0.001,1e-05
stable,4,5,-0.4681365422193103,-2.032648866316245,0.8373930833316587,0.003178533959620291,-9.854591953017768e-06,0.8373931990724727,0.003178586858717108,-9.854590026418585e-06,3.939582700302263e-07,1.272566322736038e-07,0.0003739648034724017,0,0.0003739648034724017,1e-07,2674.881212258088,2674.048441764116,11.68773098131841,planar_lyapunov,0.001,1e-05
stable,4,6,-0.4681365422193103,-2.032648866316245,0.8373930832952881,0.00317853396746417,-8.528299723283888e-06,0.8373931990361011,0.003178586866560887,-8.52829544566162e-06,3.939582674100672e-07,1.272566314816462e-07,0.0003739648034724017,0,0.0003739648034724017,1e-07,2674.881212258088,2674.048441764116,11.68773098131841,planar_lyapunov,0.001,1e-05
stable,4,7,-0.4681365422193103,-2.032648866316245,0.837393083226835,0.0031785339265996,-3.211521289510739e-06,0.8373931989676485,0.003178586825696473,-3.211516662412377e-06,3.939582697746043e-07,1.272566319623146e-07,0.0003739648034724017,0,0.0003739648034724017,1e-07,2674.881212258088,2674.048441764116,11.68773098131841,planar_lyapunov,0.001,1e-05
stable,4,8,-0.4681365422193103,-2.032648866316245,0.8373930832395005,0.003178533904610255,3.607963599367968e-06,0.8373931989803139,0.00317858680370708,3.607966410871663e-06,3.939582700688225e-07,1.272566318897808e-07,0.0003739648034724017,0,0.0003739648034724017,1e-07,2674.881212258088,2674.048441764116,11.68773098131841,planar_lyapunov,0.001,1e-05
stable,5,0,-0.5851706777741379,-2.540811082895306,0.8371392745902551,0.003503361417898756,9.703253246109952e-06,0.837139437873161,0.003503435447108272,9.70325106233112e-06,5.546515787145885e-07,1.792808725149874e-07,0.0003739648034724017,0,0.0003739648034724017,1e-07,2674.881212258088,2674.048441764116,11.68773098131841,planar_lyapunov,0.001,1e-05
stable,5,1,-0.5851706777741379,-2.540811082895306,0.8371392745631182,0.003503361442390573,8.93153218959718e-06,0.8371394378460245,0.003503435471600075,8.93152644600052e-06,5.546515798565534e-07,1.792808728909481e-07,0.0003739648034724017,0,0.0003739648034724017,1e-07,2674.881212258088,2674.048441764116,11.68773098131841,planar_lyapunov,0.001,1e-05
stable,5,2,-0.5851706777741379,-2.540811082895306,0.8371392744886611,0.003503361400370459,3.980647918499991e-06,0.8371394377715671,0.003503435429579985,3.980641302578252e-06,5.546515793389202e-07,1.792808726276992e-07,0.0003739648034724017,0,0.0003739648034724017,1e-07,2674.881212258088,2674.048441764116,11.68773098131841,planar_lyapunov,0.001,1e-05
stable,5,3,-0.5851706777741379,-2.540811082895306,0.8371392744901016,0.003503361361372993,-2.832825673130589e-06,0.8371394377730078,0.003503435390582544,-2.832830065714116e-06,5.546515800890635e-07,1.792808727718767e-07,0.0003739648034724017,0,0.0003739648034724017,1e-07,2674.881212258088,2674.048441764116,11.68773098131841,planar_lyapunov,0.001,1e-05
stable,5,4,-0.5851706777741379,-2.540811082895306,0.8371392745649228,0.003503361389790403,-8.320788689313646e-06,0.8371394378478297,0.003503435419000194,-8.320788803220335e-06,5.546515824453807e-07,1.79280873524938e-07,0.0003739648034724017,0,0.0003739648034724017,1e-07,2674.881212258088,2674.048441764116,11.68773098131841,planar_lyapunov,0.001,1e-05
stable,5,5,-0.5851706777741379,-2.540811082895306,0.8371392745895589,0.00350336143867913,-9.91536224264371e-06,0.8371394378724659,0.003503435467888807,-9.915358024575304e-06,5.546515820238293e-07,1.792808735274254e-07,0.0003739648034724017,0,0.0003739648034724017,1e-07,2674.881212258088,2674.048441764116,11.68773098131841,planar_lyapunov,0.001,1e-05
stable,5,6,-0.5851706777741379,-2.540811082895306,0.8371392745232578,0.003503361427260477,-6.870427525164985e-06,0.8371394378061634,0.003503435456469911,-6.870420948802615e-06,5.546515784010842e-07,1.792808722843963e-07,0.0003739648034724017,0,0.0003739648034724017,1e-07,2674.881212258088,2674.048441764116,11.68773098131841,planar_lyapunov,0.001,1e-05
stable,5,7,-0.5851706777741379,-2.540811082895306,0.8371392744755741,0.003503361374349436,-6.107434527184242e-07,0.8371394377584805,0.00350343540355915,-6.107375952150996e-07,5.54651581664568e-07,1.792808730833174e-07,0.0003739648034724017,0,0.0003739648034724017,1e-07,2674.881212258088,2674.048441764116,11.68773098131841,planar_lyapunov,0.001,1e-05
stable,5,8,-0.5851706777741379,-2.540811082895306,0.8371392745253914,0.003503361367480463,5.934714228763774e-06,0.837139437808298,0.003503435396690147,5.934716626617131e-06,5.546515823053646e-07,1.792808731935384e-07,0.0003739648034724017,0,0.0003739648034724017,1e-07,2674.881212258088,2674.048441764116,11.68773098131841,planar_lyapunov,0.001,1e-05
stable,6,0,-0.7022048133289656,-3.048973299474368,0.8368687181555771,0.003568109764388772,9.985639253548301e-06,0.8368689484091849,0.003568213434754458,9.985633966028988e-06,7.807965413201839e-07,2.525158780670387e-07,0.0003739648034724017,0,0.0003739648034724017,1e-07,2674.881212258088,2674.048441764116,11.68773098131841,planar_lyapunov,0.001,1e-05
stable,6,1,-0.7022048133289656,-3.048973299474368,0.8368687180939718,0.003568109769461352,7.454248650604449e-06,0.8368689483475801,0.003568213439827039,7.454239599960257e-06,7.807965430664414e-07,2.525158785791697e-07,0.0003739648034724017,0,0.0003739648034724017,1e-07,2674.881212258088,2674.048441764116,11.68773098131841,planar_lyapunov,0.001,1e-05
stable,6,2,-0.7022048133289656,-3.048973299474368,0.8368687180346777,0.003568109709977397,1.43493222982623e-06,0.8368689482882856,0.003568213380343088,1.43492365095424e-06,7.807965429948477e-07,2.525158782606005e-07,0.0003739648034724017,0,0.0003739648034724017,1e-07,2674.881212258088,2674.048441764116,11.68773098131841,planar_lyapunov,0.001,1e-05
stable,6,3,-0.7022048133289656,-3.048973299474368,0.8368687180759135,0.003568109684370465,-5.255804838472419e-06,0.8368689483295216,0.003568213354736231,-5.2558089314227e-06,7.807965440455189e-07,2.525158783813146e-07,0.0003739648034724017,0,0.0003739648034724017,1e-07,2674.881212258088,2674.048441764116,11.68773098131841,planar_lyapunov,0.001,1e-05
stable,6,4,-0.7022048133289656,-3.048973299474368,0.8368687181493353,0.003568109734879135,-9.48729247192682e-06,0.8368689484029443,0.003568213405245303,-9.487290163818475e-06,7.807965464876406e-07,2.525158793337956e-07,0.0003739648034724017,0,0.0003739648034724017,1e-07,2674.881212258088,2674.048441764116,11.68773098131841,planar_lyapunov,0.001,1e-05
stable,6,5,-0.7022048133289656,-3.048973299474368,0.8368687181337358,0.00356810977805631,-9.279570547722122e-06,0.8368689483873448,0.003568213448422308,-9.279562918544637e-06,7.807965463922796e-07,2.525158793687013e-07,0.0003739648034724017,0,0.0003739648034724017,1e-07,2674.881212258088,2674.048441764116,11.68773098131841,planar_lyapunov,0.001,1e-05
stable,6,6,-0.7022048133289656,-3.048973299474368,0.8368687180548311,0.003568109742573209,-4.729834342995496e-06,0.8368689483084386,0.003568213412938745,-4.729824962525878e-06,7.807965412262642e-07,2.525158778206055e-07,0.0003739648034724017,0,0.0003739648034724017,1e-07,2674.881212258088,2674.048441764116,11.68773098131841,planar_lyapunov,0.001,1e-05
stable,6,7,-0.7022048133289656,-3.048973299474368,0.8368687180430161,0.003568109686990018,2.033043856238858e-06,0.8368689482966251,0.003568213357356035,2.033050598774678e-06,7.807965464339766e-07,2.525158792500698e-07,0.0003739648034724017,0,0.0003739648034724017,1e-07,2674.881212258088,2674.048441764116,11.68773098131841,planar_lyapunov,0.001,1e-05
stable,6,8,-0.7022048133289656,-3.048973299474368,0.8368687181179042,0.00356810970329591,7.844638210898671e-06,0.8368689483715132,0.003568213373661935,7.844639160593235e-06,7.80796546343288e-07,2.525158791652209e-07,0.0003739648034724017,0,0.0003739648034724017,1e-07,2674.881212258088,2674.048441764116,11.68773098131841,planar_lyapunov,0.001,1e-05
stable,7,0,-0.8192389488837931,-3.557135516053429,0.8366013968509629,0.003368350555170617,9.568897711992156e-06,0.8366017213932107,0.003368495905013421,9.568887693526017e-06,1.09912019445989e-06,3.556040599784529e-07,0.0003739648034724017,0,0.0003739648034724017,1e-07,2674.881212258088,2674.048441764116,11.68773098131841,planar_lyapunov,0.001,1e-05
stable,7,1,-0.8192389488837931,-3.557135516053429,0.8366013967700077,0.003368350533809624,5.455001486384684e-06,0.8366017213122557,0.003368495883652476,5.454988290461066e-06,1.099120197333967e-06,3.556040604063492e-07,0.0003739648034724017,0,0.0003739648034724017,1e-07,2674.881212258088,2674.048441764116,11.68773098131841,planar_lyapunov,0.001,1e-05
stable,7,2,-0.8192389488837931,-3.557135516053429,0.8366013967433432,0.003368350465491152,-1.211350576360461e-06,0.8366017212855912,0.003368495815334005,-1.211360775222118e-06,1.099120197802235e-06,3.55604060206438e-07,0.0003739648034724017,0,0.0003739648034724017,1e-07,2674.881212258088,2674.048441764116,11.68773098131841,planar_lyapunov,0.001,1e-05
stable,7,3,-0.8192389488837931,-3.557135516053429,0.8366013968153466,0.003368350463295203,-7.310898147339905e-06,0.8366017213575951,0.003368495813138212,-7.310900576978966e-06,1.099120198195681e-06,3.556040606390994e-07,0.0003739648034724017,0,0.0003739648034724017,1e-07,2674.881212258088,2674.048441764116,11.68773098131841,planar_lyapunov,0.001,1e-05
stable,7,4,-0.8192389488837931,-3.557135516053429,0.836601396866744,0.003368350530735226,-9.989595301951397e-06,0.8366017214089934,0.003368495880578821,-9.989588825512715e-06,1.099120201243729e-06,3.556040617398541e-07,0.0003739648034724017,0,0.0003739648034724017,1e-07,2674.881212258088,2674.048441764116,11.68773098131841,planar_lyapunov,0.001,1e-05
stable,7,5,-0.8192389488837931,-3.557135516053429,0.8366013968127916,0.003368350556398995,-7.994049808862611e-06,0.8366017213550411,0.003368495906242359,-7.994037456743744e-06,1.099120201687992e-06,3.556040619024278e-07,0.0003739648034724017,0,0.0003739648034724017,1e-07,2674.881212258088,2674.048441764116,11.68773098131841,planar_lyapunov,0.001,1e-05
stable,7,6,-0.8192389488837931,-3.557135516053429,0.8366013967425511,0.00336835049790304,-2.257999471820939e-06,0.8366017212847983,0.003368495847745636,-2.257987023715719e-06,1.099120195375079e-06,3.556040594640262e-07,0.0003739648034724017,0,0.0003739648034724017,1e-07,2674.881212258088,2674.048441764116,11.68773098131841,planar_lyapunov,0.001,1e-05
stable,7,7,-0.8192389488837931,-3.557135516053429,0.8366013967721118,0.003368350451822257,4.534593834608636e-06,0.8366017213143613,0.003368495801665644,4.534600554093535e-06,1.099120202225698e-06,3.55604061760602e-07,0.0003739648034724017,0,0.0003739648034724017,1e-07,2674.881212258088,2674.048441764116,11.68773098131841,planar_lyapunov,0.001,1e-05
stable,7,8,-0.8192389488837931,-3.557135516053429,0.8366013968527206,0.003368350494475115,9.205400273349599e-06,0.8366017213949699,0.003368495844318545,9.205398120092509e-06,1.099120201235576e-06,3.556040615185355e-07,0.0003739648034724017,0,0.0003739648034724017,1e-07,2674.881212258088,2674.048441764116,11.68773098131841,planar_lyapunov,0.001,1e-05
stable,8,0,-0.9362730844386207,-4.065297732632491,0.8363574451304662,0.002919227103297201,8.484346312881487e-06,0.8363579023640484,0.002919431208578672,8.484329593970496e-06,1.547327976818375e-06,5.007209950781447e-07,0.0003739648034724017,0,0.0003739648034724017,1e-07,2674.881212258088,2674.048441764116,11.68773098131841,planar_lyapunov,0.001,1e-05
stable,8,1,-0.9362730844386207,-4.065297732632491,0.8363574450508973,0.002919227054140828,3.074987334179473e-06,0.8363579022844803,0.002919431159422471,3.074969420616936e-06,1.547327981853379e-06,5.007209958993002e-07,0.0003739648034724017,0,0.0003739648034724017,1e-07,2674.881212258088,2674.048441764116,11.68773098131841,planar_lyapunov,0.001,1e-05
stable,8,2,-0.9362730844386207,-4.065297732632491,0.8363574450658238,0.002919226989446385,-3.773192393185263e-06,0.8363579022994065,0.002919431094728066,-3.773203119444159e-06,1.547327982200988e-06,5.007209955065498e-07,0.0003739648034724017,0,0.0003739648034724017,1e-07,2674.881212258088,2674.048441764116,11.68773098131841,planar_lyapunov,0.001,1e-05
stable,8,3,-0.9362730844386207,-4.065297732632491,0.836357445151006,0.002919227016363421,-8.855853373821426e-06,0.8363579023845895,0.002919431121645342,-8.855851893841086e-06,1.547327981862427e-06,5.007209962014456e-07,0.0003739648034724017,0,0.0003739648034724017,1e-07,2674.881212258088,2674.048441764116,11.68773098131841,planar_lyapunov,0.001,1e-05
stable,8,4,-0.9362730844386207,-4.065297732632491,0.8363574451652763,0.002919227090241486,-9.794762230269824e-06,0.836357902398861,0.002919431195524181,-9.794749236549413e-06,1.547327985407225e-06,5.007209976972018e-07,0.0003739648034724017,0,0.0003739648034724017,1e-07,2674.881212258088,2674.048441764116,11.68773098131841,planar_lyapunov,0.001,1e-05
stable,8,5,-0.9362730844386207,-4.065297732632491,0.8363574450853406,0.002919227089060139,-6.150592982841602e-06,0.8363579023189255,0.002919431194342557,-6.150574555287206e-06,1.54732798768235e-06,5.007209979571393e-07,0.0003739648034724017,0,0.0003739648034724017,1e-07,2674.881212258088,2674.048441764116,11.68773098131841,planar_lyapunov,0.001,1e-05
stable,8,6,-0.9362730844386207,-4.065297732632491,0.8363574450431471,0.002919227014791122,3.715071690747732e-07,0.836357902276729,0.002919431120072388,3.71522408005428e-07,1.547327978579369e-06,5.007209946433363e-07,0.0003739648034724017,0,0.0003739648034724017,1e-07,2674.881212258088,2674.048441764116,11.68773098131841,planar_lyapunov,0.001,1e-05
stable,8,7,-0.9362730844386207,-4.065297732632491,0.8363574451084497,0.00291922699006823,6.719774896478419e-06,0.8363579023420348,0.00291943109535073,6.719779816320482e-06,1.547327988137241e-06,5.007209978785713e-07,0.0003739648034724017,0,0.0003739648034724017,1e-07,2674.881212258088,2674.048441764116,11.68773098131841,planar_lyapunov,0.001,1e-05
stable,8,8,-0.9362730844386207,-4.065297732632491,0.8363574451734478,0.002919227055940667,9.923785267503805e-06,0.8363579024070322,0.002919431161223201,9.923777566208511e-06,1.547327985208451e-06,5.007209973189575e-07,0.0003739648034724017,0,0.0003739648034724017,1e-07,2674.881212258088,2674.048441764116,11.68773098131841,planar_lyapunov,0.001,1e-05
stable,9,0,-1.053307219993448,-4.573459949211553,0.8361555612741195,0.002254240691943132,6.809355884274983e-06,0.8361562051813248,0.00225452782987258,6.809330327865439e-06,2.178632416900564e-06,7.050281414672038e-07,0.0003739648034724017,0,0.0003739648034724017,1e-07,2674.881212258088,2674.048441764116,11.68773098131841,planar_lyapunov,0.001,1e-05
stable,9,1,-1.053307219993448,-4.573459949211553,0.8361555612166668,0.002254240620171578,4.809184181984834e-07,0.8361562051238737,0.002254527758101457,4.808958819299015e-07,2.178632424634803e-06,7.050281429593267e-07,0.0003739648034724017,0,0.0003739648034724017,1e-07,2674.881212258088,2674.048441764116,11.68773098131841,planar_lyapunov,0.001,1e-05
stable,9,2,-1.053307219993448,-4.573459949211553,0.836155561271171,0.002254240572395543,-6.072546104080562e-06,0.8361562051783776,0.002254527710325548,-6.072555075237405e-06,2.178632424134766e-06,7.050281425048202e-07,0.0003739648034724017,0,0.0003739648034724017,1e-07,2674.881212258088,2674.048441764116,11.68773098131841,planar_lyapunov,0.001,1e-05
stable,9,3,-1.053307219993448,-4.573459949211553,0.8361555613481533,0.002254240627882259,-9.7845987341231e-06,0.8361562052553605,0.002254527765812547,-9.784589942464466e-06,2.178632422919129e-06,7.050281431250596e-07,0.0003739648034724017,0,0.0003739648034724017,1e-07,2674.881212258088,2674.048441764116,11.68773098131841,planar_lyapunov,0.001,1e-05
stable,9,4,-1.053307219993448,-4.573459949211553,0.8361555613198391,0.002254240694694056,-8.918328970554358e-06,0.836156205227048,0.002254527832625297,-8.918306529794845e-06,2.178632428226401e-06,7.050281453362163e-07,0.0003739648034724017,0,0.0003739648034724017,1e-07,2674.881212258088,2674.048441764116,11.68773098131841,planar_lyapunov,0.001,1e-05
stable,9,5,-1.053307219993448,-4.573459949211553,0.8361555612334386,0.002254240662540574,-3.879073948994455e-06,0.836156205140648,0.002254527800471562,-3.879048359414717e-06,2.178632433026855e-06,7.05028145847488e-07,0.0003739648034724017,0,0.0003739648034724017,1e-07,2674.881212258088,2674.048441764116,11.68773098131841,planar_lyapunov,0.001,1e-05
stable,9,6,-1.053307219993448,-4.573459949211553,0.8361555612315078,0.002254240584553469,2.975242965704244e-06,0.8361562051387131,0.002254527722482821,2.975259730455096e-06,2.178632419549539e-06,7.050281411644749e-07,0.0003739648034724017,0,0.0003739648034724017,1e-07,2674.881212258088,2674.048441764116,11.68773098131841,planar_lyapunov,0.001,1e-05
stable,9,7,-1.053307219993448,-4.573459949211553,0.8361555613172805,0.002254240589512988,8.437410532833184e-06,0.8361562052244902,0.002254527727444183,8.437410628342163e-06,2.178632432083418e-06,7.050281456699658e-07,0.0003739648034724017,0,0.0003739648034724017,1e-07,2674.881212258088,2674.048441764116,11.68773098131841,planar_lyapunov,0.001,1e-05
stable,9,8,-1.053307219993448,-4.573459949211553,0.836155561349161,0.002254240669436927,9.951619956741436e-06,0.8361562052563695,0.002254527807368031,9.951603338318889e-06,2.178632426778917e-06,7.050281447138847e-07,0.0003739648034724017,0,0.0003739648034724017,1e-07,2674.881212258088,2674.048441764116,11.68773098131841,planar_lyapunov,0.001,1e-05
stable,10,0,-1.170341355548276,-5.081622165790613,0.8360114438435285,0.001422717951904627,4.66157963384969e-06,0.8360123503132985,0.001423122692919598,4.661543321264993e-06,3.068148253033996e-06,9.927249036280792e-07,0.0003739648034724017,0,0.0003739648034724017,1e-07,2674.881212258088,2674.048441764116,11.68773098131841,planar_lyapunov,0.001,1e-05
stable,10,1,-1.170341355548276,-5.081622165790613,0.8360114438233075,0.001422717868379816,-2.146599630457738e-06,0.8360123502930803,0.001423122609395696,-2.146625407267412e-06,3.068148264805569e-06,9.927249063053327e-07,0.0003739648034724017,0,0.0003739648034724017,1e-07,2674.881212258088,2674.048441764116,11.68773098131841,planar_lyapunov,0.001,1e-05
stable,10,2,-1.170341355548276,-5.081622165790613,0.8360114439049153,0.001422717848278628,-7.950361038491455e-06,0.8360123503746875,0.001423122589294738,-7.950364218270103e-06,3.068148261019441e-06,9.92724905460783e-07,0.0003739648034724017,0,0.0003739648034724017,1e-07,2674.881212258088,2674.048441764116,11.68773098131841,planar_lyapunov,0.001,1e-05
stable,10,3,-1.170341355548276,-5.081622165790613,0.8360114439543207,0.001422717925238071,-1.003406009395915e-05,0.8360123504240931,0.001423122666254416,-1.003403918885339e-05,3.068148258929254e-06,9.927249059742123e-07,0.0003739648034724017,0,0.0003739648034724017,1e-07,2674.881212258088,2674.048441764116,11.68773098131841,planar_lyapunov,0.001,1e-05
stable,10,4,-1.170341355548276,-5.081622165790613,0.836011443889102,0.001422717971732424,-7.422711011923504e-06,0.8360123503588767,0.001423122712749906,-7.422675803664305e-06,3.068148268244742e-06,9.927249089713075e-07,0.0003739648034724017,0,0.0003739648034724017,1e-07,2674.881212258088,2674.048441764116,11.68773098131841,planar_lyapunov,0.001,1e-05
stable,10,5,-1.170341355548276,-5.081622165790613,0.8360114438176358,0.001422717911128118,-1.338192920782377e-06,0.8360123502874117,0.001423122652145541,-1.3381598837054e-06,3.068148275826671e-06,9.927249099875007e-07,0.0003739648034724017,0,0.0003739648034724017,1e-07,2674.881212258088,2674.048441764116,11.68773098131841,planar_lyapunov,0.001,1e-05
stable,10,6,-1.170341355548276,-5.081622165790613,0.836011443857691,0.001422717843529708,5.372480574577643e-06,0.8360123503274617,0.001423122584544853,5.3724959820564e-06,3.068148256723582e-06,9.927249038642214e-07,0.0003739648034724017,0,0.0003739648034724017,1e-07,2674.881212258088,2674.048441764116,11.68773098131841,planar_lyapunov,0.001,1e-05
stable,10,7,-1.170341355548276,-5.081622165790613,0.8360114439431388,0.00142271788056137,9.569310604023197e-06,0.8360123504129148,0.001423122621579137,9.569301172573576e-06,3.068148271855512e-06,9.927249097242577e-07,0.0003739648034724017,0,0.0003739648034724017,1e-07,2674.881212258088,2674.048441764116,11.68773098131841,planar_lyapunov,0.001,1e-05
stable,10,8,-1.170341355548276,-5.081622165790613,0.8360114439329751,0.001422717961258105,9.288553883163467e-06,0.8360123504027489,0.001423122702275472,9.288524025865671e-06,3.068148264478831e-06,9.927249079379989e-07,0.0003739648034724017,0,0.0003739648034724017,1e-07,2674.881212258088,2674.048441764116,11.68773098131841,planar_lyapunov,0.001,1e-05
stable,11,0,-1.287375491103103,-5.589784382369674,0.8359364199655724,0.0004861562439584498,2.190664368129786e-06,0.8359376957066706,0.0004867278564429455,2.190616306027838e-06,4.321922082418799e-06,1.397947132187858e-06,0.0003739648034724017,0,0.0003739648034724017,1e-07,2674.881212258088,2674.048441764116,11.68773098131841,planar_lyapunov,0.001,1e-05
stable,11,1,-1.287375491103103,-5.589784382369674,0.8359364199879925,0.0004861561627938652,-4.625369010345069e-06,0.8359376957290955,0.0004867277752800721,-4.625394462600201e-06,4.321922098324842e-06,1.397947136649666e-06,0.0003739648034724017,0,0.0003739648034724017,1e-07,2674.881212258088,2674.048441764116,11.68773098131841,planar_lyapunov,0.001,1e-05
stable,11,2,-1.287375491103103,-5.589784382369674,0.8359364200770976,0.0004861561757626892,-9.277140778274005e-06,0.8359376958181988,0.00048672778824913,-9.277131711289029e-06,4.321922089434667e-06,1.397947134921899e-06,0.0003739648034724017,0,0.0003739648034724017,1e-07,2674.881212258088,2674.048441764116,11.68773098131841,planar_lyapunov,0.001,1e-05
stable,11,3,-1.287375491103103,-5.589784382369674,0.8359364200868068,0.0004861562619982093,-9.588035229887587e-06,0.8359376958279078,0.0004867278744846765,-9.587995886206088e-06,4.321922086350693e-06,1.397947135254299e-06,0.0003739648034724017,0,0.0003739648034724017,1e-07,2674.881212258088,2674.048441764116,11.68773098131841,planar_lyapunov,0.001,1e-05
stable,11,4,-1.287375491103103,-5.589784382369674,0.8359364199999907,0.0004861562785016492,-5.412581525873038e-06,0.8359376957410957,0.0004867278909895577,-5.412530314840221e-06,4.321922103248345e-06,1.397947139875428e-06,0.0003739648034724017,0,0.0003739648034724017,1e-07,2674.881212258088,2674.048441764116,11.68773098131841,planar_lyapunov,0.001,1e-05
stable,11,5,-1.287375491103103,-5.589784382369674,0.8359364199609625,0.0004861561983194176,1.295479273597063e-06,0.8359376957020698,0.0004867278108077233,1.295518389769801e-06,4.321922114364957e-06,1.397947141774746e-06,0.0003739648034724017,0,0.0003739648034724017,1e-07,2674.881212258088,2674.048441764116,11.68773098131841,planar_lyapunov,0.001,1e-05
stable,11,6,-1.287375491103103,-5.589784382369674,0.8359364200337369,0.0004861561538395009,7.397370965513956e-06,0.8359376957748365,0.0004867277663246346,7.397379683934001e-06,4.321922085225919e-06,1.397947132865501e-06,0.0003739648034724017,0,0.0003739648034724017,1e-07,2674.881212258088,2674.048441764116,11.68773098131841,planar_lyapunov,0.001,1e-05
stable,11,7,-1.287375491103103,-5.589784382369674,0.8359364200981438,0.0004861562185038271,1.003795048249391e-05,0.8359376958392503,0.000486727830992508,1.003792472371619e-05,4.321922104194516e-06,1.397947140807705e-06,0.0003739648034724017,0,0.0003739648034724017,1e-07,2674.881212258088,2674.048441764116,11.68773098131841,planar_lyapunov,0.001,1e-05
stable,11,8,-1.287375491103103,-5.589784382369674,0.835936420048036,0.0004861562857040373,7.981661454644559e-06,0.8359376957891392,0.0004867278981917694,7.981613271487564e-06,4.321922095590519e-06,1.397947138074587e-06,0.0003739648034724017,0,0.0003739648034724017,1e-07,2674.881212258088,2674.048441764116,11.68773098131841,planar_lyapunov,0.001,1e-05
stable,12,0,-1.404409626657931,-6.097946598948736,0.8359364250901422,-0.0004862866159230265,-4.319767484039778e-07,0.8359382201989252,-0.0004854779145796236,-4.32035462632474e-07,6.089681585453543e-06,1.96886094199328e-06,0.0003739648034724017,0,0.0003739648034724017,1e-07,2674.881212258088,2674.048441764116,11.68773098131841,planar_lyapunov,0.001,1e-05
stable,12,1,-1.404409626657931,-6.097946598948736,0.8359364251494019,-0.0004862866807299358,-6.783822562706133e-06,0.8359382202581914,-0.0004854779793836237,-6.783840728169732e-06,6.089681604907023e-06,1.968860948368817e-06,0.0003739648034724017,0,0.0003739648034724017,1e-07,2674.881212258088,2674.048441764116,11.68773098131841,planar_lyapunov,0.001,1e-05
stable,12,2,-1.404409626657931,-6.097946598948736,0.8359364252245061,-0.0004862866361308653,-9.961442352111221e-06,0.8359382203332918,-0.0004854779347846024,-9.961411468987519e-06,6.089681587923767e-06,1.968860945065398e-06,0.0003739648034724017,0,0.0003739648034724017,1e-07,2674.881212258088,2674.048441764116,11.68773098131841,planar_lyapunov,0.001,1e-05
stable,12,3,-1.404409626657931,-6.097946598948736,0.835936425192995,-0.0004862865550537711,-8.47799253811514e-06,0.8359382203017802,-0.0004854778537078971,-8.477927056961615e-06,6.089681586112526e-06,1.968860945246221e-06,0.0003739648034724017,0,0.0003739648034724017,1e-07,2674.881212258088,2674.048441764116,11.68773098131841,planar_lyapunov,0.001,1e-05
stable,12,4,-1.404409626657931,-6.097946598948736,0.8359364251054229,-0.0004862865721746937,-3.027595864910639e-06,0.835938220214215,-0.0004854778708267439,-3.0275264250858e-06,6.089681614456612e-06,1.968860952611617e-06,0.0003739648034724017,0,0.0003739648034724017,1e-07,2674.881212258088,2674.048441764116,11.68773098131841,planar_lyapunov,0.001,1e-05
stable,12,5,-1.404409626657931,-6.097946598948736,0.8359364251076915,-0.0004862866587133302,3.839446615494332e-06,0.8359382202164876,-0.0004854779573641473,3.839487522324484e-06,6.089681629401508e-06,1.968860955861418e-06,0.0003739648034724017,0,0.0003739648034724017,1e-07,2674.881212258088,2674.048441764116,11.68773098131841,planar_lyapunov,0.001,1e-05
stable,12,6,-1.404409626657931,-6.097946598948736,0.8359364251953654,-0.0004862866718816646,8.909969371534663e-06,0.8359382203041497,-0.0004854779705370223,8.909962604608933e-06,6.089681583594874e-06,1.968860942853213e-06,0.0003739648034724017,0,0.0003739648034724017,1e-07,2674.881212258088,2674.048441764116,11.68773098131841,planar_lyapunov,0.001,1e-05
stable,12,7,-1.404409626657931,-6.097946598948736,0.835936425223693,-0.0004862865899480099,9.811418363626477e-06,0.8359382203324857,-0.0004854778885987732,9.811367089265347e-06,6.089681609742211e-06,1.968860952988224e-06,0.0003739648034724017,0,0.0003739648034724017,1e-07,2674.881212258088,2674.048441764116,11.68773098131841,planar_lyapunov,0.001,1e-05
stable,12,8,-1.404409626657931,-6.097946598948736,0.8359364251462768,-0.0004862865480278161,6.121995715590888e-06,0.8359382202550657,-0.0004854778466803135,6.121923925637888e-06,6.089681601189078e-06,1.968860949576695e-06,0.0003739648034724017,0,0.0003739648034724017,1e-07,2674.881212258088,2674.048441764116,11.68773098131841,planar_lyapunov,0.001,1e-05
stable,13,0,-1.521443762212759,-6.606108815527797,0.8360114588121181,-0.001422838702696539,-3.024688626237347e-06,0.8360139845116901,-0.001421692912248821,-3.024753025056193e-06,8.582835782818637e-06,2.773444443626557e-06,0.0003739648034724017,0,0.0003739648034724017,1e-07,2674.881212258088,2674.048441764116,11.68773098131841,planar_lyapunov,0.001,1e-05
stable,13,1,-1.521443762212759,-6.606108815527797,0.8360114588926684,-0.001422838740658734,-8.472456744905441e-06,0.8360139845922482,-0.001421692950206518,-8.472455731217427e-06,8.582835803731116e-06,2.77344445191602e-06,0.0003739648034724017,0,0.0003739648034724017,1e-07,2674.881212258088,2674.048441764116,11.68773098131841,planar_lyapunov,0.001,1e-05
stable,13,2,-1.521443762212759,-6.606108815527797,0.8360114589361403,-0.001422838672397951,-9.955868133742533e-06,0.8360139846357134,-0.001421692881946627,-9.955802181863743e-06,8.582835777311713e-06,2.773444446264974e-06,0.0003739648034724017,0,0.0003739648034724017,1e-07,2674.881212258088,2674.048441764116,11.68773098131841,planar_lyapunov,0.001,1e-05
stable,13,3,-1.521443762212759,-6.606108815527797,0.8360114588730326,-0.001422838609642529,-6.7808181824886e-06,0.8360139845726056,-0.001421692819192175,-6.780718152036782e-06,8.582835780933623e-06,2.77344444668172e-06,0.0003739648034724017,0,0.0003739648034724017,1e-07,2674.881212258088,2674.048441764116,11.68773098131841,planar_lyapunov,0.001,1e-05
stable,13,4,-1.521443762212759,-6.606108815527797,0.8360114588054992,-0.001422838657076137,-4.329480944441123e-07,0.8360139845050834,-0.001421692866622408,-4.328607907780554e-07,8.582835824680086e-06,2.773444457857951e-06,0.0003739648034724017,0,0.0003739648034724017,1e-07,2674.881212258088,2674.048441764116,11.68773098131841,planar_lyapunov,0.001,1e-05
stable,13,5,-1.521443762212759,-6.606108815527797,0.8360114588467982,-0.001422838735590368,6.117503276724978e-06,0.836013984546388,-0.001421692945134107,6.117537003249055e-06,8.582835841722343e-06,2.773444462891341e-06,0.0003739648034724017,0,0.0003739648034724017,1e-07,2674.881212258088,2674.048441764116,11.68773098131841,planar_lyapunov,0.001,1e-05
stable,13,6,-1.521443762212759,-6.606108815527797,0.8360114589277136,-0.001422838715806313,9.805506869354621e-06,0.8360139846272849,-0.001421692925356834,9.805471237720627e-06,8.582835771560021e-06,2.773444443329849e-06,0.0003739648034724017,0,0.0003739648034724017,1e-07,2674.881212258088,2674.048441764116,11.68773098131841,planar_lyapunov,0.001,1e-05
stable,13,7,-1.521443762212759,-6.606108815527797,0.8360114589147183,-0.001422838630401191,8.905404770605919e-06,0.8360139846143009,-0.001421692839945903,8.905316453252207e-06,8.582835810371129e-06,2.773444457118589e-06,0.0003739648034724017,0,0.0003739648034724017,1e-07,2674.881212258088,2674.048441764116,11.68773098131841,planar_lyapunov,0.001,1e-05
stable,13,8,-1.521443762212759,-6.606108815527797,0.8360114588298859,-0.001422838620175706,3.838364865131334e-06,0.836013984529465,-0.001421692829723078,3.838265186729307e-06,8.582835804599859e-06,2.773444453169454e-06,0.0003739648034724017,0,0.0003739648034724017,1e-07,2674.881212258088,2674.048441764116,11.68773098131841,planar_lyapunov,0.001,1e-05
stable,14,0,-1.638477897767586,-7.114271032106859,0.8361555849084831,-0.002254342900828003,-5.407715686656131e-06,0.8361591386147857,-0.002252717810222533,-5.407774391128531e-06,1.20998835128998e-05,3.907652487758608e-06,0.0003739648034724017,0,0.0003739648034724017,1e-07,2674.881212258088,2674.048441764116,11.68773098131841,planar_lyapunov,0.001,1e-05
stable,14,1,-1.638477897767586,-7.114271032106859,0.8361555849890588,-0.002254342907464181,-9.573824132241263e-06,0.8361591386953702,-0.002252717816852374,-9.573785354081011e-06,1.209988353307736e-05,3.907652498020791e-06,0.0003739648034724017,0,0.0003739648034724017,1e-07,2674.881212258088,2674.048441764116,11.68773098131841,planar_lyapunov,0.001,1e-05
stable,14,2,-1.638477897767586,-7.114271032106859,0.8361555849918922,-0.002254342828023622,-9.260233807223974e-06,0.8361591386981931,-0.002252717737414401,-9.260115691163866e-06,1.209988349698081e-05,3.907652489047235e-06,0.0003739648034724017,0,0.0003739648034724017,1e-07,2674.881212258088,2674.048441764116,11.68773098131841,planar_lyapunov,0.001,1e-05
stable,14,3,-1.638477897767586,-7.114271032106859,0.8361555849156029,-0.002254342792274876,-4.613677197616756e-06,0.8361591386219055,-0.002252717701667162,-4.613535011474582e-06,1.20998835117707e-05,3.907652490736864e-06,0.0003739648034724017,0,0.0003739648034724017,1e-07,2674.881212258088,2674.048441764116,11.68773098131841,planar_lyapunov,0.001,1e-05
stable,14,4,-1.638477897767586,-7.114271032106859,0.8361555848832578,-0.002254342860676454,2.191670219962042e-06,0.836159138589578,-0.002252717770062967,2.191769945711773e-06,1.209988357527223e-05,3.907652507877087e-06,0.0003739648034724017,0,0.0003739648034724017,1e-07,2674.881212258088,2674.048441764116,11.68773098131841,planar_lyapunov,0.001,1e-05
stable,14,5,-1.638477897767586,-7.114271032106859,0.8361555849506247,-0.002254342919142123,7.97151084190406e-06,0.8361591386569517,-0.002252717828524368,7.971521444473592e-06,1.209988359078439e-05,3.907652514552763e-06,0.0003739648034724017,0,0.0003739648034724017,1e-07,2674.881212258088,2674.048441764116,11.68773098131841,planar_lyapunov,0.001,1e-05
stable,14,6,-1.638477897767586,-7.114271032106859,0.8361555850050217,-0.002254342871630376,1.002139291752167e-05,0.8361591387113202,-0.002252717781023115,1.002130943585061e-05,1.209988348661052e-05,3.907652485117905e-06,0.0003739648034724017,0,0.0003739648034724017,1e-07,2674.881212258088,2674.048441764116,11.68773098131841,planar_lyapunov,0.001,1e-05
stable,14,7,-1.638477897767586,-7.114271032106859,0.8361555849568209,-0.002254342796578653,7.382153843634158e-06,0.8361591386631357,-0.002252717705963999,7.382015339724837e-06,1.209988354825524e-05,3.907652504698104e-06,0.0003739648034724017,0,0.0003739648034724017,1e-07,2674.881212258088,2674.048441764116,11.68773098131841,planar_lyapunov,0.001,1e-05
stable,14,8,-1.638477897767586,-7.114271032106859,0.8361555848865343,-0.002254342817593504,1.288723000714567e-06,0.8361591385928466,-0.002252717726982343,1.288594282085503e-06,1.209988354812828e-05,3.90765250058871e-06,0.0003739648034724017,0,0.0003739648034724017,1e-07,2674.881212258088,2674.048441764116,11.68773098131841,planar_lyapunov,0.001,1e-05
stable,15,0,-1.755512033322414,-7.62243324868592,0.8363574755859412,-0.00291930320165711,-7.415259324708787e-06,0.8363624763648714,-0.002916996983390461,-7.415291154343652e-06,1.706225987384036e-05,5.506944034845776e-06,0.0003739648034724017,0,0.0003739648034724017,1e-07,2674.881212258088,2674.048441764116,11.68773098131841,planar_lyapunov,0.001,1e-05
stable,15,1,-1.755512033322414,-7.62243324868592,0.8363574756450857,-0.002919303179418141,-1.001050853788756e-05,0.8363624764240247,-0.002916996961143347,-1.001040497388884e-05,1.70622598928784e-05,5.506944047204006e-06,0.0003739648034724017,0,0.0003739648034724017,1e-07,2674.881212258088,2674.048441764116,11.68773098131841,planar_lyapunov,0.001,1e-05
stable,15,2,-1.755512033322414,-7.62243324868592,0.8363574756094035,-0.002919303102621295,-7.92172949712847e-06,0.8363624763883279,-0.002916996884351854,-7.921538998243369e-06,1.706225984999958e-05,5.506944033975256e-06,0.0003739648034724017,0,0.0003739648034724017,1e-07,2674.881212258088,2674.048441764116,11.68773098131841,planar_lyapunov,0.001,1e-05
stable,15,3,-1.755512033322414,-7.62243324868592,0.8363574755425179,-0.002919303096041644,-2.126285234832508e-06,0.8363624763214484,-0.002916996877773765,-2.126096937606737e-06,1.70622598833334e-05,5.506944038790688e-06,0.0003739648034724017,0,0.0003739648034724017,1e-07,2674.881212258088,2674.048441764116,11.68773098131841,planar_lyapunov,0.001,1e-05
stable,15,4,-1.755512033322414,-7.62243324868592,0.836357475550727,-0.00291930317251004,4.664071515556941e-06,0.8363624763296832,-0.002916996954232417,4.664169504760512e-06,1.706225996890001e-05,5.506944063812808e-06,0.0003739648034724017,0,0.0003739648034724017,1e-07,2674.881212258088,2674.048441764116,11.68773098131841,planar_lyapunov,0.001,1e-05
stable,15,5,-1.755512033322414,-7.62243324868592,0.8363574756237094,-0.00291930320415299,9.27205742319331e-06,0.836362476402672,-0.002916996985869145,9.27201925413556e-06,1.706225997711633e-05,5.506944071526218e-06,0.0003739648034724017,0,0.0003739648034724017,1e-07,2674.881212258088,2674.048441764116,11.68773098131841,planar_lyapunov,0.001,1e-05
stable,15,6,-1.755512033322414,-7.62243324868592,0.8363574756389659,-0.002919303139538226,9.541544564573343e-06,0.836362476417886,-0.00291699692127084,9.541388096981031e-06,1.706225982986798e-05,5.506944028110961e-06,0.0003739648034724017,0,0.0003739648034724017,1e-07,2674.881212258088,2674.048441764116,11.68773098131841,planar_lyapunov,0.001,1e-05
stable,15,7,-1.755512033322414,-7.62243324868592,0.8363574755716537,-0.002919303085288592,5.346436957533686e-06,0.8363624763505993,-0.002916996867011362,5.346235404332342e-06,1.706225992942233e-05,5.506944056887179e-06,0.0003739648034724017,0,0.0003739648034724017,1e-07,2674.881212258088,2674.048441764116,11.68773098131841,planar_lyapunov,0.001,1e-05
stable,15,8,-1.755512033322414,-7.62243324868592,0.8363574755342325,-0.002919303130499266,-1.3503278663019e-06,0.8363624763131777,-0.002916996912225909,-1.350480196129253e-06,1.706225993533262e-05,5.506944053381295e-06,0.0003739648034724017,0,0.0003739648034724017,1e-07,2674.881212258088,2674.048441764116,11.68773098131841,planar_lyapunov,0.001,1e-05
stable,16,0,-1.872546168877241,-8.130595465264982,0.8366014317796868,-0.003368394883716671,-8.906746357874036e-06,0.8366084705471025,-0.00336512182117448,-8.906716158965115e-06,2.40648621552777e-05,7.762550169779657e-06,0.0003739648034724017,0,0.0003739648034724017,1e-07,2674.881212258088,2674.048441764116,11.68773098131841,planar_lyapunov,0.001,1e-05
stable,16,1,-1.872546168877241,-8.130595465264982,0.836601431801286,-0.003368394841123478,-9.750593324256849e-06,0.8366084705687105,-0.003365121778571705,-9.750388304769688e-06,2.406486217780035e-05,7.762550184421798e-06,0.0003739648034724017,0,0.0003739648034724017,1e-07,2674.881212258088,2674.048441764116,11.68773098131841,planar_lyapunov,0.001,1e-05
stable,16,2,-1.872546168877241,-8.130595465264982,0.8366014317399281,-0.003368394778677893,-6.032029259560768e-06,0.8366084705073353,-0.003365121716135324,-6.031745350393897e-06,2.4064862135183e-05,7.762550167421104e-06,0.0003739648034724017,0,0.0003739648034724017,1e-07,2674.881212258088,2674.048441764116,11.68773098131841,planar_lyapunov,0.001,1e-05
stable,16,3,-1.872546168877241,-8.130595465264982,0.8366014317035716,-0.003368394796545842,5.089882662076873e-07,0.8366084704709917,-0.003365121734003744,5.092182208001486e-07,2.406486219350194e-05,7.762550177114463e-06,0.0003739648034724017,0,0.0003739648034724017,1e-07,2674.881212258088,2674.048441764116,11.68773098131841,planar_lyapunov,0.001,1e-05
stable,16,4,-1.872546168877241,-8.130595465264982,0.8366014317463304,-0.003368394867976051,6.811844544491049e-06,0.8366084705137854,-0.00336512180541826,6.811912946201233e-06,2.406486230000145e-05,7.762550212237155e-06,0.0003739648034724017,0,0.0003739648034724017,1e-07,2674.881212258088,2674.048441764116,11.68773098131841,planar_lyapunov,0.001,1e-05
stable,16,5,-1.872546168877241,-8.130595465264982,0.8366014318020984,-0.003368394872782168,9.927363104240716e-06,0.8366084705695574,-0.003365121810216465,9.927237947145824e-06,2.406486229532233e-05,7.762550219904816e-06,0.0003739648034724017,0,0.0003739648034724017,1e-07,2674.881212258088,2674.048441764116,11.68773098131841,planar_lyapunov,0.001,1e-05
stable,16,6,-1.872546168877241,-8.130595465264982,0.836601431776073,-0.003368394804269786,8.397758068983184e-06,0.8366084705434718,-0.003365121741729627,8.397497915480457e-06,2.406486209632389e-05,7.762550157820819e-06,0.0003739648034724017,0,0.0003739648034724017,1e-07,2674.881212258088,2674.048441764116,11.68773098131841,planar_lyapunov,0.001,1e-05
stable,16,7,-1.872546168877241,-8.130595465264982,0.8366014317117728,-0.003368394775404108,2.938748721754057e-06,0.8366084704792123,-0.003365121712849847,2.938475300557862e-06,2.406486225563401e-05,7.762550201168796e-06,0.0003739648034724017,0,0.0003739648034724017,1e-07,2674.881212258088,2674.048441764116,11.68773098131841,planar_lyapunov,0.001,1e-05
stable,16,8,-1.872546168877241,-8.130595465264982,0.836601431717192,-0.003368394833123985,-3.895333763986915e-06,0.8366084704846335,-0.003365121770573168,-3.895492516059846e-06,2.406486226222096e-05,7.762550198337084e-06,0.0003739648034724017,0,0.0003739648034724017,1e-07,2674.881212258088,2674.048441764116,11.68773098131841,planar_lyapunov,0.001,1e-05
stable,17,0,-1.989580304432069,-8.638757681844043,0.8368687549068782,-0.003568118996033116,-9.776616944287575e-06,0.8368786655399705,-0.003563475762584047,-9.776471007311454e-06,3.394717733425946e-05,1.094441707785717e-05,0.0003739648034724017,0,0.0003739648034724017,1e-07,2674.881212258088,2674.048441764116,11.68773098131841,planar_lyapunov,0.001,1e-05
stable,17,1,-1.989580304432069,-8.638757681844043,0.8368687548842026,-0.003568118945313792,-8.81023742763457e-06,0.8368786655173051,-0.003563475711854279,-8.809884854707414e-06,3.39471773731176e-05,1.09444170961432e-05,0.0003739648034724017,0,0.0003739648034724017,1e-07,2674.881212258088,2674.048441764116,11.68773098131841,planar_lyapunov,0.001,1e-05
stable,17,2,-1.989580304432069,-8.638757681844043,0.8368687548175106,-0.003568118903999613,-3.721449862972577e-06,0.8368786654505952,-0.003563475670553868,-3.721055626888311e-06,3.394717734057967e-05,1.094441707563783e-05,0.0003739648034724017,0,0.0003739648034724017,1e-07,2674.881212258088,2674.048441764116,11.68773098131841,planar_lyapunov,0.001,1e-05
stable,17,3,-1.989580304432069,-8.638757681844043,0.836868754826255,-0.003568118936064791,3.108645369697553e-06,0.8368786654593623,-0.003563475702616493,3.108896801494852e-06,3.394717742539164e-05,1.094441709301746e-05,0.0003739648034724017,0,0.0003739648034724017,1e-07,2674.881212258088,2674.048441764116,11.68773098131841,planar_lyapunov,0.001,1e-05
stable,17,4,-1.989580304432069,-8.638757681844043,0.8368687548875761,-0.003568118992458624,8.484170926466776e-06,0.8368786655207274,-0.003563475758986579,8.484161906245899e-06,3.394717754883463e-05,1.094441714012061e-05,0.0003739648034724017,0,0.0003739648034724017,1e-07,2674.881212258088,2674.048441764116,11.68773098131841,planar_lyapunov,0.001,1e-05
stable,17,5,-1.989580304432069,-8.638757681844043,0.836868754906543,-0.003568118976946781,9.889858656665947e-06,0.8368786655396935,-0.003563475743466066,9.889593405085388e-06,3.394717753031244e-05,1.094441714620514e-05,0.0003739648034724017,0,0.0003739648034724017,1e-07,2674.881212258088,2674.048441764116,11.68773098131841,planar_lyapunov,0.001,1e-05
stable,17,6,-1.989580304432069,-8.638757681844043,0.8368687548481131,-0.003568118916945921,6.667971525469128e-06,0.8368786654811818,-0.003563475683503754,6.667574156694593e-06,3.394717727240264e-05,1.094441705985627e-05,0.0003739648034724017,0,0.0003739648034724017,1e-07,2674.881212258088,2674.048441764116,11.68773098131841,planar_lyapunov,0.001,1e-05
stable,17,7,-1.989580304432069,-8.638757681844043,0.8368687548095487,-0.003568118911231157,3.260664527460039e-07,0.8368786654426821,-0.003563475677767355,3.257229000410027e-07,3.394717751638278e-05,1.094441712572539e-05,0.0003739648034724017,0,0.0003739648034724017,1e-07,2674.881212258088,2674.048441764116,11.68773098131841,planar_lyapunov,0.001,1e-05
stable,17,8,-1.989580304432069,-8.638757681844043,0.8368687548570343,-0.003568118968170857,-6.16840869615169e-06,0.83687866549017,-0.003563475734709131,-6.168537680657741e-06,3.394717751109785e-05,1.094441712232376e-05,0.0003739648034724017,0,0.0003739648034724017,1e-07,2674.881212258088,2674.048441764116,11.68773098131841,planar_lyapunov,0.001,1e-05
stable,18,0,-2.106614439986897,-9.146919898423105,0.8371393104259299,-0.00350333481461474,-9.961975660890615e-06,0.8371532705034727,-0.00349675376590159,-9.961637614856825e-06,4.789326975170074e-05,1.543353385580106e-05,0.0003739648034724017,0,0.0003739648034724017,1e-07,2674.881212258088,2674.048441764116,11.68773098131841,planar_lyapunov,0.001,1e-05
stable,18,1,-2.106614439986897,-9.146919898423105,0.8371393103630435,-0.003503334768542438,-7.253099441833285e-06,0.8371532704406025,-0.003496753719818291,-7.252546876570422e-06,4.789326983235717e-05,1.543353388144196e-05,0.0003739648034724017,0,0.0003739648034724017,1e-07,2674.881212258088,2674.048441764116,11.68773098131841,planar_lyapunov,0.001,1e-05
stable,18,2,-2.106614439986897,-9.146919898423105,0.8371393103137107,-0.003503334748770022,-1.150417354824188e-06,0.837153270391255,-0.003496753700064098,-1.149908821764113e-06,4.789326981773527e-05,1.543353385880124e-05,0.0003739648034724017,0,0.0003739648034724017,1e-07,2674.881212258088,2674.048441764116,11.68773098131841,planar_lyapunov,0.001,1e-05
stable,18,3,-2.106614439986897,-9.146919898423105,0.8371393103724722,-0.003503334781870873,5.490557706073887e-06,0.8371532704500502,-0.003496753733156805,5.490784258663158e-06,4.789326992282324e-05,1.543353388598669e-05,0.0003739648034724017,0,0.0003739648034724017,1e-07,2674.881212258088,2674.048441764116,11.68773098131841,planar_lyapunov,0.001,1e-05
stable,18,4,-2.106614439986897,-9.146919898423105,0.8371393104303706,-0.003503334818728096,9.562439857376404e-06,0.8371532705080007,-0.003496753769980385,9.562278423020622e-06,4.789327006032114e-05,1.543353394671319e-05,0.0003739648034724017,0,0.0003739648034724017,1e-07,2674.881212258088,2674.048441764116,11.68773098131841,planar_lyapunov,0.001,1e-05
stable,18,5,-2.106614439986897,-9.146919898423105,0.8371393104007447,-0.003503334794132612,9.159950154956838e-06,0.8371532704783686,-0.003496753745377051,9.159476270581272e-06,4.789327003627723e-05,1.543353395086766e-05,0.0003739648034724017,0,0.0003739648034724017,1e-07,2674.881212258088,2674.048441764116,11.68773098131841,planar_lyapunov,0.001,1e-05
stable,18,6,-2.106614439986897,-9.146919898423105,0.8371393103273654,-0.003503334751251308,4.471417881361439e-06,0.8371532704048824,-0.003496753702551775,4.470853282737643e-06,4.789326970987915e-05,1.543353383332169e-05,0.0003739648034724017,0,0.0003739648034724017,1e-07,2674.881212258088,2674.048441764116,11.68773098131841,planar_lyapunov,0.001,1e-05
stable,18,7,-2.106614439986897,-9.146919898423105,0.8371393103324674,-0.003503334760410092,-2.309340451206975e-06,0.837153270410083,-0.003496753711676155,-2.309731582112531e-06,4.789327006434086e-05,1.543353393189665e-05,0.0003739648034724017,0,0.0003739648034724017,1e-07,2674.881212258088,2674.048441764116,11.68773098131841,planar_lyapunov,0.001,1e-05
stable,18,8,-2.106614439986897,-9.146919898423105,0.8371393104110886,-0.003503334804938534,-8.009532691012232e-06,0.8371532704887024,-0.003496753756204785,-8.009567339701174e-06,4.789327002466408e-05,1.54335339251919e-05,0.0003739648034724017,0,0.0003739648034724017,1e-07,2674.881212258088,2674.048441764116,11.68773098131841,planar_lyapunov,0.001,1e-05
stable,19,0,-2.223648575541724,-9.655082115002164,0.8373931156151792,-0.003178473420026887,-9.447515597130221e-06,0.8374127890635911,-0.003169158016446998,-9.446884463339896e-06,6.757215783831696e-05,2.176743707171053e-05,0.0003739648034724017,0,0.0003739648034724017,1e-07,2674.881212258088,2674.048441764116,11.68773098131841,planar_lyapunov,0.001,1e-05
stable,19,1,-2.223648575541724,-9.655082115002164,0.8373931155252535,-0.003178473388862968,-5.186506242837625e-06,0.8374127889736976,-0.003169157985270655,-5.185702953944815e-06,6.757215800043687e-05,2.176743711179878e-05,0.0003739648034724017,0,0.0003739648034724017,1e-07,2674.881212258088,2674.048441764116,11.68773098131841,planar_lyapunov,0.001,1e-05
stable,19,2,-2.223648575541724,-9.655082115002164,0.837393115512673,-0.003178473384914775,1.50132704025974e-06,0.8374127889611092,-0.003169157981343908,1.50192661644815e-06,6.757215800253053e-05,2.176743708883189e-05,0.0003739648034724017,0,0.0003739648034724017,1e-07,2674.881212258088,2674.048441764116,11.68773098131841,planar_lyapunov,0.001,1e-05
stable,19,3,-2.223648575541724,-9.655082115002164,0.8373931156165668,-0.003178473406059336,7.486672620033811e-06,0.8374127890650456,-0.003169158002472092,7.486787935160464e-06,6.757215811234365e-05,2.176743712641996e-05,0.0003739648034724017,0,0.0003739648034724017,1e-07,2674.881212258088,2674.048441764116,11.68773098131841,planar_lyapunov,0.001,1e-05
stable,19,4,-2.223648575541724,-9.655082115002164,0.8373931156485418,-0.003178473425260528,9.968920955180518e-06,0.8374127890970795,-0.003169158021628542,9.968498052014388e-06,6.757215826872267e-05,2.176743720265135e-05,0.0003739648034724017,0,0.0003739648034724017,1e-07,2674.881212258088,2674.048441764116,11.68773098131841,planar_lyapunov,0.001,1e-05
stable,19,5,-2.223648575541724,-9.655082115002164,0.8373931155684678,-0.003178473404715107,7.786600399774404e-06,0.8374127890169968,-0.003169158001077841,7.785837159401926e-06,6.757215826153854e-05,2.176743720625689e-05,0.0003739648034724017,0,0.0003739648034724017,1e-07,2674.881212258088,2674.048441764116,11.68773098131841,planar_lyapunov,0.001,1e-05
stable,19,6,-2.223648575541724,-9.655082115002164,0.8373931155013797,-0.003178473381923683,1.960842882811159e-06,0.8374127889497723,-0.00316915797836466,1.960096433894209e-06,6.757215784680865e-05,2.176743704897025e-05,0.0003739648034724017,0,0.0003739648034724017,1e-07,2674.881212258088,2674.048441764116,11.68773098131841,planar_lyapunov,0.001,1e-05
stable,19,7,-2.223648575541724,-9.655082115002164,0.8373931155594905,-0.00317847339380778,-4.782414731863644e-06,0.8374127890080271,-0.003169157990194168,-4.782795117588157e-06,6.757215833628573e-05,2.176743719300053e-05,0.0003739648034724017,0,0.0003739648034724017,1e-07,2674.881212258088,2674.048441764116,11.68773098131841,planar_lyapunov,0.001,1e-05
stable,19,8,-2.223648575541724,-9.655082115002164,0.8373931156516692,-0.003178473418527931,-9.287927326222383e-06,0.8374127891001912,-0.003169158014913388,-9.287763662046068e-06,6.757215823233936e-05,2.176743717754583e-05,0.0003739648034724017,0,0.0003739648034724017,1e-07,2674.881212258088,2674.048441764116,11.68773098131841,planar_lyapunov,0.001,1e-05
stable,20,0,-2.340682711096552,-10.16324433158123,0.8376118034476329,-0.002617319178117517,-8.267237373419187e-06,0.8376395423234562,-0.002604154734955251,-8.266190568949777e-06,9.533472962172165e-05,3.07041983580242e-05,0.0003739648034724017,0,0.0003739648034724017,1e-07,2674.881212258088,2674.048441764116,11.68773098131841,planar_lyapunov,0.001,1e-05
stable,20,1,-2.340682711096552,-10.16324433158123,0.837611803348526,-0.002617319167509024,-2.754457926456485e-06,0.8376395422244134,-0.00260415472432953,-2.753370697843371e-06,9.53347299137796e-05,3.070419842468865e-05,0.0003739648034724017,0,0.0003739648034724017,1e-07,2674.881212258088,2674.048441764116,11.68773098131841,planar_lyapunov,0.001,1e-05
stable,20,2,-2.340682711096552,-10.16324433158123,0.8376118033842536,-0.002617319169299367,4.047162996812479e-06,0.8376395422601397,-0.002604154726142339,4.047781923208851e-06,9.533472991095617e-05,3.070419840094223e-05,0.0003739648034724017,0,0.0003739648034724017,1e-07,2674.881212258088,2674.048441764116,11.68773098131841,planar_lyapunov,0.001,1e-05
stable,20,3,-2.340682711096552,-10.16324433158123,0.8376118035216275,-0.002617319168295901,8.955071281956042e-06,0.8376395423975598,-0.002604154725112571,8.954932303604739e-06,9.533473000618348e-05,3.070419844802011e-05,0.0003739648034724017,0,0.0003739648034724017,1e-07,2674.881212258088,2674.048441764116,11.68773098131841,planar_lyapunov,0.001,1e-05
stable,20,4,-2.340682711096552,-10.16324433158123,0.837611803510082,-0.00261731917733206,9.672802282057638e-06,0.8376395423860818,-0.002604154734092362,9.671970428468741e-06,9.533473020684939e-05,3.070419854412457e-05,0.0003739648034724017,0,0.0003739648034724017,1e-07,2674.881212258088,2674.048441764116,11.68773098131841,planar_lyapunov,0.001,1e-05
stable,20,5,-2.340682711096552,-10.16324433158123,0.8376118033866197,-0.002617319172913709,5.864521593737982e-06,0.8376395422626158,-0.002604154729672146,5.863386098444519e-06,9.53347302534767e-05,3.07041985513424e-05,0.0003739648034724017,0,0.0003739648034724017,1e-07,2674.881212258088,2674.048441764116,11.68773098131841,planar_lyapunov,0.001,1e-05
stable,20,6,-2.340682711096552,-10.16324433158123,0.8376118033450002,-0.002617319167322026,-6.878340181380465e-07,0.8376395422208229,-0.002604154724185866,-6.887418442543074e-07,9.533472970549749e-05,3.070419834190648e-05,0.0003739648034724017,0,0.0003739648034724017,1e-07,2674.881212258088,2674.048441764116,11.68773098131841,planar_lyapunov,0.001,1e-05
stable,20,7,-2.340682711096552,-10.16324433158123,0.8376118034558776,-0.002617319168784525,-6.918344356207143e-06,0.8376395423319007,-0.002604154725564193,-6.91859973122808e-06,9.533473035290328e-05,3.07041985466781e-05,0.0003739648034724017,0,0.0003739648034724017,1e-07,2674.881212258088,2674.048441764116,11.68773098131841,planar_lyapunov,0.001,1e-05
stable,20,8,-2.340682711096552,-10.16324433158123,0.8376118035429418,-0.002617319171731911,-9.91168448032984e-06,0.8376395424189255,-0.002604154728512643,-9.911167911445731e-06,9.533473015585756e-05,3.070419851379816e-05,0.0003739648034724017,0,0.0003739648034724017,1e-07,2674.881212258088,2674.048441764116,11.68773098131841,planar_lyapunov,0.001,1e-05
stable,21,0,-2.457716846651379,-10.67140654816029,0.8377798553987039,-0.001861342579952469,-6.502659729671331e-06,0.837818984925544,-0.00184277276009681,-6.50106520422346e-06,0.0001344899412433874,4.33123317629029e-05,0.0003739648034724017,0,0.0003739648034724017,1e-07,2674.881212258088,2674.048441764116,11.68773098131841,planar_lyapunov,0.001,1e-05
stable,21,1,-2.457716846651379,-10.67140654816029,0.8377798553069089,-0.001861342590350391,-1.277979354106674e-07,0.8378189848338645,-0.001842772770465349,-1.264380096110878e-07,0.0001344899417088333,4.331233187191204e-05,0.0003739648034724017,0,0.0003739648034724017,1e-07,2674.881212258088,2674.048441764116,11.68773098131841,planar_lyapunov,0.001,1e-05
stable,21,2,-2.457716846651379,-10.67140654816029,0.8377798553926228,-0.001861342586119498,6.306861916324114e-06,0.8378189849195771,-0.001842772766255794,6.307350918067842e-06,0.000134489941650714,4.331233184297112e-05,0.0003739648034724017,0,0.0003739648034724017,1e-07,2674.881212258088,2674.048441764116,11.68773098131841,planar_lyapunov,0.001,1e-05
stable,21,3,-2.457716846651379,-10.67140654816029,0.8377798555506658,-0.001861342556978931,9.7904709020681e-06,0.8378189850776623,-0.001842772737079606,9.789860170419727e-06,0.0001344899417241972,4.33123318979026e-05,0.0003739648034724017,0,0.0003739648034724017,1e-07,2674.881212258088,2674.048441764116,11.68773098131841,planar_lyapunov,0.001,1e-05
stable,21,4,-2.457716846651379,-10.67140654816029,0.837779855486653,-0.001861342566849281,8.693009842695775e-06,0.8378189850137343,-0.001842772746881314,8.691585145769912e-06,0.0001344899420300105,4.331233202308772e-05,0.0003739648034724017,0,0.0003739648034724017,1e-07,2674.881212258088,2674.048441764116,11.68773098131841,planar_lyapunov,0.001,1e-05
stable,21,5,-2.457716846651379,-10.67140654816029,0.8377798553316533,-0.00186134258736571,3.527992849471113e-06,0.8378189848587507,-0.001842772767397533,3.526420818786382e-06,0.0001344899421721553,4.331233204281839e-05,0.0003739648034724017,0,0.0003739648034724017,1e-07,2674.881212258088,2674.048441764116,11.68773098131841,planar_lyapunov,0.001,1e-05
stable,21,6,-2.457716846651379,-10.67140654816029,0.8377798553273327,-0.001861342591603241,-3.287811289752037e-06,0.8378189848542023,-0.001842772771773438,-3.288795083545676e-06,0.000134489941398663,4.331233176031901e-05,0.0003739648034724017,0,0.0003739648034724017,1e-07,2674.881212258088,2674.048441764116,11.68773098131841,planar_lyapunov,0.001,1e-05
stable,21,7,-2.457716846651379,-10.67140654816029,0.8377798554834583,-0.001861342571181478,-8.565211887906445e-06,0.8378189850105949,-0.001842772751227334,-8.565147116775812e-06,0.0001344899422355449,4.331233204372775e-05,0.0003739648034724017,0,0.0003739648034724017,1e-07,2674.881212258088,2674.048441764116,11.68773098131841,planar_lyapunov,0.001,1e-05
stable,21,8,-2.457716846651379,-10.67140654816029,0.8377798555517985,-0.001861342555345696,-9.834854667793209e-06,0.8378189850788579,-0.001842772735400959,-9.833771638872726e-06,0.0001344899419351145,4.3312331983478e-05,0.0003739648034724017,0,0.0003739648034724017,1e-07,2674.881212258088,2674.048441764116,11.68773098131841,planar_lyapunov,0.001,1e-05
stable,22,0,-2.574750982206207,-11.17956876473935,0.8378855470179377,-0.0009666756118945979,-4.277465464103252e-06,0.8379407675889099,-0.00094053099819006,-4.275208697140412e-06,0.0001896925253598171,6.109707267411572e-05,0.0003739648034724017,0,0.0003739648034724017,1e-07,2674.881212258088,2674.048441764116,11.68773098131841,planar_lyapunov,0.001,1e-05
stable,22,1,-2.574750982206207,-11.17956876473935,0.8378855469424621,-0.0009666756396426809,2.50785604155787e-06,0.8379407675136212,-0.0009405310258841871,2.509391339076616e-06,0.0001896925260116374,6.109707284379405e-05,0.0003739648034724017,0,0.0003739648034724017,1e-07,2674.881212258088,2674.048441764116,11.68773098131841,planar_lyapunov,0.001,1e-05
stable,22,2,-2.574750982206207,-11.17956876473935,0.837885547071169,-0.0009666756187571504,8.119723801046884e-06,0.8379407676423082,-0.0009405310050189936,8.119819246336163e-06,0.000189692525818219,6.109707279781404e-05,0.0003739648034724017,0,0.0003739648034724017,1e-07,2674.881212258088,2674.048441764116,11.68773098131841,planar_lyapunov,0.001,1e-05
stable,22,3,-2.574750982206207,-11.17956876473935,0.8378855472428256,-0.0009666755594172319,9.932282487492176e-06,0.8379407678139981,-0.000940530945638251,9.930893420661923e-06,0.0001896925259088051,6.109707286110253e-05,0.0003739648034724017,0,0.0003739648034724017,1e-07,2674.881212258088,2674.048441764116,11.68773098131841,planar_lyapunov,0.001,1e-05
stable,22,4,-2.574750982206207,-11.17956876473935,0.8378855471269029,-0.000966675581878424,7.097415911267007e-06,0.8379407676982006,-0.0009405309680156269,7.095192292103802e-06,0.0001896925264287788,6.109707303483059e-05,0.0003739648034724017,0,0.0003739648034724017,1e-07,2674.881212258088,2674.048441764116,11.68773098131841,planar_lyapunov,0.001,1e-05
stable,22,5,-2.574750982206207,-11.17956876473935,0.8378855469506507,-0.0009666756320774832,9.415895187681227e-07,0.8379407675220019,-0.0009405310182097181,9.395718033862989e-07,0.0001896925266870174,6.109707307817536e-05,0.0003739648034724017,0,0.0003739648034724017,1e-07,2674.881212258088,2674.048441764116,11.68773098131841,planar_lyapunov,0.001,1e-05
stable,22,6,-2.574750982206207,-11.17956876473935,0.8378855469849009,-0.000966675636833661,-5.654817139750282e-06,0.8379407675559342,-0.0009405310231459718,-5.655684839869703e-06,0.0001896925255200626,6.109707268657692e-05,0.0003739648034724017,0,0.0003739648034724017,1e-07,2674.881212258088,2674.048441764116,11.68773098131841,planar_lyapunov,0.001,1e-05
stable,22,7,-2.574750982206207,-11.17956876473935,0.8378855471767479,-0.0009666755864097814,-9.605271914775109e-06,0.8379407677481289,-0.0009405309725469955,-9.604583593126579e-06,0.0001896925266168651,6.109707307349688e-05,0.0003739648034724017,0,0.0003739648034724017,1e-07,2674.881212258088,2674.048441764116,11.68773098131841,planar_lyapunov,0.001,1e-05
stable,22,8,-2.574750982206207,-11.17956876473935,0.8378855472229585,-0.0009666755577287587,-9.061313241460775e-06,0.8379407677942181,-0.0009405309438934076,-9.059390971397851e-06,0.0001896925262468918,6.109707297844363e-05,0.0003739648034724017,0,0.0003739648034724017,1e-07,2674.881212258088,2674.048441764116,11.68773098131841,planar_lyapunov,0.001,1e-05
stable,23,0,-2.691785117761035,-11.68773098131841,0.8379215966984841,6.609478711852525e-08,-1.748837252570971e-06,0.8379995499716383,3.680701657474149e-05,-1.745870248010658e-06,0.0002674881203834377,8.617777055632381e-05,0.0003739648034724017,0,0.0003739648034724017,1e-07,2674.881212258088,2674.048441764116,11.68773098131841,planar_lyapunov,0.001,1e-05
stable,23,1,-2.691785117761035,-11.68773098131841,0.837921596636229,6.605497271707503e-08,4.965561523223384e-06,0.8379995499096518,3.680697685629898e-05,4.967029583494313e-06,0.0002674881211713331,8.617777080159615e-05,0.0003739648034724017,0,0.0003739648034724017,1e-07,2674.881212258088,2674.048441764116,11.68773098131841,planar_lyapunov,0.001,1e-05
stable,23,2,-2.691785117761035,-11.68773098131841,0.8379215967966078,6.609996256677067e-08,9.356518830859151e-06,0.8379995500699604,3.680702182092259e-05,9.355801025113172e-06,0.0002674881207507925,8.617777071785664e-05,0.0003739648034724017,0,0.0003739648034724017,1e-07,2674.881212258088,2674.048441764116,11.68773098131841,planar_lyapunov,0.001,1e-05
stable,23,3,-2.691785117761035,-11.68773098131841,0.8379215969872331,6.618962506269087e-08,9.369456946067525e-06,0.837999550260622,3.680711152151384e-05,9.366889143618907e-06,0.0002674881210024312,8.617777080220413e-05,0.0003739648034724017,0,0.0003739648034724017,1e-07,2674.881212258088,2674.048441764116,11.68773098131841,planar_lyapunov,0.001,1e-05
stable,23,4,-2.691785117761035,-11.68773098131841,0.8379215968269509,6.614460381619439e-08,4.998322116975602e-06,0.8379995501005473,3.680706660833868e-05,4.995105821093616e-06,0.0002674881218872891,8.617777105773955e-05,0.0003739648034724017,0,0.0003739648034724017,1e-07,2674.881212258088,2674.048441764116,11.68773098131841,planar_lyapunov,0.001,1e-05
stable,23,5,-2.691785117761035,-11.68773098131841,0.8379215966310025,6.60630849292032e-08,-1.711583226427944e-06,0.8379995499047014,3.680698511199378e-05,-1.713943075153702e-06,0.0002674881222105013,8.617777113233572e-05,0.0003739648034724017,0,0.0003739648034724017,1e-07,2674.881212258088,2674.048441764116,11.68773098131841,planar_lyapunov,0.001,1e-05
stable,23,6,-2.691785117761035,-11.68773098131841,0.8379215966943513,6.6066096979231e-08,-7.620619800506153e-06,0.8379995499675769,3.680698788645176e-05,-7.621019002594278e-06,0.0002674881203813269,8.617777057153602e-05,0.0003739648034724017,0,0.0003739648034724017,1e-07,2674.881212258088,2674.048441764116,11.68773098131841,planar_lyapunov,0.001,1e-05
stable,23,7,-2.691785117761035,-11.68773098131841,0.8379215969175215,6.615123274726815e-08,-9.963883586945438e-06,0.8379995501912032,3.680707325766228e-05,-9.962135351333552e-06,0.0002674881219084245,8.617777110127537e-05,0.0003739648034724017,0,0.0003739648034724017,1e-07,2674.881212258088,2674.048441764116,11.68773098131841,planar_lyapunov,0.001,1e-05
stable,23,8,-2.691785117761035,-11.68773098131841,0.8379215969512073,6.618687353343469e-08,-7.644935550609511e-06,0.8379995502247322,3.680710884131617e-05,-7.641857896175337e-06,0.0002674881215757578,8.617777097233834e-05,0.0003739648034724017,0,0.0003739648034724017,1e-07,2674.881212258088,2674.048441764116,11.68773098131841,planar_lyapunov,0.001,1e-05
