theta0_index,theta1_index,theta0_deg,theta1_deg,periapsis_radius_km,periapsis_time_days,selected_half_manifold_sign,jacobi_drift
0,0,0.0,0.0,173200.38868372282,-413.1940030814157,1.0,4.1033842990145786e-13
0,1,0.0,22.5,173201.97725669498,-413.1938087669922,1.0,4.107825191113079e-13
0,2,0.0,45.0,173196.540762386,-413.1938951552689,1.0,4.1167069753100805e-13
0,3,0.0,67.5,173184.87243877698,-413.19425000047994,1.0,4.1033842990145786e-13
0,4,0.0,90.0,173168.80062444275,-413.1948180473024,1.0,4.107825191113079e-13
0,5,0.0,112.5,173150.70832077862,-413.1955144690743,1.0,4.107825191113079e-13
0,6,0.0,135.0,173133.40365479828,-413.1962319018861,1.0,4.1033842990145786e-13
0,7,0.0,157.5,173119.48566218754,-413.1968619687964,1.0,4.107825191113079e-13
0,8,0.0,180.0,173111.08888559774,-413.19730828628235,1.0,4.1033842990145786e-13
0,9,0.0,202.5,173109.497347572,-413.19750270969286,1.0,4.11226608321158e-13
0,10,0.0,225.0,173114.97038463244,-413.19741520468295,1.0,4.1033842990145786e-13
0,11,0.0,247.5,173126.6327872981,-413.19706019037886,1.0,4.1033842990145786e-13
0,12,0.0,270.0,173142.74273083784,-413.1964909384081,1.0,4.1167069753100805e-13
0,13,0.0,292.5,173160.8140743714,-413.1957950078301,1.0,4.098943406916078e-13
0,14,0.0,315.0,173178.10026707823,-413.1950782382599,1.0,4.107825191113079e-13
0,15,0.0,337.5,173191.9873189477,-413.1944492646551,1.0,4.107825191113079e-13
1,0,30.0,0.0,804464.4512647998,-279.429443478721,1.0,4.440892098500626e-16
1,1,30.0,22.5,804465.4771516711,-279.42956600145385,1.0,4.440892098500626e-16
1,2,30.0,45.0,804465.7530338493,-279.4297260283277,1.0,0.0
1,3,30.0,67.5,804465.2372116268,-279.4298991993536,1.0,0.0
1,4,30.0,90.0,804464.0056420704,-279.4300591155201,1.0,0.0
1,5,30.0,112.5,804462.2498504046,-279.4301814812745,1.0,4.440892098500626e-16
1,6,30.0,135.0,804460.2331784806,-279.4302476160558,1.0,4.440892098500626e-16
1,7,30.0,157.5,804458.265995692,-279.43024749587056,1.0,0.0
1,8,30.0,180.0,804456.6443260695,-279.43018109646863,1.0,0.0
1,9,30.0,202.5,804455.6190232688,-279.4300585795286,1.0,4.440892098500626e-16
1,10,30.0,225.0,804455.3464828827,-279.4298986014222,1.0,4.440892098500626e-16
1,11,30.0,247.5,804455.8642062733,-279.42972546466063,1.0,4.440892098500626e-16
1,12,30.0,270.0,804457.0942273288,-279.4295655366263,1.0,4.440892098500626e-16
1,13,30.0,292.5,804458.8506187989,-279.4294431803497,1.0,4.440892098500626e-16
1,14,30.0,315.0,804460.8671573289,-279.4293770382067,1.0,0.0
1,15,30.0,337.5,804462.8331851991,-279.42937713375045,1.0,4.440892098500626e-16
2,0,60.0,0.0,659752.4722576325,-290.5186098824682,1.0,1.3322676295501878e-15
2,1,60.0,22.5,659753.6246224481,-290.5186989861381,1.0,2.6645352591003757e-15
2,2,60.0,45.0,659754.0139552512,-290.51881714741785,1.0,1.3322676295501878e-15
2,3,60.0,67.5,659753.5826412542,-290.51894643486804,1.0,2.220446049250313e-15
2,4,60.0,90.0,659752.396911951,-290.5190671842818,1.0,1.7763568394002505e-15
2,5,60.0,112.5,659750.6374388554,-290.51916101684003,1.0,1.7763568394002505e-15
2,6,60.0,135.0,659748.56906727,-290.5192135411814,1.0,2.220446049250313e-15
2,7,60.0,157.5,659746.5105262252,-290.5192168957934,1.0,1.7763568394002505e-15
2,8,60.0,180.0,659744.7734633412,-290.51917051006194,1.0,1.7763568394002505e-15
2,9,60.0,202.5,659743.6225513637,-290.5190814547727,1.0,2.6645352591003757e-15
2,10,60.0,225.0,659743.2353169459,-290.5189633692126,1.0,1.7763568394002505e-15
2,11,60.0,247.5,659743.6680160277,-290.5188341359368,1.0,2.220446049250313e-15
2,12,60.0,270.0,659744.8520218545,-290.5187133319536,1.0,1.3322676295501878e-15
2,13,60.0,292.5,659746.6129135318,-290.51861955153146,1.0,1.7763568394002505e-15
2,14,60.0,315.0,659748.6783271717,-290.51856692138085,1.0,2.220446049250313e-15
2,15,60.0,337.5,659750.7387318322,-290.5185636263236,1.0,2.220446049250313e-15
3,0,90.0,0.0,506684.6953437366,-298.489992270742,1.0,1.1812772982011666e-13
3,1,90.0,22.5,506686.13212680473,-298.4900440974975,1.0,1.176836406102666e-13
3,2,90.0,45.0,506686.92739869567,-298.490121830285,1.0,1.176836406102666e-13
3,3,90.0,67.5,506686.9624692529,-298.49021375699897,1.0,1.1857181902996672e-13
3,4,90.0,90.0,506686.23411325144,-298.49030599029624,1.0,1.176836406102666e-13
3,5,90.0,112.5,506684.85552356346,-298.490384605675,1.0,1.1812772982011666e-13
3,6,90.0,135.0,506683.02980736416,-298.4904372880009,1.0,1.176836406102666e-13
3,7,90.0,157.5,506681.0383880048,-298.4904561941571,1.0,1.176836406102666e-13
3,8,90.0,180.0,506679.1866749473,-298.49043856032966,1.0,1.1812772982011666e-13
3,9,90.0,202.5,506677.7536065217,-298.49038692017535,1.0,1.1723955140041653e-13
3,10,90.0,225.0,506676.96085302054,-298.49030931489966,1.0,1.176836406102666e-13
3,11,90.0,247.5,506676.9249061224,-298.4902173449579,1.0,1.1812772982011666e-13
3,12,90.0,270.0,506677.65031707496,-298.49012496453014,1.0,1.1723955140041653e-13
3,13,90.0,292.5,506679.03412633436,-298.49004661905354,1.0,1.1857181902996672e-13
3,14,90.0,315.0,506680.85755166726,-298.48999382083696,1.0,1.1812772982011666e-13
3,15,90.0,337.5,506682.85175088653,-298.4899750551731,1.0,1.176836406102666e-13
4,0,120.0,0.0,361623.9034146563,-304.7076388986726,1.0,4.574118861455645e-13
4,1,120.0,22.5,361625.4824556101,-304.7076613342906,1.0,4.583000645652646e-13
4,2,120.0,45.0,361626.6483311737,-304.7077090005687,1.0,4.578559753554146e-13
4,3,120.0,67.5,361627.2249835141,-304.70777473517416,1.0,4.574118861455645e-13
4,4,120.0,90.0,361627.1290944616,-304.7078488232575,1.0,4.574118861455645e-13
4,5,120.0,112.5,361626.3758731723,-304.7079200253634,1.0,4.574118861455645e-13
4,6,120.0,135.0,361625.07452203456,-304.7079771435392,1.0,4.578559753554146e-13
4,7,120.0,157.5,361623.4271321166,-304.70801174124495,1.0,4.569677969357144e-13
4,8,120.0,180.0,361621.68140211387,-304.70801834823675,1.0,4.578559753554146e-13
4,9,120.0,202.5,361620.1066709089,-304.7079961920908,1.0,4.574118861455645e-13
4,10,120.0,225.0,361618.9412757028,-304.7079485547405,1.0,4.578559753554146e-13
4,11,120.0,247.5,361618.3653322831,-304.7078828652916,1.0,4.569677969357144e-13
4,12,120.0,270.0,361618.45720894873,-304.7078085156471,1.0,4.578559753554146e-13
4,13,120.0,292.5,361619.2129926488,-304.7077374833957,1.0,4.565237077258644e-13
4,14,120.0,315.0,361620.51539907727,-304.7076804366987,1.0,4.574118861455645e-13
4,15,120.0,337.5,361622.16433702625,-304.70764594140735,1.0,4.569677969357144e-13
5,0,150.0,0.0,208398.31442049853,-383.42914251168605,1.0,1.6187051699034782e-12
5,1,150.0,22.5,208398.67373084396,-383.4290080778702,1.0,1.6195933483231784e-12
5,2,150.0,45.0,208398.7642775711,-383.4288309455062,1.0,1.6178169914837781e-12
5,3,150.0,67.5,208398.55608706828,-383.42863490392733,1.0,1.6182610806936282e-12
5,4,150.0,90.0,208398.09172122664,-383.42845193009776,1.0,1.6182610806936282e-12
5,5,150.0,112.5,208397.43992452815,-383.42830949888867,1.0,1.617372902273928e-12
5,6,150.0,135.0,208396.70410975293,-383.42823011693895,1.0,1.6191492591133283e-12
5,7,150.0,157.5,208395.98867393477,-383.4282243755381,1.0,1.6191492591133283e-12
5,8,150.0,180.0,208395.40897275953,-383.428294411839,1.0,1.6182610806936282e-12
5,9,150.0,202.5,208395.04237092932,-383.42842742576926,1.0,1.6178169914837781e-12
5,10,150.0,225.0,208394.9603416896,-383.42860623725034,1.0,1.6191492591133283e-12
5,11,150.0,247.5,208395.17055612244,-383.4288026770083,1.0,1.6187051699034782e-12
5,12,150.0,270.0,208395.63156304424,-383.42898498525994,1.0,1.617372902273928e-12
5,13,150.0,292.5,208396.2772301736,-383.42912620351683,1.0,1.6182610806936282e-12
5,14,150.0,315.0,208397.0207981663,-383.42920709821925,1.0,1.6178169914837781e-12
5,15,150.0,337.5,208397.73975800484,-383.4292135297416,1.0,1.6191492591133283e-12
6,0,180.0,0.0,105221.63851324907,-372.0909024426853,1.0,7.555733816388965e-12
6,1,180.0,22.5,105222.55956598569,-372.0908738697627,1.0,7.546407942982114e-12
6,2,180.0,45.0,105223.82846539539,-372.0908608390961,1.0,7.537082069575263e-12
6,3,180.0,67.5,105225.25020364727,-372.09086420136487,1.0,7.527312106958561e-12
6,4,180.0,90.0,105226.60852194922,-372.09088356297787,1.0,7.51265716303351e-12
6,5,180.0,112.5,105227.69785306504,-372.09091673741915,1.0,7.508216270935009e-12
6,6,180.0,135.0,105228.35243881778,-372.0909587331688,1.0,7.508216270935009e-12
6,7,180.0,157.5,105228.47154335851,-372.09100249464467,1.0,7.503331289626658e-12
6,8,180.0,180.0,105228.03699207435,-372.09104132964086,1.0,7.508660360144859e-12
6,9,180.0,202.5,105227.11488977814,-372.0910692879469,1.0,7.51798623355171e-12
6,10,180.0,225.0,105225.84657999687,-372.0910827010086,1.0,7.524203482489611e-12
6,11,180.0,247.5,105224.42510872817,-372.09107949454636,1.0,7.539302515624513e-12
6,12,180.0,270.0,105223.06644025628,-372.0910598879909,1.0,7.544187496932864e-12
6,13,180.0,292.5,105221.97593891759,-372.0910259566899,1.0,7.552625191920015e-12
6,14,180.0,315.0,105221.32280886942,-372.0909848415789,1.0,7.553069281129865e-12
6,15,180.0,337.5,105221.20504177177,-372.0909419148323,1.0,7.556621994808665e-12
7,0,210.0,0.0,27413.43840958093,-311.5685450341181,1.0,4.281464072164454e-12
7,1,210.0,22.5,27413.46466996981,-311.5685065727703,1.0,4.2725822879674524e-12
7,2,210.0,45.0,27413.679650276245,-311.56847365472623,1.0,4.266809128239402e-12
7,3,210.0,67.5,27414.051240038505,-311.56845146790397,1.0,4.284128607423554e-12
7,4,210.0,90.0,27414.522178425057,-311.56844319222415,1.0,4.263700503770451e-12
7,5,210.0,112.5,27415.019482629777,-311.56844971913665,1.0,4.337863401815412e-12
7,6,210.0,135.0,27415.470697966317,-311.5684709856852,1.0,4.245492846166599e-12
7,7,210.0,157.5,27415.80497695738,-311.56850313865255,1.0,4.25393054115375e-12
7,8,210.0,180.0,27415.971473716392,-311.56854129654835,1.0,4.271694109547752e-12
7,9,210.0,202.5,27415.94458025166,-311.5685795762837,1.0,4.264144592980301e-12
7,10,210.0,225.0,27415.728797184198,-311.5686122664063,1.0,4.227729277772596e-12
7,11,210.0,247.5,27415.358500550345,-311.56863482589114,1.0,4.282796339794004e-12
7,12,210.0,270.0,27414.888590300212,-311.5686433980332,1.0,4.261924146931051e-12
7,13,210.0,292.5,27414.38876147375,-311.568636149794,1.0,4.312106227644108e-12
7,14,210.0,315.0,27413.93793388472,-311.56861499249646,1.0,4.25570689799315e-12
7,15,210.0,337.5,27413.605964060145,-311.5685834969613,1.0,4.278355447695503e-12
8,0,211.0,0.0,25738.812931597484,-311.56798550215143,1.0,1.752820111278197e-11
8,1,211.0,22.5,25738.819868924304,-311.5679477784102,1.0,1.757749501507533e-11
8,2,211.0,45.0,25739.013236391766,-311.56791539126596,1.0,1.752331613147362e-11
8,3,211.0,67.5,25739.362845296277,-311.56789304796916,1.0,1.7548629216435074e-11
8,4,211.0,90.0,25739.815175907806,-311.5678840618101,1.0,1.752420430989332e-11
8,5,211.0,112.5,25740.30225223095,-311.567890064019,1.0,1.7534418361719872e-11
8,6,211.0,135.0,25740.749616500452,-311.5679100500435,1.0,1.750732891991902e-11
8,7,211.0,157.5,25741.088125518418,-311.56794066950556,1.0,1.7489121262315166e-11
8,8,211.0,180.0,25741.267553105496,-311.5679776505569,1.0,1.7474910407599964e-11
8,9,211.0,202.5,25741.259233709912,-311.5680149625985,1.0,1.7498447135722017e-11
8,10,211.0,225.0,25741.065589405604,-311.5680472689228,1.0,1.7486456727056066e-11
8,11,211.0,247.5,25740.71736555288,-311.56807002687526,1.0,1.7569945498507877e-11
8,12,211.0,270.0,25740.26463217791,-311.56807889591397,1.0,1.7494006243623517e-11
8,13,211.0,292.5,25739.7768624322,-311.5680726883436,1.0,1.750910527675842e-11
8,14,211.0,315.0,25739.330144811815,-311.5680528931051,1.0,1.7535750629349423e-11
8,15,211.0,337.5,25738.992758977634,-311.56802260469306,1.0,1.7482904013377265e-11
9,0,212.0,0.0,24133.15345915083,-311.56861324000664,1.0,5.5564441936439835e-12
9,1,212.0,22.5,24133.14166887058,-311.56857630792916,1.0,5.5422333389287814e-12
9,2,212.0,45.0,24133.31419649206,-311.56854468104615,1.0,5.554223747594733e-12
9,3,212.0,67.5,24133.642249727327,-311.56852239186634,1.0,5.536904268410581e-12
9,4,212.0,90.0,24134.076173928872,-311.5685129224304,1.0,5.53290746552193e-12
9,5,212.0,112.5,24134.549962302994,-311.56851773056053,1.0,5.46362954878532e-12
9,6,212.0,135.0,24134.99261204355,-311.5685364329186,1.0,5.595968133320639e-12
9,7,212.0,157.5,24135.335500858273,-311.5685658009235,1.0,5.572431405198586e-12
9,8,212.0,180.0,24135.526994068783,-311.56860153970155,1.0,5.539124714459831e-12
9,9,212.0,202.5,24135.536886044498,-311.568637883141,1.0,5.5782045649266365e-12
9,10,212.0,225.0,24135.364280510228,-311.5686694872119,1.0,5.546674231027282e-12
9,11,212.0,247.5,24135.037654992993,-311.56869222118826,1.0,5.60396173909794e-12
9,12,212.0,270.0,24134.60387316456,-311.56870173745716,1.0,5.559108728903084e-12
9,13,212.0,292.5,24134.128578829463,-311.5686964641906,1.0,5.566658245470535e-12
9,14,212.0,315.0,24133.686518010254,-311.5686779428347,1.0,5.497380328733925e-12
9,15,212.0,337.5,24133.344292945058,-311.5686487774207,1.0,5.593303598061539e-12
10,0,213.0,0.0,22596.326576337124,-311.57052082238914,1.0,8.834266651547296e-12
10,1,213.0,22.5,22596.29804990125,-311.57048517978706,1.0,8.837819365226096e-12
10,2,213.0,45.0,22596.44888443428,-311.5704540313361,1.0,8.835598919176846e-12
10,3,213.0,67.5,22596.75510340542,-311.57043179175025,1.0,8.760103753502335e-12
10,4,213.0,90.0,22597.170161018068,-311.570421869826,1.0,8.883560553840653e-12
10,5,213.0,112.5,22597.630987378096,-311.57042581385184,1.0,8.944844864799961e-12
10,6,213.0,135.0,22598.06802071539,-311.57044321512376,1.0,8.908429549592256e-12
10,7,213.0,157.5,22598.414469471314,-311.57047134167277,1.0,8.782752303204688e-12
10,8,213.0,180.0,22598.617085902195,-311.5705057494097,1.0,8.914202709320307e-12
10,9,213.0,202.5,22598.64455646499,-311.5705410499072,1.0,8.8689056099156e-12
10,10,213.0,225.0,22598.493726315155,-311.570572200895,1.0,8.913314530900607e-12
10,11,213.0,247.5,22598.188080010033,-311.5705946281909,1.0,8.843592524954147e-12
10,12,213.0,270.0,22597.773442036098,-311.57060468847516,1.0,8.79429862266079e-12
10,13,213.0,292.5,22597.311140803013,-311.5706002695712,1.0,8.892886427247504e-12
10,14,213.0,315.0,22596.874093639628,-311.57058286272115,1.0,8.757883307453085e-12
10,15,213.0,337.5,22596.529575241624,-311.5705553565085,1.0,8.785860927673639e-12
11,0,214.0,0.0,21128.171367063802,-311.57379712812383,1.0,6.52766729558607e-12
11,1,214.0,22.5,21128.125685516818,-311.5737625125089,1.0,6.5147887085004186e-12
11,2,214.0,45.0,21128.255035197057,-311.57373186455305,1.0,6.498357407735966e-12
11,3,214.0,67.5,21128.54036426762,-311.57371006591967,1.0,6.469047519885862e-12
11,4,214.0,90.0,21128.935994479038,-311.5736996793498,1.0,6.432632204678157e-12
11,5,214.0,112.5,21129.383389498267,-311.57370285704786,1.0,6.488143355909415e-12
11,6,214.0,135.0,21129.813911648736,-311.57371893756033,1.0,6.529443652425471e-12
11,7,214.0,157.5,21130.16305862429,-311.5737458239941,1.0,6.4570571112199104e-12
11,8,214.0,180.0,21130.375536524483,-311.5737787021885,1.0,6.429967669419057e-12
11,9,214.0,202.5,21130.42061203593,-311.5738131119174,1.0,6.533440455314121e-12
11,10,214.0,225.0,21130.290937125752,-311.573843651111,1.0,6.5214500466481695e-12
11,11,214.0,247.5,21130.006954269073,-311.5738659065895,1.0,6.533440455314121e-12
11,12,214.0,270.0,21129.610754203535,-311.5738761039777,1.0,6.5782934655089775e-12
11,13,214.0,292.5,21129.16249189912,-311.5738726352513,1.0,6.417533171543255e-12
11,14,214.0,315.0,21128.732435351496,-311.57385671086763,1.0,6.488587445119265e-12
11,15,214.0,337.5,21128.38522468391,-311.5738304746962,1.0,6.397105067890152e-12
12,0,215.0,0.0,19728.50001807058,-311.57852627814117,1.0,5.5142557187082275e-12
12,1,215.0,22.5,19728.437752367452,-311.5784927252329,1.0,5.559552818112934e-12
12,2,215.0,45.0,19728.546153309886,-311.5784627017351,1.0,5.688782778179302e-12
12,3,215.0,67.5,19728.809465186245,-311.5784410421625,1.0,5.647482481663246e-12
12,4,215.0,90.0,19729.186319043794,-311.57843059072843,1.0,5.643929767984446e-12
12,5,215.0,112.5,19729.61890551466,-311.5784327836644,1.0,5.653699730601147e-12
12,6,215.0,135.0,19730.04288464588,-311.5784478224943,1.0,5.570210959149335e-12
12,7,215.0,157.5,19730.39282109645,-311.57847310419186,1.0,5.560440996532634e-12
12,8,215.0,180.0,19730.61577985624,-311.57850490037345,1.0,5.647038392453396e-12
12,9,215.0,202.5,19730.677241454927,-311.5785381676562,1.0,5.608846720406291e-12
12,10,215.0,225.0,19730.56752336304,-311.57856772681185,1.0,5.587530438333488e-12
12,11,215.0,247.5,19730.30619455936,-311.5785900892958,1.0,5.562661442581884e-12
12,12,215.0,270.0,19729.930050618466,-311.57860079455526,1.0,5.639044786676095e-12
12,13,215.0,292.5,19729.496018391113,-311.5785980928735,1.0,5.635492072997295e-12
12,14,215.0,315.0,19729.072146775252,-311.5785830912946,1.0,5.565770067050835e-12
12,15,215.0,337.5,19728.72253942625,-311.5785579230365,1.0,5.7411853049416095e-12
13,0,216.0,0.0,18397.102391504148,-311.5847877616747,1.0,2.2779111930049112e-11
13,1,216.0,22.5,18397.022603419286,-311.5847547387309,1.0,2.297051437949449e-11
13,2,216.0,45.0,18397.113060552692,-311.58472637892254,1.0,2.2923440923250382e-11
13,3,216.0,67.5,18397.35331457857,-311.58470452630587,1.0,2.289946010591848e-11
13,4,216.0,90.0,18397.710354458544,-311.58469382786785,1.0,2.275735155876646e-11
13,5,216.0,112.5,18398.127938395723,-311.584695213175,1.0,2.2862156612291074e-11
13,6,216.0,135.0,18398.544527083995,-311.5847092243338,1.0,2.2863488879920624e-11
13,7,216.0,157.5,18398.89526139093,-311.58473319601325,1.0,2.2789770071085513e-11
13,8,216.0,180.0,18399.12728183678,-311.5847636780784,1.0,2.2657875575760045e-11
13,9,216.0,202.5,18399.204337425173,-311.58479568687693,1.0,2.2742252525631557e-11
13,10,216.0,225.0,18399.116183105303,-311.58482490022607,1.0,2.2815971334466667e-11
13,11,216.0,247.5,18398.876215890774,-311.58484686177684,1.0,2.2802204568961315e-11
13,12,216.0,270.0,18398.519273336213,-311.5848575995141,1.0,2.2851942560464522e-11
13,13,216.0,292.5,18398.099818495106,-311.58485552313596,1.0,2.2786217357406713e-11
13,14,216.0,315.0,18397.684612120767,-311.5848420235314,1.0,2.30531149725266e-11
13,15,216.0,337.5,18397.334541981094,-311.5848182952085,1.0,2.290967415774503e-11
14,0,217.0,0.0,17133.75211013494,-311.59265723581063,1.0,8.109068971862143e-12
14,1,217.0,22.5,17133.658046351717,-311.5926257429154,1.0,8.202771795140507e-12
14,2,217.0,45.0,17133.72699320399,-311.59259766882985,1.0,8.094414027937091e-12
14,3,217.0,67.5,17133.94620696232,-311.5925764121052,1.0,8.141487484181198e-12
14,4,217.0,90.0,17134.281527232662,-311.59256490171254,1.0,8.073541835074138e-12
14,5,217.0,112.5,17134.684509432685,-311.5925659040237,1.0,8.099743098455292e-12
14,6,217.0,135.0,17135.092533041487,-311.59257877114993,1.0,8.124168004997046e-12
14,7,217.0,157.5,17135.443386698007,-311.5926015078519,1.0,8.211209490127658e-12
14,8,217.0,180.0,17135.683794829285,-311.5926307072747,1.0,8.065992318506687e-12
14,9,217.0,202.5,17135.776230219166,-311.59266156363026,1.0,8.08997313583859e-12
14,10,217.0,225.0,17135.707698729584,-311.5926897997994,1.0,8.044231947224034e-12
14,11,217.0,247.5,17135.48951233197,-311.5927114593293,1.0,8.22275580958376e-12
14,12,217.0,270.0,17135.152888547167,-311.5927224653188,1.0,8.138822948922098e-12
14,13,217.0,292.5,17134.74970232904,-311.5927213857596,1.0,8.23163759378076e-12
14,14,217.0,315.0,17134.341567654126,-311.5927084750675,1.0,8.192113654104105e-12
14,15,217.0,337.5,17133.992529268387,-311.59268644293087,1.0,8.01936295147243e-12
15,0,218.0,0.0,15938.207413024655,-311.6022054736716,1.0,7.347455976969286e-12
15,1,218.0,22.5,15938.099534064078,-311.60217551471635,1.0,7.277289881812976e-12
15,2,218.0,45.0,15938.147975438933,-311.60214798212684,1.0,7.38120675691789e-12
15,3,218.0,67.5,15938.345270041265,-311.6021270295435,1.0,7.347455976969286e-12
15,4,218.0,90.0,15938.660902601581,-311.6021156495326,1.0,7.341238728031385e-12
15,5,218.0,112.5,15939.047561835532,-311.6021158781868,1.0,7.342570995660935e-12
15,6,218.0,135.0,15939.446134286653,-311.6021275782278,1.0,7.362110920894338e-12
15,7,218.0,157.5,15939.796071384872,-311.6021490220267,1.0,7.30393523440398e-12
15,8,218.0,180.0,15940.043687540974,-311.6021767767633,1.0,7.183587058534613e-12
15,9,218.0,202.5,15940.151161177611,-311.6022065667604,1.0,7.339462371191985e-12
15,10,218.0,225.0,15940.102431855368,-311.6022339811045,1.0,7.349232333808686e-12
15,11,218.0,247.5,15939.906034157573,-311.60225530460826,1.0,7.127187728883655e-12
15,12,218.0,270.0,15939.59035771824,-311.60226667013615,1.0,7.246647726333322e-12
15,13,218.0,292.5,15939.202825368677,-311.60226608529115,1.0,7.279510327862226e-12
15,14,218.0,315.0,15938.804152887195,-311.6022543441472,1.0,7.352785047487487e-12
15,15,218.0,337.5,15938.455319489842,-311.6022333511939,1.0,7.2164496600635175e-12
16,0,219.0,0.0,14810.21945196885,-311.61350022738964,1.0,1.1686207557204398e-11
16,1,219.0,22.5,14810.095701731694,-311.61347069818953,1.0,1.1654233134095193e-11
16,2,219.0,45.0,14810.125107052494,-311.6134441892121,1.0,1.1569412095013831e-11
16,3,219.0,67.5,14810.301231135172,-311.6134238846462,1.0,1.1762590901298609e-11
16,4,219.0,90.0,14810.596418690835,-311.613412509355,1.0,1.170619157164765e-11
16,5,219.0,112.5,14810.966145185834,-311.6134119746577,1.0,1.1544987188472078e-11
16,6,219.0,135.0,14811.355218487619,-311.61342283729994,1.0,1.1739498262386405e-11
16,7,219.0,157.5,14811.7031147066,-311.6134428825396,1.0,1.1497913732227971e-11
16,8,219.0,180.0,14811.95711891111,-311.6134691674875,1.0,1.1655565401724743e-11
16,9,219.0,202.5,14812.078941355298,-311.61349785638663,1.0,1.163025231676329e-11
16,10,219.0,225.0,14812.049651369565,-311.6135244152351,1.0,1.1376677377938904e-11
16,11,219.0,247.5,14811.874672292839,-311.6135452196533,1.0,1.1762146812088758e-11
16,12,219.0,270.0,14811.579914160673,-311.613556785125,1.0,1.1552980794249379e-11
16,13,219.0,292.5,14811.209020222606,-311.61355681536594,1.0,1.1650680420416393e-11
16,14,219.0,315.0,14810.820796167638,-311.6135463219485,1.0,1.1721290604782553e-11
16,15,219.0,337.5,14810.472933679632,-311.6135262889367,1.0,1.1461942506230116e-11
17,0,220.0,0.0,13749.528948516734,-311.6266034524616,1.0,1.0026202090784864e-11
17,1,220.0,22.5,13749.393449696374,-311.62657587933603,1.0,9.966250047455105e-12
17,2,220.0,45.0,13749.402688255339,-311.6265497453073,1.0,9.992895400046109e-12
17,3,220.0,67.5,13749.557528868758,-311.62653007629547,1.0,9.92406157251935e-12
17,4,220.0,90.0,13749.831340234521,-311.62651845620985,1.0,1.0060396959943319e-11
17,5,220.0,112.5,13750.183871936795,-311.6265173148643,1.0,9.99822447056431e-12
17,6,220.0,135.0,13750.561956096837,-311.62652705671746,1.0,9.85433956657289e-12
17,7,220.0,157.5,13750.907356744769,-311.6265458869049,1.0,1.0096368185941174e-11
17,8,220.0,180.0,13751.167778602372,-311.6265710722794,1.0,1.0059064692313768e-11
17,9,220.0,202.5,13751.302824046794,-311.6265984333649,1.0,9.748646334628575e-12
17,10,220.0,225.0,13751.292790612437,-311.62662420037844,1.0,9.970690939553606e-12
17,11,220.0,247.5,13751.139272524924,-311.62664448143437,1.0,9.887202168101794e-12
17,12,220.0,270.0,13750.865429124522,-311.6266560905088,1.0,9.942713319333052e-12
17,13,220.0,292.5,13750.512045276217,-311.62665684199607,1.0,9.981349080590007e-12
17,14,220.0,315.0,13750.133566696002,-311.626646918761,1.0,9.806377931909083e-12
17,15,220.0,337.5,13749.789318352703,-311.62662861763425,1.0,1.006572603046152e-11
18,0,221.0,0.0,12755.878345827768,-311.6415750950196,1.0,4.496536476494839e-11
18,1,221.0,22.5,12755.72900427495,-311.6415482336775,1.0,4.5151438143875566e-11
18,2,221.0,45.0,12755.720486900156,-311.64152341704954,1.0,4.494360439366574e-11
18,3,221.0,67.5,12755.85319579025,-311.6415039840321,1.0,4.4995562831218194e-11
18,4,221.0,90.0,12756.105732489914,-311.6414923056983,1.0,4.5070169818473005e-11
18,5,221.0,112.5,12756.441141241909,-311.64149089144,1.0,4.5217607436143226e-11
18,6,221.0,135.0,12756.80759049409,-311.64149957824054,1.0,4.519451479723102e-11
18,7,221.0,157.5,12757.149845889953,-311.64151731574606,1.0,4.526823360606613e-11
18,8,221.0,180.0,12757.41531924984,-311.64154116676696,1.0,4.533173836307469e-11
18,9,221.0,202.5,12757.563021823371,-311.6415672197276,1.0,4.541034215321815e-11
18,10,221.0,225.0,12757.571525062776,-311.6415920285827,1.0,4.541211851005755e-11
18,11,221.0,247.5,12757.439810104945,-311.6416119520055,1.0,4.558531330189908e-11
18,12,221.0,270.0,12757.186924591475,-311.6416234628108,1.0,4.525979591107898e-11
18,13,221.0,292.5,12756.851007012809,-311.6416246304365,1.0,4.4846348856708573e-11
18,14,221.0,315.0,12756.484537881724,-311.6416159346791,1.0,4.517675122883702e-11
18,15,221.0,337.5,12756.14323907339,-311.64159866495555,1.0,4.5277115390263134e-11
19,0,222.0,0.0,11829.00739518038,-311.65846981215515,1.0,4.9762416409748766e-11
19,1,222.0,22.5,11828.846240532797,-311.65844430847125,1.0,4.9813930758091374e-11
19,2,222.0,45.0,11828.819422988267,-311.65842037411244,1.0,4.986810964169308e-11
19,3,222.0,67.5,11828.930302665538,-311.6584012731752,1.0,4.993072622028194e-11
19,4,222.0,90.0,11829.162165756054,-311.6583900008105,1.0,4.973710332478731e-11
19,5,222.0,112.5,11829.479136020338,-311.65838796892666,1.0,4.966826949726055e-11
19,6,222.0,135.0,11829.833997198948,-311.6583960324382,1.0,4.9329429430144955e-11
19,7,222.0,157.5,11830.17116191411,-311.65841214193574,1.0,4.9461768014680274e-11
19,8,222.0,180.0,11830.440730076354,-311.65843459717416,1.0,4.971756339955391e-11
19,9,222.0,202.5,11830.600873006828,-311.65845956538686,1.0,4.96473973043976e-11
19,10,222.0,225.0,11830.627338794053,-311.6584833137092,1.0,4.9608761543140645e-11
19,11,222.0,247.5,11830.516890943865,-311.65850264358534,1.0,4.977174228315562e-11
19,12,222.0,270.0,11830.28562407364,-311.65851423331435,1.0,4.971090206140616e-11
19,13,222.0,292.5,11829.967797787473,-311.6585158188286,1.0,4.948574883201218e-11
19,14,222.0,315.0,11829.613606241634,-311.6585081084834,1.0,4.99844610146738e-11
19,15,222.0,337.5,11829.27613201272,-311.6584918342962,1.0,5.005862391271876e-11
20,0,223.0,0.0,10968.66079688439,-311.67733906553735,1.0,1.4507950396591696e-11
20,1,223.0,22.5,10968.488394777383,-311.6773148675188,1.0,1.4712675522332574e-11
20,2,223.0,45.0,10968.444497502669,-311.6772922560942,1.0,1.4869439013409647e-11
20,3,223.0,67.5,10968.534394470058,-311.6772738859879,1.0,1.4316992036356169e-11
20,4,223.0,90.0,10968.744132692545,-311.6772624025238,1.0,1.4579004670167706e-11
20,5,223.0,112.5,10969.042417436895,-311.67725991273807,1.0,1.4361845046551025e-11
20,6,223.0,135.0,10969.383883747796,-311.67726682087766,1.0,1.4483969579259792e-11
20,7,223.0,157.5,10969.716776682086,-311.6772822051536,1.0,1.4507950396591696e-11
20,8,223.0,180.0,10969.989567408984,-311.67730324375265,1.0,1.4314327501097068e-11
20,9,223.0,202.5,10970.161057233787,-311.67732692200315,1.0,1.4778400725390384e-11
20,10,223.0,225.0,10970.205368981957,-311.67734976625775,1.0,1.4242829138311208e-11
20,11,223.0,247.5,10970.11599478313,-311.677368433782,1.0,1.4136691817157043e-11
20,12,223.0,270.0,10969.906172124702,-311.6773798735352,1.0,1.4447110174842237e-11
20,13,223.0,292.5,10969.607266269175,-311.6773820161012,1.0,1.4368950473908626e-11
20,14,223.0,315.0,10969.265729281109,-311.6773750695042,1.0,1.4549694782317601e-11
20,15,223.0,337.5,10968.93361763372,-311.67736012518805,1.0,1.4374279544426827e-11
21,0,224.0,0.0,10174.5905011339,-311.69823102145006,1.0,8.670841822322473e-12
21,1,224.0,22.5,10174.408612963935,-311.69820877930965,1.0,8.835598919176846e-12
21,2,224.0,45.0,10174.34631966282,-311.6981864632859,1.0,8.606448886894214e-12
21,3,224.0,67.5,10174.415585214945,-311.6981689889627,1.0,8.944400775590111e-12
21,4,224.0,90.0,10174.603534204978,-311.69815759038306,1.0,8.754774682984134e-12
21,5,224.0,112.5,10174.882963130418,-311.6981548647917,1.0,9.046985383065476e-12
21,6,224.0,135.0,10175.210921480962,-311.6981609752402,1.0,9.333422923418766e-12
21,7,224.0,157.5,10175.537624790335,-311.6981750793281,1.0,9.016787316795671e-12
21,8,224.0,180.0,10175.813011509137,-311.6981948320624,1.0,8.743672452737883e-12
21,9,224.0,202.5,10175.995143042866,-311.69821721887075,1.0,9.110046050864185e-12
21,10,224.0,225.0,10176.056640313544,-311.69823904587463,1.0,8.708145315949878e-12
21,11,224.0,247.5,10175.988407544599,-311.6982571537551,1.0,8.676614982050523e-12
21,12,224.0,270.0,10175.800173674557,-311.698268382224,1.0,9.07585118170573e-12
21,13,224.0,292.5,10175.520456506296,-311.69827093570717,1.0,8.733014311701481e-12
21,14,224.0,315.0,10175.192681221539,-311.6982649392282,1.0,8.711698029628678e-12
21,15,224.0,337.5,10174.866757453996,-311.6982513105127,1.0,8.629097436596567e-12
22,0,225.0,0.0,9446.55871783967,-311.7211909124042,1.0,9.64339719189411e-12
22,1,225.0,22.5,9446.365625622511,-311.72116911404805,1.0,9.43689570931383e-12
22,2,225.0,45.0,9446.287797641186,-311.72114854918544,1.0,9.36051236521962e-12
22,3,225.0,67.5,9446.335581058132,-311.7211313477049,1.0,9.230838315943402e-12
22,4,225.0,90.0,9446.502288014972,-311.7211205193939,1.0,1.0119016735643527e-11
22,5,225.0,112.5,9446.761796959336,-311.7211172169969,1.0,9.50217682316179e-12
22,6,225.0,135.0,9447.075733594973,-311.7211226982269,1.0,9.79216707719388e-12
22,7,225.0,157.5,9447.39522285853,-311.72113540728304,1.0,9.590994665131802e-12
22,8,225.0,180.0,9447.672684706895,-311.7211541159292,1.0,9.423573033018329e-12
22,9,225.0,202.5,9447.864711952372,-311.7211751992626,1.0,9.64828217320246e-12
22,10,225.0,225.0,9447.942773177278,-311.72119591729694,1.0,9.121148281110436e-12
22,11,225.0,247.5,9447.895408536355,-311.72121339946256,1.0,9.35918009759007e-12
22,12,225.0,270.0,9447.72911584139,-311.7212245083674,1.0,9.43556344168428e-12
22,13,225.0,292.5,9447.468927226273,-311.7212273622178,1.0,9.343636975245317e-12
22,14,225.0,315.0,9447.15521085656,-311.7212220301879,1.0,9.610534590365205e-12
22,15,225.0,337.5,9446.83575206746,-311.72120934017096,1.0,9.344081064455168e-12
23,0,226.0,0.0,8784.33776123444,-311.74625934508066,1.0,6.128786367298744e-11
23,1,226.0,22.5,8784.135523100835,-311.74623878018446,1.0,6.163203281062124e-11
23,2,226.0,45.0,8784.041732472451,-311.7462194157116,1.0,6.074873937222947e-11
23,3,226.0,67.5,8784.068881796507,-311.7462028906236,1.0,6.155831400178613e-11
23,4,226.0,90.0,8784.213138119809,-311.74619194071914,1.0,6.125411289303884e-11
23,5,226.0,112.5,8784.452808027836,-311.74618842868284,1.0,6.126654739091464e-11
23,6,226.0,135.0,8784.75201637798,-311.7461933371044,1.0,6.147171660586537e-11
23,7,226.0,157.5,8785.063949917581,-311.746204993318,1.0,6.182920841979467e-11
23,8,226.0,180.0,8785.341898579816,-311.7462221939606,1.0,6.114886375030437e-11
23,9,226.0,202.5,8785.54316034779,-311.7462420378521,1.0,6.116973594316732e-11
23,10,226.0,225.0,8785.637331926982,-311.74626167878483,1.0,6.150369102897457e-11
23,11,226.0,247.5,8785.610579413667,-311.7462784958469,1.0,6.105915772991466e-11
23,12,226.0,270.0,8785.466207180001,-311.7462893652623,1.0,6.144595943169406e-11
23,13,226.0,292.5,8785.225760871685,-311.7462923131612,1.0,6.09956529729061e-11
23,14,226.0,315.0,8784.927273514562,-311.74628793619684,1.0,6.137490515811805e-11
23,15,226.0,337.5,8784.615609251632,-311.7462764764122,1.0,6.16866557834328e-11
24,0,227.0,0.0,8187.71591484222,-311.773474430333,1.0,9.602096895378054e-12
24,1,227.0,22.5,8187.506055364874,-311.77345569692943,1.0,9.463541061904834e-12
24,2,227.0,45.0,8187.395981570551,-311.77343685785036,1.0,9.400924483315976e-12
24,3,227.0,67.5,8187.403326723083,-311.77342149491864,1.0,9.767298081442277e-12
24,4,227.0,90.0,8187.525256268036,-311.77341054896476,1.0,9.189093930217496e-12
24,5,227.0,112.5,8187.744942897573,-311.7734070988911,1.0,9.392042699118974e-12
24,6,227.0,135.0,8188.0280513397765,-311.77341094368194,1.0,9.64739399478276e-12
24,7,227.0,157.5,8188.331545165956,-311.77342154976895,1.0,9.098943820617933e-12
24,8,227.0,180.0,8188.6095491968945,-311.7734375704791,1.0,9.50084455553224e-12
24,9,227.0,202.5,8188.8191528783545,-311.7734560898802,1.0,9.339196083146817e-12
24,10,227.0,225.0,8188.928923279085,-311.77347467845215,1.0,9.336531547887716e-12
24,11,227.0,247.5,8188.92236167675,-311.77349068029747,1.0,9.068301665138279e-12
24,12,227.0,270.0,8188.800047941469,-311.7735013178981,1.0,9.670930722904814e-12
24,13,227.0,292.5,8188.580288987203,-311.77350471478354,1.0,9.795719790872681e-12
24,14,227.0,315.0,8188.297197831623,-311.773500887514,1.0,9.586109683823452e-12
24,15,227.0,337.5,8187.99405161752,-311.7734905638072,1.0,1.0025313912365164e-11
25,0,228.0,0.0,7656.499554624029,-311.80287211550853,1.0,9.212630658339549e-12
25,1,228.0,22.5,7656.281641473763,-311.8028542241683,1.0,9.057199434892027e-12
25,2,228.0,45.0,7656.157202274739,-311.80283700116036,1.0,9.667822098435863e-12
25,3,228.0,67.5,7656.14404858283,-311.80282203053144,1.0,8.908429549592256e-12
25,4,228.0,90.0,7656.244297134136,-311.80281169610896,1.0,1.021538409418099e-11
25,5,228.0,112.5,7656.4428247784335,-311.80280769727733,1.0,9.345413332084718e-12
25,6,228.0,135.0,7656.7096382789505,-311.8028108532018,1.0,9.78417347141658e-12
25,7,228.0,157.5,7657.004203172604,-311.80282076074633,1.0,9.413803070401627e-12
25,8,228.0,180.0,7657.280982786887,-311.80283527742847,1.0,9.088729768791382e-12
25,9,228.0,202.5,7657.49831307695,-311.8028526281018,1.0,9.116263299802085e-12
25,10,228.0,225.0,7657.623068276049,-311.80287013663656,1.0,9.557687974393048e-12
25,11,228.0,247.5,7657.636324847217,-311.80288520202686,1.0,9.225953334635051e-12
25,12,228.0,270.0,7657.5362753465815,-311.8028957236555,1.0,9.604761430637154e-12
25,13,228.0,292.5,7657.337298738347,-311.80289931720256,1.0,1.0251799409388695e-11
25,14,228.0,315.0,7657.070307949406,-311.8028960029652,1.0,9.536371692320245e-12
25,15,228.0,337.5,7656.7764568574,-311.80288674940437,1.0,9.07940389538453e-12
26,0,229.0,0.0,7190.512906661034,-311.83448437331754,1.0,7.351008690648086e-12
26,1,229.0,22.5,7190.288257078685,-311.83446772282474,1.0,6.813660746729511e-12
26,2,229.0,45.0,7190.149343331613,-311.83445151609476,1.0,7.914557897947816e-12
26,3,229.0,67.5,7190.116494940981,-311.83443736198575,1.0,7.291056647318328e-12
26,4,229.0,90.0,7190.194756227837,-311.83442746102384,1.0,7.999823026239028e-12
26,5,229.0,112.5,7190.372340124458,-311.83442345327046,1.0,6.898037696601023e-12
26,6,229.0,135.0,7190.622269736214,-311.8344260088774,1.0,7.363443188523888e-12
26,7,229.0,157.5,7190.9065216632625,-311.8344347651425,1.0,7.692957382232635e-12
26,8,229.0,180.0,7191.181498979548,-311.83444805081695,1.0,7.287948022849378e-12
26,9,229.0,202.5,7191.4056425885565,-311.8344641631918,1.0,7.810196933633051e-12
26,10,229.0,225.0,7191.544608503248,-311.83448041969683,1.0,7.126299550463955e-12
26,11,229.0,247.5,7191.577874288779,-311.8344950116172,1.0,6.730616064487549e-12
26,12,229.0,270.0,7191.499526789954,-311.83450482709617,1.0,6.7763572531021055e-12
26,13,229.0,292.5,7191.321648981123,-311.83450853354293,1.0,6.979306022003584e-12
26,14,229.0,315.0,7191.071834604457,-311.83450610390736,1.0,7.252864975271223e-12
26,15,229.0,337.5,7190.78793793981,-311.8344977205743,1.0,6.973532862275533e-12
27,0,230.0,0.0,6789.602199734853,-311.8683409905084,1.0,1.432631790976302e-11
27,1,230.0,22.5,6789.371858141136,-311.8683258262965,1.0,1.3808509891077847e-11
27,2,230.0,45.0,6789.219134362161,-311.86831064118104,1.0,1.3206324922521162e-11
27,3,230.0,67.5,6789.167215920915,-311.86829767039904,1.0,1.3572698520647464e-11
27,4,230.0,90.0,6789.223310371084,-311.8682880331341,1.0,1.4277912185889363e-11
27,5,230.0,112.5,6789.379389169287,-311.86828382362893,1.0,1.3666401343925827e-11
27,6,230.0,135.0,6789.611794922339,-311.8682858087256,1.0,1.3889778216480408e-11
27,7,230.0,157.5,6789.884975745384,-311.8682934760433,1.0,1.361444290637337e-11
27,8,230.0,180.0,6790.15746281732,-311.8683058059743,1.0,1.347322253764105e-11
27,9,230.0,202.5,6790.387419222922,-311.8683204887829,1.0,1.4304557538480367e-11
27,10,230.0,225.0,6790.540123956572,-311.86833564433795,1.0,1.3608669746645319e-11
27,11,230.0,247.5,6790.592565801042,-311.86834925743403,1.0,1.376010416720419e-11
27,12,230.0,270.0,6790.536394106479,-311.86835880514326,1.0,1.510302993779078e-11
27,13,230.0,292.5,6790.380052567369,-311.8683627000863,1.0,1.3859136061000754e-11
27,14,230.0,315.0,6790.147527883393,-311.8683605750599,1.0,1.4456436048249088e-11
27,15,230.0,337.5,6789.87478055554,-311.8683534409337,1.0,1.404654170755748e-11
28,0,231.0,0.0,6453.637429939061,-311.9044700523724,1.0,5.377920331284258e-12
28,1,231.0,22.5,6453.4021068077955,-311.90445625430465,1.0,5.220712750997336e-12
28,2,231.0,45.0,6453.2362196406075,-311.9044420266648,1.0,5.796252366963017e-12
28,3,231.0,67.5,6453.165069160501,-311.9044296051199,1.0,4.75042227776612e-12
28,4,231.0,90.0,6453.199260105779,-311.90442054419054,1.0,6.327827151153542e-12
28,5,231.0,112.5,6453.3336689489315,-311.90441634298264,1.0,3.737010700888277e-12
28,6,231.0,135.0,6453.548012882325,-311.9044179058931,1.0,5.3588244952607056e-12
28,7,231.0,157.5,6453.809369498473,-311.9044245622365,1.0,4.767297667740422e-12
28,8,231.0,180.0,6454.078077190316,-311.9044354875641,1.0,4.0527581290916714e-12
28,9,231.0,202.5,6454.313241125296,-311.90444903988333,1.0,5.690115045808852e-12
28,10,231.0,225.0,6454.479015150842,-311.90446309201036,1.0,4.950262422198648e-12
28,11,231.0,247.5,6454.5503171768705,-311.9044757368357,1.0,5.8055782403698686e-12
28,12,231.0,270.0,6454.516204566405,-311.9044849197577,1.0,5.413003378862413e-12
28,13,231.0,292.5,6454.381662658811,-311.904488933154,1.0,5.505818023721076e-12
28,14,231.0,315.0,6454.167318035057,-311.9044873770836,1.0,5.579092743346337e-12
28,15,231.0,337.5,6453.9061466348985,-311.90448099697494,1.0,5.8832938520936295e-12
29,0,232.0,0.0,6182.512478832426,-311.9428961590972,1.0,1.4104273304837989e-12
29,1,232.0,22.5,6182.2727983426985,-311.94288332497626,1.0,2.1258550475522497e-12
29,2,232.0,45.0,6182.094615775642,-311.94287029857514,1.0,2.1826984664130578e-12
29,3,232.0,67.5,6182.004839468973,-311.942858655325,1.0,2.034372670323137e-12
29,4,232.0,90.0,6182.017188449861,-311.94285026505247,1.0,1.6786572132332367e-12
29,5,232.0,112.5,6182.129584761262,-311.9428460321801,1.0,1.9095836023552692e-12
29,6,232.0,135.0,6182.32513718589,-311.94284701144403,1.0,1.2261303083960229e-12
29,7,232.0,157.5,6182.573926134694,-311.9428527733328,1.0,3.2152058793144533e-12
29,8,232.0,180.0,6182.838162815131,-311.9428626028413,1.0,1.3580248037214915e-12
29,9,232.0,202.5,6183.07751191501,-311.9428748035842,1.0,3.164135620181696e-12
29,10,232.0,225.0,6183.255613969985,-311.9428876688377,1.0,1.9486634528220748e-12
29,11,232.0,247.5,6183.345477191992,-311.9428994723722,1.0,2.006395050102583e-12
29,12,232.0,270.0,6183.3332887610595,-311.94290817032,1.0,1.2359002710127243e-12
29,13,232.0,292.5,6183.2207237061875,-311.9429120984691,1.0,2.2253310305586638e-12
29,14,232.0,315.0,6183.025201335754,-311.94291118546664,1.0,1.8167689574966062e-12
29,15,232.0,337.5,6182.776431667845,-311.9429054625788,1.0,2.0907719999740948e-12
30,0,233.0,0.0,5976.147830850664,-311.9836414641127,1.0,1.765831925126804e-11
30,1,233.0,22.5,5975.9050363061015,-311.9836303075619,1.0,3.650413304967515e-12
30,2,233.0,45.0,5975.71529200532,-311.98361857467876,1.0,4.53770354624794e-12
30,3,233.0,67.5,5975.607439997662,-311.9836079397763,1.0,4.169553591282238e-12
30,4,233.0,90.0,5975.597852387388,-311.98359990151357,1.0,2.9944935420189722e-12
30,5,233.0,112.5,5975.688012686595,-311.98359574343107,1.0,3.735234344048877e-12
30,6,233.0,135.0,5975.864203403018,-311.9835961172301,1.0,4.579892021183696e-12
30,7,233.0,157.5,5976.099673806862,-311.9836011486339,1.0,1.793276638295538e-11
30,8,233.0,180.0,5976.358454354142,-311.98360976048053,1.0,1.744426825212031e-11
30,9,233.0,202.5,5976.601190343381,-311.9836207514692,1.0,1.7901680138265874e-11
30,10,233.0,225.0,5976.790871581704,-311.9836323088591,1.0,1.7550849662484325e-11
30,11,233.0,247.5,5976.898834288516,-311.98364322255657,1.0,1.7362555837507898e-11
30,12,233.0,270.0,5976.908499796507,-311.98365146760455,1.0,1.6968648708370893e-11
30,13,233.0,292.5,5976.818247123847,-311.98365540460793,1.0,1.873345922831504e-11
30,14,233.0,315.0,5976.641956077191,-311.98365478846335,1.0,1.8473222951342905e-11
30,15,233.0,337.5,5976.406670298261,-311.9836502344359,1.0,1.8041568239368644e-11
31,0,234.0,0.0,5834.492753380873,-312.0267281076981,1.0,4.622080496119452e-12
31,1,234.0,22.5,5834.247544222346,-312.02671833905083,1.0,4.118483332149481e-12
31,2,234.0,45.0,5834.046812883285,-312.0267074006648,1.0,4.7699622029995226e-12
31,3,234.0,67.5,5833.921288640201,-312.02669765049916,1.0,8.307132759455271e-12
31,4,234.0,90.0,5833.88996372434,-312.0266900987506,1.0,9.473755113731386e-12
31,5,234.0,112.5,5833.957673652692,-312.02668616170234,1.0,8.483436175765746e-12
31,6,234.0,135.0,5834.114066392449,-312.0266862568397,1.0,4.449329793487777e-12
31,7,234.0,157.5,5834.335297881591,-312.026690223137,1.0,4.369393735714766e-12
31,8,234.0,180.0,5834.5877813517145,-312.02669783597673,1.0,4.311218049224408e-12
31,9,234.0,202.5,5834.832980366302,-312.02670753975644,1.0,4.637623618464204e-12
31,10,234.0,225.0,5835.033586778096,-312.0267179489613,1.0,4.641176332143004e-12
31,11,234.0,247.5,5835.159181672087,-312.0267279761894,1.0,4.851230528402084e-12
31,12,234.0,270.0,5835.190502640818,-312.02673552279515,1.0,4.286349053472804e-12
31,13,234.0,292.5,5835.122737632393,-312.02673925972766,1.0,4.363620575986715e-12
31,14,234.0,315.0,5834.96639082826,-312.02673937393666,1.0,4.489297822374283e-12
31,15,234.0,337.5,5834.745198306879,-312.0267355741974,1.0,5.8832938520936295e-12
32,0,235.0,0.0,5757.52471904078,-312.07217431578675,1.0,6.2096994213334256e-12
32,1,235.0,22.5,5757.277892662727,-312.07216529643097,1.0,6.16751094639767e-12
32,2,235.0,45.0,5757.0671386269605,-312.07215610703275,1.0,6.971312416226283e-12
32,3,235.0,67.5,5756.924458230948,-312.072147329008,1.0,6.7768013423119555e-12
32,4,235.0,90.0,5756.871589911095,-312.0721404664978,1.0,6.66622312905929e-12
32,5,235.0,112.5,5756.916567753265,-312.0721364162193,1.0,5.333955499509102e-12
32,6,235.0,135.0,5757.052575393538,-312.0721360906736,1.0,6.656897255652439e-12
32,7,235.0,157.5,5757.258883514088,-312.0721392952865,1.0,6.45128395149186e-12
32,8,235.0,180.0,5757.504113390988,-312.07214583173993,1.0,5.876632513945879e-12
32,9,235.0,202.5,5757.750877851201,-312.07215418528983,1.0,6.753264614189902e-12
32,10,235.0,225.0,5757.961648899744,-312.0721634869437,1.0,6.413092279444754e-12
32,11,235.0,247.5,5758.1043580581445,-312.0721725251033,1.0,7.253309064481073e-12
32,12,235.0,270.0,5758.157248240005,-312.072179624074,1.0,7.439826532618099e-12
32,13,235.0,292.5,5758.112224964145,-312.07218327924215,1.0,7.283951219960727e-12
32,14,235.0,315.0,5757.976204920244,-312.0721835388545,1.0,5.8975047068088315e-12
32,15,235.0,337.5,5757.769895526934,-312.07218034650066,1.0,6.80877576542116e-12
33,0,236.0,0.0,5745.251922927245,-312.11999711566824,1.0,6.618261494395483e-12
33,1,236.0,22.5,5745.004494111776,-312.11998975059686,1.0,6.723954726339798e-12
33,2,236.0,45.0,5744.784363833474,-312.1199815782865,1.0,7.267964008406125e-12
33,3,236.0,67.5,5744.625053038552,-312.1199736370924,1.0,7.600142737373972e-12
33,4,236.0,90.0,5744.550800354771,-312.1199674524476,1.0,5.291767024573346e-12
33,5,236.0,112.5,5744.572922908693,-312.1199636916295,1.0,6.980194200423284e-12
33,6,236.0,135.0,5744.688052105517,-312.1199629666404,1.0,7.329692408575283e-12
33,7,236.0,157.5,5744.8786580483775,-312.11996546962604,1.0,6.644018668566787e-12
33,8,236.0,180.0,5745.115729039425,-312.11997069465866,1.0,6.1031180109694105e-12
33,9,236.0,202.5,5745.363169945632,-312.1199779085988,1.0,6.819877995667412e-12
33,10,236.0,225.0,5745.583309998272,-312.1199859914173,1.0,7.013944980371889e-12
33,11,236.0,247.5,5745.742615840319,-312.1199941030597,1.0,7.37632177560954e-12
33,12,236.0,270.0,5745.816860093207,-312.12000043721434,1.0,5.971667604853792e-12
33,13,236.0,292.5,5745.79473612774,-312.12000411292036,1.0,7.251088618431822e-12
33,14,236.0,315.0,5745.679610070418,-312.1200046428505,1.0,6.7625904875967535e-12
33,15,236.0,337.5,5745.488987586036,-312.12000244011983,1.0,7.098321930243401e-12
34,0,237.0,0.0,5797.713934303257,-312.17021248724103,1.0,1.049649256401608e-11
34,1,237.0,22.5,5797.466792808437,-312.17020629035227,1.0,9.895195773879095e-12
34,2,237.0,45.0,5797.238096557063,-312.17019934141564,1.0,9.107381515605084e-12
34,3,237.0,67.5,5797.062661653172,-312.17019269648335,1.0,1.1482814699093069e-11
34,4,237.0,90.0,5796.967275931848,-312.17018695544004,1.0,1.0258460747536446e-11
34,5,237.0,112.5,5796.96638419018,-312.1701833881222,1.0,8.996359213142568e-12
34,6,237.0,135.0,5797.06015012383,-312.17018239989034,1.0,1.0693224083979658e-11
34,7,237.0,157.5,5797.234282278852,-312.1701842321569,1.0,1.1893597218204377e-11
34,8,237.0,180.0,5797.462308154942,-312.1701884162987,1.0,1.1247891507082386e-11
34,9,237.0,202.5,5797.709502329411,-312.1701943676402,1.0,1.1044498648971057e-11
34,10,237.0,225.0,5797.938227645096,-312.1702011962998,1.0,9.992007221626409e-12
34,11,237.0,247.5,5798.113586734112,-312.1702082472144,1.0,1.0668355088228054e-11
34,12,237.0,270.0,5798.208979064003,-312.17021394787724,1.0,1.1619150086517038e-11
34,13,237.0,292.5,5798.209888135933,-312.17021739994306,1.0,1.1012968315071703e-11
34,14,237.0,315.0,5798.116125417472,-312.1702183424515,1.0,1.1241674258144485e-11
34,15,237.0,337.5,5797.94191409903,-312.17021690163597,1.0,1.063904520037795e-11
35,0,238.0,0.0,5914.982565212173,-312.2228344913454,1.0,1.6628032284415895e-11
35,1,238.0,22.5,5914.736596763704,-312.2228296287808,1.0,1.603028820795771e-11
35,2,238.0,45.0,5914.500187175856,-312.2228237813699,1.0,1.6428636229193216e-11
35,3,238.0,67.5,5914.309246041185,-312.2228180714554,1.0,1.7221779557985428e-11
35,4,238.0,90.0,5914.192837420551,-312.22281338159513,1.0,1.5714984868964166e-11
35,5,238.0,112.5,5914.168938608735,-312.22280968598056,1.0,1.6712409234287406e-11
35,6,238.0,135.0,5914.240845872186,-312.22280854274993,1.0,1.630207080438595e-11
35,7,238.0,157.5,5914.397759071371,-312.2228097026225,1.0,1.5842882561400984e-11
35,8,238.0,180.0,5914.6158376869635,-312.22281285132567,1.0,1.610933608731102e-11
35,9,238.0,202.5,5914.861867219409,-312.222817550223,1.0,1.681987882307112e-11
35,10,238.0,225.0,5915.098360147502,-312.22282317260505,1.0,1.6468604258079722e-11
35,11,238.0,247.5,5915.289224130749,-312.22282911590503,1.0,1.5941026276777848e-11
35,12,238.0,270.0,5915.405448727074,-312.22283433671595,1.0,1.5439649558857127e-11
35,13,238.0,292.5,5915.429539144926,-312.2228374631125,1.0,1.658939652315894e-11
35,14,238.0,315.0,5915.357583047516,-312.2228387317568,1.0,1.4928946967529555e-11
35,15,238.0,337.5,5915.200582782606,-312.2228378145836,1.0,1.6635581800983346e-11
36,0,239.0,0.0,6097.16274500015,-312.27787599573253,1.0,1.1949108369435635e-11
36,1,239.0,22.5,6096.919206224714,-312.2778717416659,1.0,1.113686920461987e-11
36,2,239.0,45.0,6096.675600627764,-312.2778676984942,1.0,1.2189360631964519e-11
36,3,239.0,67.5,6096.469785068192,-312.2778629322206,1.0,1.2390977133236447e-11
36,4,239.0,90.0,6096.332826117396,-312.27785870276193,1.0,1.2026379891949546e-11
36,5,239.0,112.5,6096.285685950399,-312.27785543097406,1.0,1.1497913732227971e-11
36,6,239.0,135.0,6096.33531507086,-312.277854070868,1.0,1.198818821990244e-11
36,7,239.0,157.5,6096.474339805606,-312.27785446675415,1.0,1.191491350027718e-11
36,8,239.0,180.0,6096.681517142467,-312.2778567161307,1.0,1.2025491713529846e-11
36,9,239.0,202.5,6096.925449320941,-312.27786018826555,1.0,1.17030829471787e-11
36,10,239.0,225.0,6097.168850051936,-312.2778646543134,1.0,1.1876721828230075e-11
36,11,239.0,247.5,6097.37452443458,-312.2778697119864,1.0,1.0738077094174514e-11
36,12,239.0,270.0,6097.511468413052,-312.2778739700038,1.0,1.1534773136645526e-11
36,13,239.0,292.5,6097.558788756282,-312.27787687099396,1.0,1.2425172002394902e-11
36,14,239.0,315.0,6097.5091068189895,-312.2778783257671,1.0,1.163114049518299e-11
36,15,239.0,337.5,6097.369946611797,-312.277878194978,1.0,1.3309797708416227e-11
37,0,240.0,0.0,6344.393560145798,-312.33534816848197,1.0,1.0808687278540674e-11
37,1,240.0,22.5,6344.152961337991,-312.3353454575046,1.0,1.092415047310169e-11
37,2,240.0,45.0,6343.903471662692,-312.3353422331698,1.0,1.1302958569103794e-11
37,3,240.0,67.5,6343.683130408741,-312.33533889779505,1.0,1.1456169346502065e-11
37,4,240.0,90.0,6343.525994969259,-312.33533517214806,1.0,1.1446399383885364e-11
37,5,240.0,112.5,6343.45556463424,-312.3353322723083,1.0,1.0579093157048192e-11
37,6,240.0,135.0,6343.482670480577,-312.3353304742849,1.0,1.0826894936144527e-11
37,7,240.0,157.5,6343.602983435005,-312.33533036433084,1.0,1.071054356316381e-11
37,8,240.0,180.0,6343.798426209298,-312.33533159338634,1.0,1.106847946630296e-11
37,9,240.0,202.5,6344.039283921681,-312.3353339137856,1.0,1.1379341913198004e-11
37,10,240.0,225.0,6344.288756491013,-312.3353371727407,1.0,1.1613821015998838e-11
37,11,240.0,247.5,6344.508786910797,-312.33534099048893,1.0,1.0810019546170224e-11
37,12,240.0,270.0,6344.6659131454835,-312.33534473000515,1.0,1.1301182212264393e-11
37,13,240.0,292.5,6344.73654607133,-312.3353473131835,1.0,1.0742962075482865e-11
37,14,240.0,315.0,6344.709632349661,-312.3353488078882,1.0,1.1323830761966747e-11
37,15,240.0,337.5,6344.589001590936,-312.33534939944803,1.0,1.0549783269198088e-11
38,0,241.0,0.0,6656.848364168237,-312.39526173838476,1.0,1.0011547146859812e-10
38,1,241.0,22.5,6656.611719618764,-312.39526034289486,1.0,9.993161853572019e-11
38,2,241.0,45.0,6656.357199466207,-312.395258107519,1.0,9.96132065722577e-11
38,3,241.0,67.5,6656.123451497167,-312.39525549561665,1.0,1.0018208485007563e-10
38,4,241.0,90.0,6655.94614350253,-312.39525280248625,1.0,1.0020029250767948e-10
38,5,241.0,112.5,6655.852396534611,-312.39525028077855,1.0,1.0120615456798987e-10
38,6,241.0,135.0,6655.856331676114,-312.39524850202145,1.0,1.007069982961184e-10
38,7,241.0,157.5,6655.957335425735,-312.3952477562077,1.0,1.0025447139128119e-10
38,8,241.0,180.0,6656.1401953968125,-312.3952479546182,1.0,9.918510457396224e-11
38,9,241.0,202.5,6656.377026951169,-312.3952491237083,1.0,1.0036149689085505e-10
38,10,241.0,225.0,6656.631734155403,-312.3952511346245,1.0,9.945422263513137e-11
38,11,241.0,247.5,6656.865277760945,-312.3952540040537,1.0,9.965983593929195e-11
38,12,241.0,270.0,6657.04240832433,-312.395256916593,1.0,1.0081890877700062e-10
38,13,241.0,292.5,6657.136338172395,-312.3952592077287,1.0,1.0030110075831544e-10
38,14,241.0,315.0,6657.13241486545,-312.39526096509593,1.0,1.0052936261217837e-10
38,15,241.0,337.5,6657.031222292551,-312.3952619393364,1.0,1.0048673004803277e-10
39,0,242.0,0.0,7034.736048873888,-312.4576258589295,1.0,5.1088910879570903e-11
39,1,242.0,22.5,7034.504475045027,-312.4576255534631,1.0,5.092237742587713e-11
39,2,242.0,45.0,7034.245392866869,-312.45762480980227,1.0,5.1656456889759284e-11
39,3,242.0,67.5,7033.998559018536,-312.45762341621406,1.0,5.17736964411597e-11
39,4,242.0,90.0,7033.801663958609,-312.45762146787035,1.0,5.282618786850435e-11
39,5,242.0,112.5,7033.684716021894,-312.4576192274531,1.0,5.3018034407159575e-11
39,6,242.0,135.0,7033.665136345276,-312.4576174324916,1.0,5.1876725137844915e-11
39,7,242.0,157.5,7033.746345336007,-312.4576159035454,1.0,5.242872802568854e-11
39,8,242.0,180.0,7033.915594182244,-312.45761527207657,1.0,5.147349213530106e-11
39,9,242.0,202.5,7034.147405176013,-312.4576153362856,1.0,5.2014836882108284e-11
39,10,242.0,225.0,7034.4065351318,-312.45761603609424,1.0,5.03446173638622e-11
39,11,242.0,247.5,7034.652908503572,-312.4576179094519,1.0,5.113776069265441e-11
39,12,242.0,270.0,7034.849613313384,-312.4576200546031,1.0,5.135003533496274e-11
39,13,242.0,292.5,7034.966927801502,-312.4576219129898,1.0,5.0808690588155514e-11
39,14,242.0,315.0,7034.986499521396,-312.45762371058873,1.0,5.0875748058842873e-11
39,15,242.0,337.5,7034.905336373818,-312.45762518811586,1.0,5.086997489911482e-11
40,0,243.0,0.0,7478.30045968501,-312.52244959813464,1.0,1.1235457009206584e-11
40,1,243.0,22.5,7478.074654741586,-312.5224506201763,1.0,1.2460699139182907e-11
40,2,243.0,45.0,7477.812540541431,-312.5224507303318,1.0,1.1480594253043819e-11
40,3,243.0,67.5,7477.553359417391,-312.5224504965111,1.0,1.106181812815521e-11
40,4,243.0,90.0,7477.33732981478,-312.52244928070945,1.0,1.2281287098403482e-11
40,5,243.0,112.5,7477.197009781922,-312.5224475602999,1.0,1.2101875057624056e-11
40,6,243.0,135.0,7477.15380793618,-312.5224455568565,1.0,1.191002851896883e-11
40,7,243.0,157.5,7477.214165797296,-312.52244369645337,1.0,1.1992629112000941e-11
40,8,243.0,180.0,7477.369020799423,-312.5224421514211,1.0,1.2162715279373515e-11
40,9,243.0,202.5,7477.594916948136,-312.52244105137925,1.0,1.2474021815478409e-11
40,10,243.0,225.0,7477.857414166861,-312.5224406069879,1.0,1.1446843473095214e-11
40,11,243.0,247.5,7478.116147470668,-312.52244124079687,1.0,1.1858514170626222e-11
40,12,243.0,270.0,7478.332061500359,-312.5224425595548,1.0,1.2081891043180804e-11
40,13,243.0,292.5,7478.472643361747,-312.5224440454673,1.0,1.17039711255984e-11
40,14,243.0,315.0,7478.516054700353,-312.5224458589028,1.0,1.1577405700791132e-11
40,15,243.0,337.5,7478.4552602087715,-312.5224481018333,1.0,1.1404210908949608e-11
41,0,244.0,0.0,7987.822186356141,-312.5897405053281,1.0,3.494582401231128e-11
41,1,244.0,22.5,7987.603745702521,-312.5897423059222,1.0,3.405409287893235e-11
41,2,244.0,45.0,7987.338820941223,-312.5897438937245,1.0,3.502664824850399e-11
41,3,244.0,67.5,7987.068107876259,-312.5897447455761,1.0,3.533173753567098e-11
41,4,244.0,90.0,7986.833456636322,-312.58974423945307,1.0,3.4511504765077916e-11
41,5,244.0,112.5,7986.669781991487,-312.58974307671326,1.0,3.453459740399012e-11
41,6,244.0,135.0,7986.602384182525,-312.5897411398241,1.0,3.437783391291305e-11
41,7,244.0,157.5,7986.641597467247,-312.58973866743577,1.0,3.454747599107577e-11
41,8,244.0,180.0,7986.781242022724,-312.5897361991188,1.0,3.476285925785305e-11
41,9,244.0,202.5,7987.00020939835,-312.58973399381784,1.0,3.519984304034551e-11
41,10,244.0,225.0,7987.265135331565,-312.5897324089654,1.0,3.43782780021229e-11
41,11,244.0,247.5,7987.535309557944,-312.5897319767524,1.0,3.4355629452420544e-11
41,12,244.0,270.0,7987.770148198478,-312.5897323389776,1.0,3.4646951974082185e-11
41,13,244.0,292.5,7987.933813741113,-312.5897335065503,1.0,3.441069651444195e-11
41,14,244.0,315.0,7988.00129947205,-312.5897353717052,1.0,3.4209524102379874e-11
41,15,244.0,337.5,7987.96184969801,-312.5897380233147,1.0,3.412470306329851e-11
42,0,245.0,0.0,8563.617912463149,-312.65950583350366,1.0,5.707878614202855e-11
42,1,245.0,22.5,8563.40756115363,-312.6595086418384,1.0,5.737454955578869e-11
42,2,245.0,45.0,8563.14123266257,-312.65951131663115,1.0,5.6484150690039314e-11
42,3,245.0,67.5,8562.859953755582,-312.65951312096877,1.0,5.6909588153075674e-11
42,4,245.0,90.0,8562.606653948054,-312.65951370617523,1.0,5.679678949377376e-11
42,5,245.0,112.5,8562.419943344223,-312.65951295048154,1.0,5.6625815147981484e-11
42,6,245.0,135.0,8562.328188595773,-312.6595110090914,1.0,5.680611536718061e-11
42,7,245.0,157.5,8562.345354032832,-312.6595081815094,1.0,5.688294280048467e-11
42,8,245.0,180.0,8562.468822900097,-312.6595049012205,1.0,5.732347929665593e-11
42,9,245.0,202.5,8562.679939874122,-312.6595015708532,1.0,5.6564086747812325e-11
42,10,245.0,225.0,8562.946537090838,-312.65949871560696,1.0,5.6975313356133483e-11
42,11,245.0,247.5,8563.22762519825,-312.6594970447124,1.0,5.672129432809925e-11
42,12,245.0,270.0,8563.48036641643,-312.65949684259834,1.0,5.6709748008643146e-11
42,13,245.0,292.5,8563.667394844362,-312.65949737915366,1.0,5.735678598739469e-11
42,14,245.0,315.0,8563.75918454835,-312.6594992932398,1.0,5.7121418706174154e-11
42,15,245.0,337.5,8563.741961769916,-312.65950215705135,1.0,5.74296166178101e-11
43,0,246.0,0.0,9206.042127997678,-312.7317515926769,1.0,1.0909495529176638e-11
43,1,246.0,22.5,9205.840262073747,-312.7317557654544,1.0,1.1045386827390757e-11
43,2,246.0,45.0,9205.57327766101,-312.7317596672224,1.0,1.0530687433174535e-11
43,3,246.0,67.5,9205.281973321311,-312.7317626098593,1.0,1.0269562977782698e-11
43,4,246.0,90.0,9205.010834948795,-312.73176406072014,1.0,1.0817569062737675e-11
43,5,246.0,112.5,9204.801306082389,-312.73176369728526,1.0,1.0244249892821244e-11
43,6,246.0,135.0,9204.684868461041,-312.7317618308793,1.0,1.0626166613292298e-11
43,7,246.0,157.5,9204.679348605252,-312.7317586851121,1.0,1.1471268379636967e-11
43,8,246.0,180.0,9204.78613655319,-312.73175440244574,1.0,1.1297185409375743e-11
43,9,246.0,202.5,9204.988295410729,-312.7317500517073,1.0,1.0661249660870453e-11
43,10,246.0,225.0,9205.25545611101,-312.7317460448135,1.0,1.0802025940392923e-11
43,11,246.0,247.5,9205.546344599792,-312.7317433596426,1.0,1.0799361405133823e-11
43,12,246.0,270.0,9205.81715859622,-312.73174210859105,1.0,1.0744294343112415e-11
43,13,246.0,292.5,9206.027064772674,-312.7317422393834,1.0,1.0912604153645589e-11
43,14,246.0,315.0,9206.143612280814,-312.7317440354856,1.0,1.1031620061885405e-11
43,15,246.0,337.5,9206.148575409126,-312.7317475197261,1.0,1.049205167191758e-11
44,0,247.0,0.0,9915.484948312996,-312.806484320594,1.0,9.401812661735676e-12
44,1,247.0,22.5,9915.29221257016,-312.8064899695173,1.0,8.986589250525867e-12
44,2,247.0,45.0,9915.026112822032,-312.8064947647263,1.0,8.625544722917766e-12
44,3,247.0,67.5,9914.725110089263,-312.8064991113828,1.0,9.140244117133989e-12
44,4,247.0,90.0,9914.436980579982,-312.80650126620134,1.0,8.896883230136154e-12
44,5,247.0,112.5,9914.204461532388,-312.8065015259186,1.0,8.907097281962706e-12
44,6,247.0,135.0,9914.06307730241,-312.80649978159283,1.0,8.780087767945588e-12
44,7,247.0,157.5,9914.034539110344,-312.80649619593015,1.0,8.999023748401669e-12
44,8,247.0,180.0,9914.1233081059,-312.80649125082954,1.0,8.637979220793568e-12
44,9,247.0,202.5,9914.315611835264,-312.80648584232364,1.0,8.700595799382427e-12
44,10,247.0,225.0,9914.582512275283,-312.80648060612384,1.0,9.118039656641486e-12
44,11,247.0,247.5,9914.8825878297,-312.8064767755986,1.0,8.957723451885613e-12
44,12,247.0,270.0,9915.170846572588,-312.8064745501585,1.0,8.559375430650107e-12
44,13,247.0,292.5,9915.40362886141,-312.80647414352734,1.0,8.72857341960298e-12
44,14,247.0,315.0,9915.544838770971,-312.80647598185294,1.0,8.636202863954168e-12
44,15,247.0,337.5,9915.57307143912,-312.8064797342997,1.0,9.121148281110436e-12
45,0,248.0,0.0,10692.372942042344,-312.8837104266312,1.0,1.297895124707793e-11
45,1,248.0,22.5,10692.191811676763,-312.88371670352734,1.0,1.2943868199499775e-11
45,2,248.0,45.0,10691.926724757033,-312.8837228642012,1.0,1.2642775715221433e-11
45,3,248.0,67.5,10691.617944911533,-312.88372801733124,1.0,1.2776002478176451e-11
45,4,248.0,90.0,10691.312532019589,-312.8837313522377,1.0,1.2704504115390591e-11
45,5,248.0,112.5,10691.057503189633,-312.8837320981056,1.0,1.2650769320998734e-11
45,6,248.0,135.0,10690.891023391929,-312.8837304751947,1.0,1.2827960915728909e-11
45,7,248.0,157.5,10690.839178754197,-312.88372635702814,1.0,1.2540191107746068e-11
45,8,248.0,180.0,10690.908903681162,-312.8837208546948,1.0,1.2495782186761062e-11
45,9,248.0,202.5,10691.090605526679,-312.88371429022953,1.0,1.2753798017683948e-11
45,10,248.0,225.0,10691.35605592677,-312.88370794831957,1.0,1.2682743744107938e-11
45,11,248.0,247.5,10691.664651543562,-312.8837028904304,1.0,1.2739143073758896e-11
45,12,248.0,270.0,10691.96942856138,-312.8836998774587,1.0,1.3070433624307043e-11
45,13,248.0,292.5,10692.22477365421,-312.8836989710951,1.0,1.2563727835868121e-11
45,14,248.0,315.0,10692.39119421229,-312.88370062164034,1.0,1.2293277507069433e-11
45,15,248.0,337.5,10692.443374264425,-312.88370456828153,1.0,1.3011369759396985e-11
46,0,249.0,0.0,11537.173464939526,-312.96343423618777,1.0,2.6552982035354944e-11
46,1,249.0,22.5,11537.00460697413,-312.9634413343651,1.0,2.6190161150907443e-11
46,2,249.0,45.0,11536.741171494308,-312.96344898312896,1.0,2.6755486715046572e-11
46,3,249.0,67.5,11536.424760015581,-312.96345532576544,1.0,2.659117370740205e-11
46,4,249.0,90.0,11536.10333047984,-312.96345949457793,1.0,2.6507240846740387e-11
46,5,249.0,112.5,11535.826122244804,-312.9634607137919,1.0,2.6842084110967335e-11
46,6,249.0,135.0,11535.634552362102,-312.9634591613015,1.0,2.6608049097376352e-11
46,7,249.0,157.5,11535.557980709884,-312.9634549835635,1.0,2.703082202515361e-11
46,8,249.0,180.0,11535.608432879417,-312.96344864673875,1.0,2.702149615174676e-11
46,9,249.0,202.5,11535.778277367068,-312.9634410929155,1.0,2.6558311105873145e-11
46,10,249.0,225.0,11536.041324288064,-312.9634336258399,1.0,2.6935786934245698e-11
46,11,249.0,247.5,11536.357403720893,-312.96342743889204,1.0,2.6541879805108692e-11
46,12,249.0,270.0,11536.67859928944,-312.96342337939154,1.0,2.6560531551922395e-11
46,13,249.0,292.5,11536.956564643688,-312.9634218091416,1.0,2.652811303960334e-11
46,14,249.0,315.0,11537.148151423415,-312.963423351899,1.0,2.6344704195935265e-11
46,15,249.0,337.5,11537.224092781658,-312.9634278191806,1.0,2.6687096976729663e-11
47,0,250.0,0.0,12450.389154853223,-313.04566116580986,1.0,6.6773253593055415e-12
47,1,250.0,22.5,12450.232264164908,-313.04566964398515,1.0,6.8474115266781155e-12
47,2,250.0,45.0,12449.972854070451,-313.04567813638306,1.0,7.208011965076366e-12
47,3,250.0,67.5,12449.649134484896,-313.0456858968889,1.0,6.814993014359061e-12
47,4,250.0,90.0,12449.312656709546,-313.0456907763825,1.0,7.220002373742318e-12
47,5,250.0,112.5,12449.01278877981,-313.04569282410495,1.0,6.7910121970271575e-12
47,6,250.0,135.0,12448.79589240661,-313.0456914257475,1.0,6.898037696601023e-12
47,7,250.0,157.5,12448.694946671767,-313.0456868122394,1.0,7.0254912998279906e-12
47,8,250.0,180.0,12448.725167591247,-313.04567975122575,1.0,7.178257988016412e-12
47,9,250.0,202.5,12448.88199661512,-313.0456712999069,1.0,6.999734125656687e-12
47,10,250.0,225.0,12449.142063140944,-313.04566252923314,1.0,7.243983191074221e-12
47,11,250.0,247.5,12449.464499111324,-313.04565531809953,1.0,7.253753153690923e-12
47,12,250.0,270.0,12449.801333074667,-313.0456502876546,1.0,6.87672141452822e-12
47,13,250.0,292.5,12450.101376436047,-313.04564816467285,1.0,7.006839553014288e-12
47,14,250.0,315.0,12450.318250295253,-313.04564957084295,1.0,6.990852341459686e-12
47,15,250.0,337.5,12450.419007695367,-313.0456542627722,1.0,6.838529742481114e-12
48,0,251.0,0.0,13432.5594379348,-313.1303967728401,1.0,1.829025819688468e-11
48,1,251.0,22.5,13432.417063927356,-313.13040593430236,1.0,1.8143264668424308e-11
48,2,251.0,45.0,13432.161383093107,-313.13041582359335,1.0,1.7962076270805483e-11
48,3,251.0,67.5,13431.83288410345,-313.1304243172278,1.0,1.814681738210311e-11
48,4,251.0,90.0,13431.48045667468,-313.1304305646812,1.0,1.7994050693914687e-11
48,5,251.0,112.5,13431.159256077495,-313.13043302156484,1.0,1.7824408615751963e-11
48,6,251.0,135.0,13430.916518156626,-313.1304319712184,1.0,1.8038015525689843e-11
48,7,251.0,157.5,13430.790263061665,-313.1304271530239,1.0,1.751976341779482e-11
48,8,251.0,180.0,13430.799096999932,-313.1304195437969,1.0,1.765076973470059e-11
48,9,251.0,202.5,13430.942493908251,-313.13040997872093,1.0,1.7768897464520705e-11
48,10,251.0,225.0,13431.198131409938,-313.13040010807134,1.0,1.7776891070298007e-11
48,11,251.0,247.5,13431.526613447268,-313.130391622885,1.0,1.801092608388899e-11
48,12,251.0,270.0,13431.878331091875,-313.1303856567658,1.0,1.801714333282689e-11
48,13,251.0,292.5,13432.200187394912,-313.1303829404674,1.0,1.8396839607248694e-11
48,14,251.0,315.0,13432.442860708987,-313.1303840147679,1.0,1.8245405186689823e-11
48,15,251.0,337.5,13432.568632258999,-313.1303890222434,1.0,1.830757767606883e-11
49,0,252.0,0.0,14484.264979079007,-313.21764511540323,1.0,2.5503599232479246e-11
49,1,252.0,22.5,14484.136900501077,-313.2176554204946,1.0,2.553912636926725e-11
49,2,252.0,45.0,14483.886874266926,-313.21766633025925,1.0,2.5370816558734077e-11
49,3,252.0,67.5,14483.552512673934,-313.21767634946076,1.0,2.5281554627554215e-11
49,4,252.0,90.0,14483.186257717362,-313.21768338735194,1.0,2.5512036927466397e-11
49,5,252.0,112.5,14482.84307349816,-313.21768666424384,1.0,2.553557365558845e-11
49,6,252.0,135.0,14482.574722041978,-313.21768585934575,1.0,2.5287771876492116e-11
49,7,252.0,157.5,14482.42300586962,-313.21768074708757,1.0,2.5631496924916064e-11
49,8,252.0,180.0,14482.41034285141,-313.2176723557764,1.0,2.5341950760093823e-11
49,9,252.0,202.5,14482.538721934716,-313.2176619405886,1.0,2.5647040047260816e-11
49,10,252.0,225.0,14482.789142378993,-313.2176508873846,1.0,2.5210944443188055e-11
49,11,252.0,247.5,14483.122193999143,-313.21764135098357,1.0,2.5373925183203028e-11
49,12,252.0,270.0,14483.488068559273,-313.21763445375217,1.0,2.5369040201894677e-11
49,13,252.0,292.5,14483.831772935724,-313.2176309855184,1.0,2.5418778193397884e-11
49,14,252.0,315.0,14484.100141449779,-313.217631782732,1.0,2.5490720645393594e-11
49,15,252.0,337.5,14484.25193041177,-313.2176368666642,1.0,2.5202950837410754e-11
50,0,253.0,0.0,15606.119981175294,-313.30741194470846,1.0,9.319656157913414e-12
50,1,253.0,22.5,15606.00773751295,-313.30742315390955,1.0,9.348521956553668e-12
50,2,253.0,45.0,15605.764270012196,-313.30743513303804,1.0,9.198863892834197e-12
50,3,253.0,67.5,15605.425894526421,-313.30744631506326,1.0,9.336087458677866e-12
50,4,253.0,90.0,15605.046102957129,-313.3074543196177,1.0,9.01190233548732e-12
50,5,253.0,112.5,15604.681634618391,-313.3074582981907,1.0,9.330758388159666e-12
50,6,253.0,135.0,15604.387788037717,-313.3074577096154,1.0,5.617728504603292e-12
50,7,253.0,157.5,15604.209730578978,-313.3074524960194,1.0,5.828226790072222e-12
50,8,253.0,180.0,15604.173940463688,-313.3074436669721,1.0,5.723421736547607e-12
50,9,253.0,202.5,15604.287117099913,-313.3074321382503,1.0,5.679012815562601e-12
50,10,253.0,225.0,15604.530836697582,-313.30742007412,1.0,9.246381438288154e-12
50,11,253.0,247.5,15604.868140833352,-313.3074092607956,1.0,9.43511935247443e-12
50,12,253.0,270.0,15605.247307347629,-313.3074014714227,1.0,9.112266496913435e-12
50,13,253.0,292.5,15605.612573831633,-313.30739721902114,1.0,9.121148281110436e-12
50,14,253.0,315.0,15605.906656489675,-313.3073977252983,1.0,9.265921363521556e-12
50,15,253.0,337.5,15606.083890611808,-313.30740321960076,1.0,9.158451774737841e-12
51,0,254.0,0.0,16798.778470258614,-313.39970222516,1.0,1.2363887691435593e-11
51,1,254.0,22.5,16798.683798097398,-313.39971407548256,1.0,1.2608136756853128e-11
51,2,254.0,45.0,16798.447785541706,-313.3997271668538,1.0,1.248467995651481e-11
51,3,254.0,67.5,16798.107118491294,-313.39973926368225,1.0,1.2450485087356356e-11
51,4,254.0,90.0,16797.714193664684,-313.3997483529593,1.0,1.2490453116242861e-11
51,5,254.0,112.5,16797.328787365775,-313.39975306456216,1.0,1.262634441445698e-11
51,6,254.0,135.0,16797.0090370056,-313.399752853532,1.0,1.2461143228392757e-11
51,7,254.0,157.5,16796.804392533777,-313.3997475049224,1.0,1.2434941965011603e-11
51,8,254.0,180.0,16796.745527613464,-313.3997379878304,1.0,1.2559731032979471e-11
51,9,254.0,202.5,16796.841851942616,-313.39972560757,1.0,1.2453149622615456e-11
51,10,254.0,225.0,16797.078307395197,-313.399712375206,1.0,1.2601031329495527e-11
51,11,254.0,247.5,16797.418541517833,-313.3997004186344,1.0,1.2602807686334927e-11
51,12,254.0,270.0,16797.810886004765,-313.39969151638815,1.0,1.2545964267474119e-11
51,13,254.0,292.5,16798.196526332806,-313.3996867295772,1.0,1.2397194382174348e-11
51,14,254.0,315.0,16798.516354965104,-313.3996869144359,1.0,1.2461143228392757e-11
51,15,254.0,337.5,16798.720578030126,-313.39969239684893,1.0,1.2390533044026597e-11
52,0,255.0,0.0,18062.93547955191,-313.494520086922,1.0,5.1030291103870695e-12
52,1,255.0,22.5,18062.857940444792,-313.49453301353924,1.0,5.126121749299273e-12
52,2,255.0,45.0,18062.63087339175,-313.4945470735012,1.0,5.091038701721118e-12
52,3,255.0,67.5,18062.288405130214,-313.494560259301,1.0,5.136779890335674e-12
52,4,255.0,90.0,18061.88287653631,-313.4945705020066,1.0,5.10524955643632e-12
52,5,255.0,112.5,18061.476630211728,-313.49457606008275,1.0,5.10524955643632e-12
52,6,255.0,135.0,18061.13149628583,-313.4945760924976,1.0,5.200284647344233e-12
52,7,255.0,157.5,18060.899750614117,-313.4945706751714,1.0,5.130118552187923e-12
52,8,255.0,180.0,18060.816927320582,-313.49456055692934,1.0,5.03375119365046e-12
52,9,255.0,202.5,18060.89514951219,-313.49454742472784,1.0,5.022204874194358e-12
52,10,255.0,225.0,18061.123521070655,-313.49453297282724,1.0,5.2162718588988355e-12
52,11,255.0,247.5,18061.465483683372,-313.4945199405875,1.0,5.3441695513356535e-12
52,12,255.0,270.0,18061.870118215407,-313.4945099679765,1.0,5.121680857200772e-12
52,13,255.0,292.5,18062.276571741615,-313.4945043474128,1.0,5.014655357626907e-12
52,14,255.0,315.0,18062.622072491467,-313.4945042035366,1.0,5.277556169858144e-12
52,15,255.0,337.5,18062.853426746326,-313.4945097374868,1.0,5.149658477421326e-12
53,0,256.0,0.0,19399.31977501383,-313.5918712176962,1.0,5.579536832556187e-12
53,1,256.0,22.5,19399.261090368607,-313.59188496227773,1.0,5.548450587866682e-12
53,2,256.0,45.0,19399.042564629737,-313.59190040940734,1.0,5.687894599759602e-12
53,3,256.0,67.5,19398.698484160774,-313.5919149187276,1.0,5.516476164757478e-12
53,4,256.0,90.0,19398.28233181613,-313.59192596952295,1.0,5.512923451078677e-12
53,5,256.0,112.5,19397.85639852744,-313.59193218079474,1.0,5.556000104434133e-12
53,6,256.0,135.0,19397.485896628656,-313.59193250274444,1.0,5.6061821851471905e-12
53,7,256.0,157.5,19397.226404584395,-313.59192712096564,1.0,5.7482907322992105e-12
53,8,256.0,180.0,19397.118527573,-313.5919165432659,1.0,5.6341598053677444e-12
53,9,256.0,202.5,19397.178262990023,-313.59190250097276,1.0,5.482281295599023e-12
53,10,256.0,225.0,19397.397061697135,-313.5918869773715,1.0,5.498268507153625e-12
53,11,256.0,247.5,19397.739812314954,-313.5918728460645,1.0,5.60129720383884e-12
53,12,256.0,270.0,19398.1559914608,-313.5918617884866,1.0,5.720757201288507e-12
53,13,256.0,292.5,19398.582526607668,-313.5918554066578,1.0,5.524469770534779e-12
53,14,256.0,315.0,19398.953669007686,-313.591854902276,1.0,5.623945753541193e-12
53,15,256.0,337.5,19399.212116461124,-313.5918605789311,1.0,5.608402631196441e-12
54,0,257.0,0.0,20808.699191263597,-313.6917610960023,1.0,4.401812248033821e-12
54,1,257.0,22.5,20808.659014501518,-313.6917759910413,1.0,4.320099833421409e-12
54,2,257.0,45.0,20808.452121452174,-313.6917922382113,1.0,4.369837824924616e-12
54,3,257.0,67.5,20808.10811669316,-313.6918078697817,1.0,4.376055073862517e-12
54,4,257.0,90.0,20807.681313873658,-313.69181998674577,1.0,4.268141395868952e-12
54,5,257.0,112.5,20807.235337063463,-313.69182710571107,1.0,4.2801318045349035e-12
54,6,257.0,135.0,20806.838673395952,-313.69182798498775,1.0,4.221067939624845e-12
54,7,257.0,157.5,20806.551751343126,-313.69182248007075,1.0,4.304112621866807e-12
54,8,257.0,180.0,20806.41828922794,-313.6918114194797,1.0,4.340527937074512e-12
54,9,257.0,202.5,20806.458572902568,-313.6917964958585,1.0,4.368505557295066e-12
54,10,257.0,225.0,20806.667019718545,-313.6917798342225,1.0,4.32720526077901e-12
54,11,257.0,247.5,20807.009878721423,-313.69176450998054,1.0,4.233502437500647e-12
54,12,257.0,270.0,20807.436770361553,-313.69175237004185,1.0,4.3294257068282604e-12
54,13,257.0,292.5,20807.88268610173,-313.6917452673613,1.0,4.374722806232967e-12
54,14,257.0,315.0,20808.27932456114,-313.69174439405526,1.0,4.284572696633404e-12
54,15,257.0,337.5,20808.56551705354,-313.69175009279854,1.0,4.332090242087361e-12
55,0,258.0,0.0,22291.879400918406,-313.79419545357547,1.0,5.03463937207016e-12
55,1,258.0,22.5,22291.86076908479,-313.79421091705154,1.0,4.861000491018785e-12
55,2,258.0,45.0,22291.664647904723,-313.7942284704329,1.0,4.8765436133635376e-12
55,3,258.0,67.5,22291.32198936946,-313.7942451649482,1.0,4.9111825717318425e-12
55,4,258.0,90.0,22290.884876334076,-313.7942584799212,1.0,4.96713781217295e-12
55,5,258.0,112.5,22290.420064778093,-313.7942663352156,1.0,4.9542592250872985e-12
55,6,258.0,135.0,22289.99798006283,-313.7942676203241,1.0,4.96269692007445e-12
55,7,258.0,157.5,22289.683361944553,-313.79426201816364,1.0,4.9613646524448995e-12
55,8,258.0,180.0,22289.523263800857,-313.794250595128,1.0,4.902744876744691e-12
55,9,258.0,202.5,22289.543093217493,-313.79423482924614,1.0,4.936495656693296e-12
55,10,258.0,225.0,22289.73956089465,-313.7942171890579,1.0,4.988454094245753e-12
55,11,258.0,247.5,22290.081508448267,-313.7942006750995,1.0,4.870770453635487e-12
55,12,258.0,270.0,22290.517874256508,-313.7941875495692,1.0,4.937827924322846e-12
55,13,258.0,292.5,22290.983250047862,-313.7941795517769,1.0,4.89253082491814e-12
55,14,258.0,315.0,22291.405441214047,-313.7941782391061,1.0,4.9888981834556034e-12
55,15,258.0,337.5,22291.720179513006,-313.7941838098831,1.0,4.937383835112996e-12
56,0,259.0,0.0,23849.704811308464,-313.89918009408257,1.0,4.020783705982467e-12
56,1,259.0,22.5,23849.70737130218,-313.89919644108045,1.0,3.956390770554208e-12
56,2,259.0,45.0,23849.524961738065,-313.8992148174377,1.0,4.047873147783321e-12
56,3,259.0,67.5,23849.183647609774,-313.89923283301596,1.0,3.978595231046711e-12
56,4,259.0,90.0,23848.73807779359,-313.89924710260516,1.0,4.028333222549918e-12
56,5,259.0,112.5,23848.25490311498,-313.8992557364831,1.0,3.9817038555156614e-12
56,6,259.0,135.0,23847.807020973753,-313.89925757832196,1.0,3.957278948973908e-12
56,7,259.0,157.5,23847.46380381973,-313.899252064244,1.0,4.013678278624866e-12
56,8,259.0,180.0,23847.2769570527,-313.89924016455836,1.0,3.965272554751209e-12
56,9,259.0,202.5,23847.27579253912,-313.89922348396055,1.0,3.9541703245049575e-12
56,10,259.0,225.0,23847.459309439295,-313.8992048435388,1.0,3.907540957470701e-12
56,11,259.0,247.5,23847.79937161897,-313.89918712818434,1.0,4.005240583637715e-12
56,12,259.0,270.0,23848.24403346684,-313.8991730763421,1.0,4.079403481682675e-12
56,13,259.0,292.5,23848.72823771887,-313.8991641963932,1.0,3.9754866065777605e-12
56,14,259.0,315.0,23849.176155651956,-313.8991623453333,1.0,4.078959392472825e-12
56,15,259.0,337.5,23849.518562310484,-313.8991680521944,1.0,3.987032926033862e-12
57,0,260.0,0.0,25483.05847544277,-314.0067210034778,1.0,4.5137227289160364e-12
57,1,260.0,22.5,25483.08238881837,-314.00673837918384,1.0,4.475975146078781e-12
57,2,260.0,45.0,25482.91414766246,-314.00675773126665,1.0,4.552802579382842e-12
57,3,260.0,67.5,25482.5753771857,-314.0067770172593,1.0,4.426681243785424e-12
57,4,260.0,90.0,25482.122318795326,-314.00679224315354,1.0,4.491962357633383e-12
57,5,260.0,112.5,25481.620463695424,-314.006801880195,1.0,4.448885704277927e-12
57,6,260.0,135.0,25481.148444621456,-314.00680395582765,1.0,4.408917675391422e-12
57,7,260.0,157.5,25480.77618221607,-314.00679859385923,1.0,4.46975789714088e-12
57,8,260.0,180.0,25480.562260055194,-314.00678617795154,1.0,4.426237154575574e-12
57,9,260.0,202.5,25480.537817694247,-314.00676892206013,1.0,4.458655666894629e-12
57,10,260.0,225.0,25480.708077071118,-314.0067491131663,1.0,4.430678046674075e-12
57,11,260.0,247.5,25481.04484839808,-314.0067302811722,1.0,4.476863324498481e-12
57,12,260.0,270.0,25481.498256017454,-314.0067149767868,1.0,4.420908084057373e-12
57,13,260.0,292.5,25482.000209553426,-314.0067053174646,1.0,4.432898492723325e-12
57,14,260.0,315.0,25482.472880008667,-314.00670309361,1.0,4.460876112943879e-12
57,15,260.0,337.5,25482.843671154213,-314.0067087881342,1.0,4.455102953215828e-12
58,0,261.0,0.0,27192.85835477989,-314.11682521986745,1.0,3.954614413714808e-12
58,1,261.0,22.5,27192.90673448398,-314.1168431068534,1.0,3.998579245489964e-12
58,2,261.0,45.0,27192.75251347154,-314.116863694122,1.0,3.985256569194462e-12
58,3,261.0,67.5,27192.418971482934,-314.11688389015035,1.0,3.959055305813308e-12
58,4,261.0,90.0,27191.95738436969,-314.1169005131536,1.0,3.993250174971763e-12
58,5,261.0,112.5,27191.43930895339,-314.1169107558816,1.0,4.029665490179468e-12
58,6,261.0,135.0,27190.94129642163,-314.1169135584324,1.0,3.966160733170909e-12
58,7,261.0,157.5,27190.54027909682,-314.1169082544438,1.0,4.019451438352917e-12
58,8,261.0,180.0,27190.29796386174,-314.11689551052984,1.0,3.938627202160205e-12
58,9,261.0,202.5,27190.25035480722,-314.11687745765846,1.0,3.959943484233008e-12
58,10,261.0,225.0,27190.406031672774,-314.1168565576174,1.0,4.0394354527961696e-12
58,11,261.0,247.5,27190.738250085054,-314.1168366472478,1.0,3.97060162526941e-12
58,12,261.0,270.0,27191.198656866152,-314.1168202788929,1.0,3.97015753605956e-12
58,13,261.0,292.5,27191.718098152644,-314.1168097422998,1.0,3.948397164776907e-12
58,14,261.0,315.0,27192.215816504166,-314.11680700249633,1.0,4.013678278624866e-12
58,15,261.0,337.5,27192.616607656964,-314.1168123543023,1.0,3.958611216603458e-12
59,0,262.0,0.0,28980.06318272813,-314.22949949526554,1.0,3.7769787297747826e-12
59,1,262.0,22.5,28980.13624549714,-314.229518039008,1.0,3.7907454952801345e-12
59,2,262.0,45.0,28979.997362763625,-314.2295397814939,1.0,3.813394044982488e-12
59,3,262.0,67.5,28979.669628647087,-314.2295610135028,1.0,3.808064974464287e-12
59,4,262.0,90.0,28979.202205216734,-314.2295786523022,1.0,3.754330180072429e-12
59,5,262.0,112.5,28978.666912874087,-314.22958987753776,1.0,3.814726312612038e-12
59,6,262.0,135.0,28978.14389812771,-314.229593255781,1.0,3.800959547106686e-12
59,7,262.0,157.5,28977.714346272052,-314.2295879535029,1.0,3.752997912442879e-12
59,8,262.0,180.0,28977.44283820419,-314.22957494470177,1.0,3.743672039036028e-12
59,9,262.0,202.5,28977.371377952397,-314.2295560730157,1.0,3.753886090862579e-12
59,10,262.0,225.0,28977.51048560308,-314.2295342849949,1.0,3.75877107217093e-12
59,11,262.0,247.5,28977.837626041626,-314.22951317524337,1.0,3.838707129943941e-12
59,12,262.0,270.0,28978.304426953175,-314.22949566442685,1.0,3.802735903946086e-12
59,13,262.0,292.5,28978.841175126392,-314.22948414138415,1.0,3.788969138440734e-12
59,14,262.0,315.0,28979.36324111008,-314.229480956719,1.0,3.837374862314391e-12
59,15,262.0,337.5,28979.79211071927,-314.22948639783726,1.0,3.749001109554229e-12
60,0,263.0,0.0,30845.66950930025,-314.3447510504111,1.0,9.984013615849108e-12
60,1,263.0,22.5,30845.76756706558,-314.3447703525973,1.0,1.0040857034709916e-11
60,2,263.0,45.0,30845.646107861194,-314.34479303030184,1.0,1.007505190386837e-11
60,3,263.0,67.5,30845.323416008174,-314.3448156712265,1.0,1.0024425733945463e-11
60,4,263.0,90.0,30844.851188803183,-314.3448343276808,1.0,1.0033751607352315e-11
60,5,263.0,112.5,30844.2997989352,-314.3448464552432,1.0,1.007416372544867e-11
60,6,263.0,135.0,30843.75292521644,-314.34485025928916,1.0,1.0024425733945463e-11
60,7,263.0,157.5,30843.293919457486,-314.34484514221725,1.0,1.0013767592909062e-11
60,8,263.0,180.0,30842.992691086998,-314.34483187737015,1.0,1.0037748410240965e-11
60,9,263.0,202.5,30842.895783063326,-314.3448123511702,1.0,1.0012435325279512e-11
60,10,263.0,225.0,30843.01807512925,-314.34478951170576,1.0,1.0051959264956167e-11
60,11,263.0,247.5,30843.338803719857,-314.34476725393495,1.0,1.0062617405992569e-11
60,12,263.0,270.0,30843.81053008718,-314.34474869562376,1.0,1.0024425733945463e-11
60,13,263.0,292.5,30844.363131231083,-314.3447363321692,1.0,1.0014211682118912e-11
60,14,263.0,315.0,30844.910985340353,-314.3447323366888,1.0,1.0017764395797712e-11
60,15,263.0,337.5,30845.368426197216,-314.34473775782925,1.0,1.0024425733945463e-11
61,0,264.0,0.0,32790.70898828554,-314.4625880928396,1.0,3.126388037344441e-12
61,1,264.0,22.5,32790.83261046632,-314.4626081882813,1.0,3.113065361048939e-12
61,2,264.0,45.0,32790.72958950002,-314.46263180883767,1.0,3.1117330934193888e-12
61,3,264.0,67.5,32790.4157402208,-314.46265533411923,1.0,3.0948577034450864e-12
61,4,264.0,90.0,32789.93853328527,-314.4626752400342,1.0,3.100186773963287e-12
61,5,264.0,112.5,32789.371463933196,-314.46268833909704,1.0,3.136157999961142e-12
61,6,264.0,135.0,32788.80013479881,-314.46269277236655,1.0,3.1614710849225958e-12
61,7,264.0,157.5,32788.3117502394,-314.4626878232922,1.0,3.135269821541442e-12
61,8,264.0,180.0,32787.98052489844,-314.46267427102305,1.0,3.0833113839889847e-12
61,9,264.0,202.5,32787.85795993043,-314.4626539792514,1.0,3.1112890042095387e-12
61,10,264.0,225.0,32787.96189125095,-314.46263019014486,1.0,3.1015190415928373e-12
61,11,264.0,247.5,32788.27546391537,-314.46260671689777,1.0,3.155253835984695e-12
61,12,264.0,270.0,32788.75132853242,-314.46258706073723,1.0,3.0544455853487307e-12
61,13,264.0,292.5,32789.31927924746,-314.46257379809947,1.0,3.1370461783808423e-12
61,14,264.0,315.0,32789.891012064785,-314.4625692894287,1.0,3.1397107136399427e-12
61,15,264.0,337.5,32790.37836104682,-314.46257443007016,1.0,3.1246116805050406e-12
62,0,265.0,0.0,34816.253899170915,-314.5830187322289,1.0,1.467093113660667e-11
62,1,265.0,22.5,34816.40621925751,-314.583039191679,1.0,1.4706014184184824e-11
62,2,265.0,45.0,34816.3212974493,-314.5830640000332,1.0,1.4655388014261916e-11
62,3,265.0,67.5,34816.01533943258,-314.5830887999921,1.0,1.4627410394041362e-11
62,4,265.0,90.0,34815.535310621766,-314.58310974747747,1.0,1.4594103703302608e-11
62,5,265.0,112.5,34814.95372766438,-314.58312375311584,1.0,1.4634071732189113e-11
62,6,265.0,135.0,34814.358210048194,-314.58312884773335,1.0,1.4642953516386115e-11
62,7,265.0,157.5,34813.84025303685,-314.5831241083507,1.0,1.461319953932616e-11
62,8,265.0,180.0,34813.47906863623,-314.58311019323025,1.0,1.4626522215621662e-11
62,9,265.0,202.5,34813.32870660039,-314.5830893869991,1.0,1.4589218721994257e-11
62,10,265.0,225.0,34813.41375773292,-314.5830645561622,1.0,1.4586998275945007e-11
62,11,265.0,247.5,34813.718567125026,-314.5830399602801,1.0,1.4635848089028514e-11
62,12,265.0,270.0,34814.19766564819,-314.5830191780737,1.0,1.4625189947992112e-11
62,13,265.0,292.5,34814.78077345506,-314.5830049024607,1.0,1.4621637234313312e-11
62,14,265.0,315.0,34815.375971426845,-314.58299986401846,1.0,1.4571899242810105e-11
62,15,265.0,337.5,34815.89362890587,-314.5830046557732,1.0,1.461142318248676e-11
63,0,266.0,0.0,36923.41370456141,-314.7060517041292,1.0,8.846701149423097e-12
63,1,266.0,22.5,36923.59245680362,-314.7060730641005,1.0,8.86579698544665e-12
63,2,266.0,45.0,36923.53014803186,-314.7060984498228,1.0,8.844036614163997e-12
63,3,266.0,67.5,36923.233369295594,-314.70612448594204,1.0,8.870681966755e-12
63,4,266.0,90.0,36922.7508578746,-314.7061466073793,1.0,8.888889624358853e-12
63,5,266.0,112.5,36922.15493306053,-314.70616163880044,1.0,8.823164421301044e-12
63,6,266.0,135.0,36921.53643346878,-314.70616727237496,1.0,8.847589327842798e-12
63,7,266.0,157.5,36920.988846055276,-314.70616276456843,1.0,8.888001445939153e-12
63,8,266.0,180.0,36920.59630215136,-314.70614867221286,1.0,8.8662410746565e-12
63,9,266.0,202.5,36920.41849951732,-314.706127151605,1.0,8.8680174314959e-12
63,10,266.0,225.0,36920.48305729403,-314.70610138598977,1.0,8.886225089099753e-12
63,11,266.0,247.5,36920.7777057647,-314.7060757107528,1.0,8.8626883609777e-12
63,12,266.0,270.0,36921.25958258254,-314.7060536971087,1.0,8.875566948063351e-12
63,13,266.0,292.5,36921.85612106432,-314.70603856201944,1.0,8.848921595472348e-12
63,14,266.0,315.0,36922.475483954535,-314.70603278200883,1.0,8.858691558089049e-12
63,15,266.0,337.5,36923.021562242786,-314.70603754437155,1.0,8.885780999889903e-12
64,0,267.0,0.0,39113.335007484115,-314.831696359915,1.0,3.2440716779547074e-12
64,1,267.0,22.5,39113.543560613434,-314.83171817115414,1.0,3.2294167340296553e-12
64,2,267.0,45.0,39113.50154485997,-314.83174470682275,1.0,3.2001068461795512e-12
64,3,267.0,67.5,39113.2163058352,-314.83177177355896,1.0,3.2152058793144533e-12
64,4,267.0,90.0,39112.733220149865,-314.8317949352187,1.0,3.2001068461795512e-12
64,5,267.0,112.5,39112.12417544457,-314.8318109334305,1.0,3.2294167340296553e-12
64,6,267.0,135.0,39111.48178855559,-314.8318173495378,1.0,3.198330489340151e-12
64,7,267.0,157.5,39110.9042603859,-314.831813141623,1.0,3.240963053485757e-12
64,8,267.0,180.0,39110.48004787167,-314.83179886427234,1.0,3.213873611684903e-12
64,9,267.0,202.5,39110.27381731861,-314.8317766776016,1.0,3.233413536918306e-12
64,10,267.0,225.0,39110.31623824019,-314.831750076868,1.0,3.2014391138091014e-12
64,11,267.0,247.5,39110.600303010346,-314.8317232005079,1.0,3.2436275887448573e-12
64,12,267.0,270.0,39111.08347510197,-314.83170002538833,1.0,3.2072122735371522e-12
64,13,267.0,292.5,39111.69331583679,-314.83168389857553,1.0,3.2178704145735537e-12
64,14,267.0,315.0,39112.335571923555,-314.83167750318296,1.0,3.1930014188219502e-12
64,15,267.0,337.5,39112.91174089347,-314.8316819301351,1.0,3.2325253584986058e-12
65,0,268.0,0.0,41387.20144003504,-314.95996267118824,1.0,1.468913879421052e-11
65,1,268.0,22.5,41387.441087720064,-314.9599848581343,1.0,1.467226340423622e-11
65,2,268.0,45.0,41387.42040802387,-314.96001252117645,1.0,1.4697576489197672e-11
65,3,268.0,67.5,41387.14897390031,-314.9600404556329,1.0,1.468380972369232e-11
65,4,268.0,90.0,41386.66452505099,-314.9600649625621,1.0,1.467759247475442e-11
65,5,268.0,112.5,41386.04320119153,-314.9600819419775,1.0,1.4695800132358272e-11
65,6,268.0,135.0,41385.37806286499,-314.960089045463,1.0,1.4703793738135573e-11
65,7,268.0,157.5,41384.77226266086,-314.96008489928784,1.0,1.4707790541024224e-11
65,8,268.0,180.0,41384.31513445178,-314.9600705821687,1.0,1.468336563448247e-11
65,9,268.0,202.5,41384.07996949836,-314.9600477022029,1.0,1.4736212250454628e-11
65,10,268.0,225.0,41384.09983864776,-314.96002016486904,1.0,1.4718892771270475e-11
65,11,268.0,247.5,41384.37193216483,-314.9599921290821,1.0,1.469002697263022e-11
65,12,268.0,270.0,41384.854031335395,-314.9599679858485,1.0,1.4714451879171975e-11
65,13,268.0,292.5,41385.47653352116,-314.9599508243346,1.0,1.4708678719443924e-11
65,14,268.0,315.0,41386.14142596505,-314.95994375844856,1.0,1.4697576489197672e-11
65,15,268.0,337.5,41386.74830172551,-314.95994773774436,1.0,1.467004295818697e-11
66,0,269.0,0.0,43746.24124646555,-315.0908600924175,1.0,2.9545255131324666e-12
66,1,269.0,22.5,43746.50879068185,-315.09088324953666,1.0,2.9536373347127665e-12
66,2,269.0,45.0,43746.513234887636,-315.09091161154424,1.0,2.957190048391567e-12
66,3,269.0,67.5,43746.254103798376,-315.09094083073876,1.0,2.9598545836506673e-12
66,4,269.0,90.0,43745.771040886175,-315.0909664300337,1.0,2.9833913117727207e-12
66,5,269.0,112.5,43745.13811184945,-315.0909844346048,1.0,2.9820590441431705e-12
66,6,269.0,135.0,43744.450721791385,-315.09099224435306,1.0,2.992273095969722e-12
66,7,269.0,157.5,43743.81386895487,-315.09098861869614,1.0,2.97939450888407e-12
66,8,269.0,180.0,43743.325588651285,-315.09097394990863,1.0,2.9838354009825707e-12
66,9,269.0,202.5,43743.059172079375,-315.0909506259108,1.0,2.986944025451521e-12
66,10,269.0,225.0,43743.05574539448,-315.0909221137185,1.0,2.9984903449076228e-12
66,11,269.0,247.5,43743.313658035375,-315.09089307540745,1.0,2.9594104944408173e-12
66,12,269.0,270.0,43743.79580260771,-315.09086761243356,1.0,2.971844992316619e-12
66,13,269.0,292.5,43744.42954430158,-315.0908494876577,1.0,2.97850633046437e-12
66,14,269.0,315.0,43745.11776571665,-315.0908415545228,1.0,2.9829472225628706e-12
66,15,269.0,337.5,43745.7526374746,-315.09084547269174,1.0,2.9958258096485224e-12
67,0,270.0,0.0,46191.70899990344,-315.22440037698834,1.0,1.1580958414469933e-11
67,1,270.0,22.5,46192.007373254564,-315.22442415061414,1.0,1.1592504733926035e-11
67,2,270.0,45.0,46192.0364063936,-315.22445344741044,1.0,1.1592504733926035e-11
67,3,270.0,67.5,46191.792553692736,-315.22448368319186,1.0,1.1588063841827534e-11
67,4,270.0,90.0,46191.31170909431,-315.22451042905806,1.0,1.1575185254741882e-11
67,5,270.0,112.5,46190.66769942188,-315.224529524913,1.0,1.155564532950848e-11
67,6,270.0,135.0,46189.95880038788,-315.2245380307897,1.0,1.1516121389831824e-11
67,7,270.0,157.5,46189.292585905896,-315.2245347013678,1.0,1.1503686891956022e-11
67,8,270.0,180.0,46188.771141350386,-315.2245199500894,1.0,1.1516121389831824e-11
67,9,270.0,202.5,46188.4726135855,-315.2244961983089,1.0,1.148725559119157e-11
67,10,270.0,225.0,46188.44536712106,-315.2244666486878,1.0,1.1473488825686218e-11
67,11,270.0,247.5,46188.68860951682,-315.2244365000023,1.0,1.1495693286178721e-11
67,12,270.0,270.0,46189.16873224758,-315.22440985685654,1.0,1.1543210831632678e-11
67,13,270.0,292.5,46189.813183860846,-315.2243906984228,1.0,1.1536549493484927e-11
67,14,270.0,315.0,46190.5224287508,-315.22438214313644,1.0,1.1543210831632678e-11
67,15,270.0,337.5,46191.18765093031,-315.2243856125981,1.0,1.1570300273433531e-11
68,0,300.0,0.0,167573.3079598323,-320.5288152956364,1.0,2.6716406864579767e-12
68,1,300.0,22.5,167574.8312285829,-320.52884446458074,1.0,2.674749310926927e-12
68,2,300.0,45.0,167576.09021456292,-320.5288935365743,1.0,2.6716406864579767e-12
68,3,300.0,67.5,167576.89487347458,-320.52895496725426,1.0,2.6698643296185764e-12
68,4,300.0,90.0,167577.12534773935,-320.5290192844246,1.0,2.6711965972481266e-12
68,5,300.0,112.5,167576.74848190913,-320.5290766086378,1.0,2.6703084188284265e-12
68,6,300.0,135.0,167575.81474884224,-320.52911852518605,1.0,2.6707525080382766e-12
68,7,300.0,157.5,167574.4701963691,-320.5291384762438,1.0,2.668087972779176e-12
68,8,300.0,180.0,167572.92040655206,-320.52913338448093,1.0,2.666755705149626e-12
68,9,300.0,202.5,167571.40161681373,-320.5291040118904,1.0,2.668087972779176e-12
68,10,300.0,225.0,167570.14372565114,-320.52905489029786,1.0,2.667199794359476e-12
68,11,300.0,247.5,167569.33671897056,-320.5289935667116,1.0,2.6689761511988763e-12
68,12,300.0,270.0,167569.10381210083,-320.5289293608213,1.0,2.6694202404087264e-12
68,13,300.0,292.5,167569.4835606863,-320.5288719068473,1.0,2.6694202404087264e-12
68,14,300.0,315.0,167570.41790096913,-320.5288299627887,1.0,2.6703084188284265e-12
68,15,300.0,337.5,167571.76001680462,-320.52881012132457,1.0,2.672972954087527e-12
69,0,330.0,0.0,421162.58008568926,-328.30016568194463,1.0,3.1885605267234496e-13
69,1,330.0,22.5,421165.0880670715,-328.3001596467761,1.0,3.1885605267234496e-13
69,2,330.0,45.0,421168.07216810517,-328.3001948786161,1.0,3.184119634624949e-13
69,3,330.0,67.5,421171.0918492639,-328.30026575784206,1.0,3.1885605267234496e-13
69,4,330.0,90.0,421173.6757320397,-328.30036171123857,1.0,3.19300141882195e-13
69,5,330.0,112.5,421175.443924777,-328.30046787969474,1.0,3.184119634624949e-13
69,6,330.0,135.0,421176.11731767183,-328.300568284504,1.0,3.1885605267234496e-13
69,7,330.0,157.5,421175.5929959388,-328.30064764689865,1.0,3.19300141882195e-13
69,8,330.0,180.0,421173.9553253129,-328.300693799751,1.0,3.184119634624949e-13
69,9,330.0,202.5,421171.45603190374,-328.300699671867,1.0,3.1885605267234496e-13
69,10,330.0,225.0,421168.47123244364,-328.3006644510564,1.0,3.19300141882195e-13
69,11,330.0,247.5,421165.4564786632,-328.3005934785376,1.0,3.19300141882195e-13
69,12,330.0,270.0,421162.86214959825,-328.3004977195239,1.0,3.1885605267234496e-13
69,13,330.0,292.5,421161.0992540198,-328.300391453668,1.0,3.19300141882195e-13
69,14,330.0,315.0,421160.4284627456,-328.3002910023733,1.0,3.1885605267234496e-13
69,15,330.0,337.5,421160.94886055996,-328.3002117145622,1.0,3.1885605267234496e-13
