member_index,correction_type,curve_samples,previous_max_abs_z_km,max_abs_z_km,delta_max_abs_z_km,previous_rho_rad,rho_rad,delta_rho_rad,mapping_time_days,mapping_time_error_days,mean_jacobi,map_residual_max,curve_jacobi_span,amplitude_residual,phase_residual,one_map_sweep_jacobi_drift,jacobi_ten_return_span,phase_return_error,condition_number,validation_status,gate_1_residual,gate_2_jacobi,gate_3_phase,gate_4_rho_monotone,gate_5_amplitude,gate_6_mapping_time,gate_7_condition,strict_acceptance,passes_10500_gate,passes_11000_gate,failed_gates
12,FreeRotationCurveCorrection,45,10244.66587644695,10518.01666929729,273.3507928503459,1.444078232485744,1.444706351252292,0.0006281187665475585,14.74932760227518,1.77635683940025e-15,2.922274460464823,5.814869867617626e-09,5.065761143896452e-10,1.005168170920001e-12,1.301042606982605e-18,5.065770025680649e-10,3.552713678800501e-15,9.792286884458936e-10,45175299.35164392,validated extended CR3BP member,False,False,False,True,True,True,True,False,False,False,gate_1_residual; gate_2_jacobi; gate_3_phase
13,FixedRotationCurveCorrection,45,10518.01666929729,10579.08680557102,61.07013627372362,1.444706351252292,1.444863380943928,0.0001570296916368896,14.74932760227518,1.77635683940025e-15,2.922271805331482,3.754030877409331e-12,1.485700451553384e-11,0,-9.459663954936026e-18,1.485700451553384e-11,2.220446049250313e-15,4.563322302178076e-14,1266051267.367311,validated extended CR3BP member,True,True,True,True,True,True,False,False,False,False,gate_7_condition
14,FixedRotationCurveCorrection,45,10579.08680557102,10653.02797131745,73.94116574643704,1.444863380943928,1.445051816573893,0.0001884356299641787,14.74932760227518,1.77635683940025e-15,2.922268613710628,9.453732239490223e-09,2.797722054026508e-10,0,8.45873570907746e-18,2.797730935810705e-10,3.552713678800501e-15,5.06132154489987e-09,19284102.55082135,validated extended CR3BP member,False,False,False,True,True,True,True,False,False,False,gate_1_residual; gate_2_jacobi; gate_3_phase
15,FixedRotationCurveCorrection,45,10653.02797131745,10741.78368574114,88.75571442369073,1.445051816573893,1.44527793932985,0.0002261227559570145,14.74932760227518,1.77635683940025e-15,2.922264780085306,2.192199057156658e-09,6.324718526684592e-11,0,7.884659129075858e-18,6.324718526684592e-11,3.552713678800501e-15,9.414867254335256e-10,55375125.1349697,validated extended CR3BP member,False,True,False,True,True,True,True,False,False,False,gate_1_residual; gate_3_phase
16,FixedRotationCurveCorrection,45,10741.78368574114,10847.82952169572,106.0458359545719,1.44527793932985,1.445549286636998,0.0002713473071485062,14.74932760227518,1.77635683940025e-15,2.922260175498789,7.352164671658252e-10,2.523137254684116e-11,0,-5.194297200138988e-18,2.523181663605101e-11,3.108624468950438e-15,1.936915314536807e-10,128360656.3910667,validated extended CR3BP member,True,True,False,True,True,True,True,False,False,False,gate_3_phase
17,FixedRotationCurveCorrection,45,10847.82952169572,10969.67553863909,121.8460169433692,1.445549286636998,1.445863346020272,0.0003140593832737792,14.74932760227518,1.77635683940025e-15,2.922254840889363,6.349847815210779e-10,1.998756715693162e-11,0,4.007418752578502e-18,1.998845533535132e-11,3.108624468950438e-15,2.321779382468467e-11,246094826.5447212,validated extended CR3BP member,True,True,True,True,True,True,True,True,True,False,
18,FixedRotationCurveCorrection,45,10969.67553863909,11090.46056248965,120.7850238505689,1.445863346020272,1.446177405403546,0.0003140593832737792,14.74932760227518,1.77635683940025e-15,2.922249500793134,2.012706454806789e-10,6.843858812999315e-12,0,4.637928902690922e-18,6.844746991419015e-12,3.996802888650564e-15,5.617222984882931e-12,470972445.8153611,validated extended CR3BP member,True,True,True,True,True,True,True,True,True,True,
19,FixedRotationCurveCorrection,45,11090.46056248965,11210.15500667104,119.6944441813903,1.446177405403546,1.446491464786819,0.0003140593832737792,14.74932760227518,1.77635683940025e-15,2.922244155229538,4.401317269770654e-11,2.100986051800646e-12,0,2.237437530172234e-18,2.102318319430196e-12,3.108624468950438e-15,1.412300532006653e-12,640464689.1089808,validated extended CR3BP member,True,True,True,True,True,True,True,True,True,True,
20,FixedRotationCurveCorrection,45,11210.15500667104,11328.75956753762,118.604560866579,1.446491464786819,1.446805524170093,0.0003140593832737792,14.74932760227518,1.77635683940025e-15,2.922238804209182,1.014042165891181e-11,1.034727858950646e-12,0,-2.859794988167332e-19,1.035171948160496e-12,3.108624468950438e-15,1.095799260167664e-12,676111711.704335,validated extended CR3BP member,True,True,True,True,True,True,True,True,True,True,
21,FixedRotationCurveCorrection,45,11328.75956753762,11446.28707112277,117.5275035851428,1.446805524170093,1.447119583553367,0.0003140593832737792,14.74932760227518,1.77635683940025e-15,2.922233447744313,2.903793514697204e-12,7.527312106958561e-13,0,7.61514383317138e-18,7.536193891155563e-13,2.664535259100376e-15,9.891014810171007e-13,650012216.6530188,validated extended CR3BP member,True,True,True,True,True,True,True,True,True,True,
22,FixedRotationCurveCorrection,45,11446.28707112277,11562.75536761691,116.4682964941439,1.447119583553367,1.447433642936641,0.0003140593832737792,14.74932760227518,1.77635683940025e-15,2.922228085850657,1.440538503801373e-12,5.933031843596837e-13,0,-2.553063182142868e-18,5.950795411990839e-13,3.552713678800501e-15,3.983298396294743e-13,602636447.4306679,validated extended CR3BP member,True,True,True,True,True,True,True,True,True,True,
23,FixedRotationCurveCorrection,45,11562.75536761691,11678.18410211348,115.4287344965724,1.447433642936641,1.447747702319915,0.0003140593832737792,14.74932760227518,1.77635683940025e-15,2.922222718547379,9.804484139640091e-13,3.677058657558518e-13,0,-4.373548744029173e-18,3.681499549657019e-13,3.552713678800501e-15,1.314778117912391e-13,549239150.5026,validated extended CR3BP member,True,True,True,True,True,True,True,True,True,True,
24,FixedRotationCurveCorrection,45,11678.18410211348,11792.59312495219,114.4090228387067,1.447747702319915,1.448061761703188,0.0003140593832737792,14.74932760227518,1.77635683940025e-15,2.922217345856388,4.597768837126499e-13,8.602007994795713e-13,0,1.046530382156369e-17,8.606448886894214e-13,3.108624468950438e-15,1.705737285102989e-13,495310909.4171095,validated extended CR3BP member,True,True,True,True,True,True,True,True,True,True,
25,FixedRotationCurveCorrection,45,11792.59312495219,11906.00166460638,113.4085396541886,1.448061761703188,1.448375821086462,0.0003140593832737792,14.74932760227518,1.77635683940025e-15,2.922211967801659,5.563332109452805e-13,2.279954003370221e-12,0,-2.584615159428091e-18,2.281286270999772e-12,3.996802888650564e-15,2.402915030652968e-13,442980623.8724283,validated extended CR3BP member,True,True,True,True,True,True,True,True,True,True,
26,FixedRotationCurveCorrection,45,11906.00166460638,12018.42786867017,112.4262040637877,1.448375821086462,1.448689880469736,0.0003140593832737792,14.74932760227518,1.77635683940025e-15,2.922206584408748,5.524375253107128e-13,1.162181462177614e-12,0,1.322430188900776e-19,1.162181462177614e-12,3.552713678800501e-15,2.59510176865205e-13,393221073.6978787,validated extended CR3BP member,True,True,True,True,True,True,True,True,True,True,
27,FixedRotationCurveCorrection,45,12018.42786867017,12129.88849324627,111.4606245761061,1.448689880469736,1.44900393985301,0.0003140593832737792,14.74932760227518,1.77635683940025e-15,2.922201195704421,4.081678073047191e-13,1.003197525051291e-12,0,2.874300427389061e-18,1.003197525051291e-12,2.220446049250313e-15,1.074318712536916e-13,346566232.7715576,validated extended CR3BP member,True,True,True,True,True,True,True,True,True,True,
28,FixedRotationCurveCorrection,45,12129.88849324627,12240.39860996162,110.5101167153498,1.44900393985301,1.449317999236283,0.0003140593832737792,14.74932760227518,1.77635683940025e-15,2.922195801716405,5.077338246140728e-13,7.980283101005625e-13,0,-9.237953080992213e-19,7.993605777301127e-13,2.220446049250313e-15,1.393135396329246e-13,303296394.0520059,validated extended CR3BP member,True,True,True,True,True,True,True,True,True,True,
29,FixedRotationCurveCorrection,45,12240.39860996162,12349.97141614397,109.572806182352,1.449317999236283,1.449632058619557,0.0003140593832737792,14.74932760227518,1.77635683940025e-15,2.922190402473216,6.800968406318457e-13,1.079136779935652e-12,0,-1.281984365669384e-18,1.079580869145502e-12,4.440892098500626e-15,2.25562531493325e-13,263482127.0497997,validated extended CR3BP member,True,True,True,True,True,True,True,True,True,True,
30,FixedRotationCurveCorrection,45,12349.97141614397,12458.61803916099,108.6466230170172,1.449632058619557,1.449946118002831,0.0003140593832737792,14.74932760227518,1.77635683940025e-15,2.922184998004029,8.847626496041692e-13,6.004086117172847e-12,0,3.672734859294646e-18,6.005418384802397e-12,3.552713678800501e-15,2.124533126595467e-13,243914644.6791016,validated extended CR3BP member,True,True,True,True,True,True,True,True,True,True,
31,FixedRotationCurveCorrection,45,12458.61803916099,12566.3473364588,107.7292972978139,1.449946118002831,1.450260177386105,0.0003140593832737792,14.74932760227518,1.77635683940025e-15,2.92217958833858,1.570625369300268e-12,3.994582442601313e-12,0,2.562062907207445e-18,3.995026531811163e-12,3.996802888650564e-15,2.235802963171064e-13,316698731.0752599,validated extended CR3BP member,True,True,True,True,True,True,True,True,True,True,
32,FixedRotationCurveCorrection,45,12566.3473364588,12673.16546258815,106.8181261293412,1.450260177386105,1.450574236769379,0.0003140593832737792,14.74932760227518,1.77635683940025e-15,2.9221741735071,2.333302556696681e-12,4.448441615068077e-12,0,-9.235835498624077e-18,4.449773882697627e-12,3.552713678800501e-15,2.101692041569656e-13,164753308.4295157,validated extended CR3BP member,True,True,True,True,True,True,True,True,True,True,
33,FixedRotationCurveCorrection,45,12673.16546258815,12779.07577675412,105.9103141659725,1.450574236769379,1.450888296152652,0.0003140593832737792,14.74932760227518,1.77635683940025e-15,2.922168753540274,3.311346815246649e-12,3.084199562408685e-12,0,1.024465173880395e-17,3.085531830038235e-12,2.220446049250313e-15,3.551914760500288e-13,138476725.6928369,validated extended CR3BP member,True,True,True,True,True,True,True,True,True,True,
34,FixedRotationCurveCorrection,45,12779.07577675412,12884.0781379706,105.0023612164805,1.450888296152652,1.451202355535926,0.0003140593832737792,14.74932760227518,1.77635683940025e-15,2.922163328469193,4.159429466184896e-12,2.577049684759913e-12,0,-5.703919866810458e-18,2.577937863179613e-12,2.664535259100376e-15,3.990230085608757e-13,115283348.0466159,validated extended CR3BP member,True,True,True,True,True,True,True,True,True,True,
35,FixedRotationCurveCorrection,45,12884.0781379706,12988.16851828045,104.0903803098536,1.451202355535926,1.4515164149192,0.0003140593832737792,14.74932760227518,1.77635683940025e-15,2.922157898325334,5.672315502491447e-12,4.127809205556332e-12,0,-7.403703233713026e-18,4.128697383976032e-12,3.996802888650564e-15,4.965190751133138e-13,94992461.77932979,validated extended CR3BP member,True,True,True,True,True,True,True,True,True,True,
36,FixedRotationCurveCorrection,45,12988.16851828045,13091.33816345171,103.169645171256,1.4515164149192,1.451830474302474,0.0003140593832737792,14.74932760227518,1.77635683940025e-15,2.922152463140537,8.922947274058939e-12,8.502976100999149e-12,0,3.564102883809282e-18,8.504308368628699e-12,3.996802888650564e-15,6.710952778469585e-13,77408114.61458325,validated extended CR3BP member,True,True,True,True,True,True,True,True,True,True,
37,FixedRotationCurveCorrection,45,13091.33816345171,13193.57265586817,102.2344924164663,1.451830474302474,1.452144533685747,0.0003140593832737792,14.74932760227518,1.77635683940025e-15,2.922147022946991,1.361952545096828e-11,2.471489679578553e-11,0,-7.108724009831716e-19,2.471489679578553e-11,3.552713678800501e-15,9.645843745481575e-13,62320147.99099484,validated extended CR3BP member,True,True,True,True,True,True,True,True,True,True,
38,FixedRotationCurveCorrection,45,13193.57265586817,13294.85065746332,101.278001595143,1.452144533685747,1.452458593069021,0.0003140593832737792,14.74932760227518,1.77635683940025e-15,2.922141577777221,2.12072960357183e-11,1.386601944375343e-10,0,-1.435720845596039e-18,1.386601944375343e-10,2.220446049250313e-15,1.316795242189611e-12,49513324.04114068,validated extended CR3BP member,True,False,True,True,True,True,True,False,False,False,gate_2_jacobi
39,FixedRotationCurveCorrection,45,13294.85065746332,13395.14193064785,100.2912731845299,1.452458593069021,1.452772652452295,0.0003140593832737792,14.74932760227518,1.77635683940025e-15,2.92213612766407,3.421724490589558e-11,2.764588558079595e-11,0,7.900276299040859e-18,2.76472178484255e-11,2.664535259100376e-15,1.55980158693003e-12,38769167.42466936,validated extended CR3BP member,True,True,True,True,True,True,True,True,True,True,
40,FixedRotationCurveCorrection,45,13395.14193064785,13494.40530220624,99.26337155839246,1.452772652452295,1.453086711835569,0.0003140593832737792,14.74932760227518,1.77635683940025e-15,2.922130672640692,5.641034971328298e-11,2.076694372021848e-11,0,4.375772205515716e-18,2.076738780942833e-11,5.329070518200751e-15,2.311643192998042e-12,29869434.30014386,validated extended CR3BP member,True,True,True,True,True,True,True,True,True,True,
41,FixedRotationCurveCorrection,45,13494.40530220624,13592.58497282573,98.17967061949275,1.453086711835569,1.453400771218843,0.0003140593832737792,14.74932760227518,1.77635683940025e-15,2.922125212740528,9.758223709434515e-11,2.184208369726548e-11,0,1.043841052548837e-17,2.184252778647533e-11,2.220446049250313e-15,3.275336936747361e-12,22600368.45176423,validated extended CR3BP member,True,True,True,True,True,True,True,True,True,True,
42,FixedRotationCurveCorrection,45,13592.58497282573,13689.60588773216,97.0209149064267,1.453400771218843,1.453714830602116,0.0003140593832737792,14.74932760227518,1.77635683940025e-15,2.922119747997264,1.74744073365407e-10,2.853361991128622e-11,0,4.344431986467306e-18,2.853361991128622e-11,5.773159728050814e-15,4.852260361893214e-12,16755546.54100456,validated extended CR3BP member,True,True,True,True,True,True,True,True,True,True,
43,FixedRotationCurveCorrection,45,13689.60588773216,13785.36677110888,95.76088337672081,1.453714830602116,1.45402888998539,0.0003140593832737792,14.74932760227518,1.77635683940025e-15,2.922114278444724,3.269890619037022e-10,4.377120887966157e-11,0,1.086489161443091e-17,4.377298523650097e-11,2.664535259100376e-15,7.827921458326033e-12,12138119.29689573,validated extended CR3BP member,True,True,True,True,True,True,True,True,True,True,
44,FixedRotationCurveCorrection,45,13785.36677110888,13879.72976305561,94.3629919467312,1.45402888998539,1.454342949368664,0.0003140593832737792,14.74932760227518,1.77635683940025e-15,2.922108804116578,6.469474407020314e-10,7.759926035078024e-11,0,9.554531645028508e-18,7.760059261840979e-11,3.552713678800501e-15,1.472079271834246e-11,8562983.148015797,validated extended CR3BP member,True,True,True,True,True,True,True,True,True,True,
45,FixedRotationCurveCorrection,45,13879.72976305561,13972.50450034627,92.77473729065969,1.454342949368664,1.454657008751938,0.0003140593832737792,14.74932760227518,1.77635683940025e-15,2.922103325045576,1.376887936736555e-09,1.562119322784383e-10,0,3.799027471730262e-17,1.562123763676482e-10,3.108624468950438e-15,3.277896886492236e-11,5857862.701374876,validated extended CR3BP member,False,False,True,True,True,True,True,False,False,False,gate_1_residual; gate_2_jacobi
46,FixedRotationCurveCorrection,45,13972.50450034627,14027.88862307368,55.38412272741334,1.454657008751938,1.454847435952255,0.0001904272003176999,14.74932760227518,1.77635683940025e-15,2.922100000580228,9.526019496914189e-13,1.100275426324515e-11,0,5.688885031996695e-18,1.100275426324515e-11,3.552713678800501e-15,4.028225301215976e-14,167499085.6624853,validated extended CR3BP member,True,True,True,True,True,True,True,True,True,True,
47,FixedRotationCurveCorrection,45,14027.88862307368,14063.42276268404,35.53413961035403,1.454847435952255,1.454971068135211,0.0001236321829560794,14.74932760227518,1.77635683940025e-15,2.9220978412609,3.247089220500083e-09,3.560263195367952e-10,0,1.210511725580066e-16,3.560276518044247e-10,3.552713678800501e-15,8.339488182692891e-11,3865108.809102712,validated extended CR3BP member,False,False,True,True,True,True,True,False,False,False,gate_1_residual; gate_2_jacobi
48,FixedRotationCurveCorrection,45,14063.42276268404,14152.02926860208,88.60650591804551,1.454971068135211,1.455285127518485,0.0003140593832737792,14.74932760227518,1.77635683940025e-15,2.922092352830139,2.38572405148941e-09,2.72574407489401e-10,0,7.757635950723235e-17,2.725752956678207e-10,3.552713678800501e-15,6.85137864536565e-11,4254064.661235014,validated extended CR3BP member,False,False,True,True,True,True,True,False,False,False,gate_1_residual; gate_2_jacobi
49,FixedRotationCurveCorrection,45,14152.02926860208,14237.77654205222,85.74727345013889,1.455285127518485,1.455599186901759,0.0003140593832737792,14.74932760227518,1.77635683940025e-15,2.922086859779085,1.072624121689635e-12,1.24438237492086e-11,0,4.70950318673391e-19,1.24447119276283e-11,3.996802888650564e-15,6.801532790779457e-13,2372664794.23529,validated extended CR3BP member,True,True,True,True,True,True,False,False,False,False,gate_7_condition
50,FixedRotationCurveCorrection,45,14237.77654205222,14319.7292541397,81.95271208747727,1.455599186901759,1.455913246285033,0.0003140593832737792,14.74932760227518,1.77635683940025e-15,2.922081362110861,1.862741101516468e-11,1.358824164299222e-11,0,-8.012931681025681e-18,1.358868573220207e-11,3.552713678800501e-15,1.367348946226014e-11,524815500.7137008,validated extended CR3BP member,True,True,True,True,True,True,True,True,True,True,
51,FixedRotationCurveCorrection,45,14319.7292541397,14399.3532014652,79.6239473254991,1.455913246285033,1.456227305668307,0.0003140593832737792,14.74932760227518,1.77635683940025e-15,2.92207585987242,1.045547129009041e-09,5.095524002740603e-11,0,-1.788933584601082e-18,5.095568411661588e-11,2.664535259100376e-15,8.622738010645107e-10,41210577.49782827,validated extended CR3BP member,False,True,False,True,True,True,True,False,False,False,gate_1_residual; gate_3_phase
52,FixedRotationCurveCorrection,45,14399.3532014652,14473.85113758869,74.49793612349094,1.456227305668307,1.45654136505158,0.0003140593832737792,14.74932760227518,1.77635683940025e-15,2.922070353129883,1.07005654134908e-13,1.341327049431129e-11,0,-1.151964808265848e-18,1.341415867273099e-11,3.552713678800501e-15,6.52395971151566e-14,1782943506.273547,validated extended CR3BP member,True,True,True,True,True,True,False,False,False,False,gate_7_condition
53,FixedRotationCurveCorrection,45,14473.85113758869,14535.8282049552,61.97706736650798,1.45654136505158,1.456855424434854,0.0003140593832737792,14.74932760227518,1.77635683940025e-15,2.922064841833974,5.245278101741043e-09,2.439883850513525e-10,0,1.005326464437184e-16,2.439888291405623e-10,2.664535259100376e-15,5.142419359033502e-09,6612264.099828348,validated extended CR3BP member,False,False,False,True,True,True,True,False,False,False,gate_1_residual; gate_2_jacobi; gate_3_phase
54,FixedRotationCurveCorrection,45,14535.8282049552,14573.10318409037,37.27497913517436,1.456855424434854,1.457169483818128,0.0003140593832737792,14.74932760227518,1.77635683940025e-15,2.922059326198321,2.167879294940736e-10,2.430367018746438e-11,0,6.505213034913027e-18,2.430500245509393e-11,3.996802888650564e-15,7.748787386537029e-11,15848318.86265657,validated extended CR3BP member,True,True,True,True,True,True,True,True,True,True,
55,FixedRotationCurveCorrection,45,14573.10318409037,14551.85359080438,-21.24959328599653,1.457169483818128,1.457483543201402,0.0003140593832737792,14.74932760227518,1.77635683940025e-15,2.922053806101595,1.441816619661481e-12,1.154321083163268e-11,0,3.035766082959412e-18,1.154365492084253e-11,3.552713678800501e-15,3.383753113603798e-13,2209288931.260079,validated extended CR3BP member,True,True,True,True,False,True,False,False,False,False,gate_5_amplitude; gate_7_condition
56,FixedRotationCurveCorrection,45,14551.85359080438,14479.7447060373,-72.10888476707987,1.457483543201402,1.457640572893039,0.0001570296916368896,14.74932760227518,1.77635683940025e-15,2.922051044402891,4.332355697791107e-10,5.237277278524743e-11,0,1.723881454251952e-17,5.237410505287698e-11,3.108624468950438e-15,1.682124804817141e-10,12558582.82461385,validated extended CR3BP member,True,True,False,True,False,True,True,False,False,False,gate_3_phase; gate_5_amplitude
57,FixedRotationCurveCorrection,45,14479.7447060373,14376.72532043214,-103.0193856051555,1.457640572893039,1.457734790708021,9.421781498208937e-05,14.74932760227518,1.77635683940025e-15,2.922049386827432,3.80067875280363e-09,1.785460668202177e-10,0,1.140580685454751e-16,1.785469549986374e-10,3.552713678800501e-15,1.364255421584193e-09,7906128.13062014,validated extended CR3BP member,False,False,False,True,False,True,True,False,False,False,gate_1_residual; gate_2_jacobi; gate_3_phase; gate_5_amplitude
58,FixedRotationCurveCorrection,45,14376.72532043214,14258.53675186336,-118.1885685687757,1.457734790708021,1.45779132139701,5.653068898925362e-05,14.74932760227518,1.77635683940025e-15,2.922048392158978,5.83760497069321e-11,1.077049560649357e-11,0,2.927345865710862e-18,1.077093969570342e-11,3.552713678800501e-15,3.209354370126982e-11,33662918.8339087,validated extended CR3BP member,True,True,True,True,False,True,True,False,False,False,gate_5_amplitude
59,FixedRotationCurveCorrection,45,14258.53675186336,14139.07464411542,-119.462107747946,1.45779132139701,1.457825239810403,3.391841339350776e-05,14.74932760227518,1.77635683940025e-15,2.92204779526598,5.53088358644744e-13,5.760725230175012e-12,0,-2.059984127722458e-18,5.761613408594712e-12,2.664535259100376e-15,4.149950685442252e-13,4070060317.253318,validated extended CR3BP member,True,True,True,True,False,True,False,False,False,False,gate_5_amplitude; gate_7_condition
60,FixedRotationCurveCorrection,45,14139.07464411542,14029.29749483314,-109.7771492822758,1.457825239810403,1.45784559085844,2.035104803610466e-05,14.74932760227518,1.77635683940025e-15,2.922047437105301,6.564543245691262e-12,5.88817883340198e-12,0,9.432558900623889e-18,5.88951110103153e-12,2.220446049250313e-15,2.669714766858914e-12,92778251.67597148,validated extended CR3BP member,True,True,True,True,False,True,True,False,False,False,gate_5_amplitude
61,FixedRotationCurveCorrection,45,14029.29749483314,13935.56065438947,-93.73684044367656,1.45784559085844,1.457857801487261,1.221062882161839e-05,14.74932760227518,1.77635683940025e-15,2.922047222195778,3.014616952323632e-10,2.156319567347964e-11,0,1.431146867680866e-17,2.156363976268949e-11,3.108624468950438e-15,1.938308191324426e-10,14360765.77996106,validated extended CR3BP member,True,True,False,True,False,True,True,False,False,False,gate_3_phase; gate_5_amplitude
62,FixedRotationCurveCorrection,45,13935.56065438947,13777.80700855791,-157.7536458315572,1.457857801487261,1.457872454241847,1.46527545861197e-05,14.74932760227518,1.77635683940025e-15,2.922046964305607,1.50717602870821e-13,4.544808973605541e-12,0,-1.062518129035794e-17,4.544808973605541e-12,4.440892098500626e-15,1.157260647583851e-13,578939225.4439095,validated extended CR3BP member,True,True,True,True,False,True,True,False,False,False,gate_5_amplitude
63,FixedRotationCurveCorrection,45,13777.80700855791,13642.24639337391,-135.5606151840038,1.457872454241847,1.457881245894599,8.791652751583001e-06,14.74932760227518,1.77635683940025e-15,2.92204680956187,1.736357716385031e-10,1.188027454190888e-11,0,3.252606517456513e-18,1.188116272032858e-11,3.996802888650564e-15,6.936979468682981e-11,20632203.29339764,validated extended CR3BP member,True,True,True,True,False,True,True,False,False,False,gate_5_amplitude
64,FixedRotationCurveCorrection,45,13642.24639337391,13550.50878112833,-91.73761224557529,1.457881245894599,1.45788652088625,5.274991651038619e-06,14.74932760227518,1.77635683940025e-15,2.922046716717813,5.861487040417642e-14,3.75655062612168e-12,0,2.602085213965211e-18,3.75921516138078e-12,3.108624468950438e-15,1.455657958016929e-14,2016959856.104758,validated extended CR3BP member,True,True,True,True,False,True,False,False,False,False,gate_5_amplitude; gate_7_condition
65,FixedRotationCurveCorrection,45,13550.50878112833,13486.69125196786,-63.81752916047299,1.45788652088625,1.45788968588124,3.164994990534353e-06,14.74932760227518,1.77635683940025e-15,2.922046660995067,1.50211297815862e-09,4.584288504361211e-11,0,-7.589415207398531e-19,4.584377322203181e-11,3.996802888650564e-15,3.852373094005734e-11,81176588.93128933,validated extended CR3BP member,False,True,True,True,False,True,True,False,False,False,gate_1_residual; gate_5_amplitude
66,FixedRotationCurveCorrection,45,13486.69125196786,13410.87063933763,-75.82061263023206,1.45788968588124,1.457893483875229,3.797993988641224e-06,14.74932760227518,1.77635683940025e-15,2.922046594157554,1.128157714840445e-10,8.325784506268974e-12,0,1.734723475976807e-18,8.326228595478824e-12,3.108624468950438e-15,5.388107794808601e-11,45830404.1385313,validated extended CR3BP member,True,True,True,True,False,True,True,False,False,False,gate_5_amplitude
67,FixedRotationCurveCorrection,45,13410.87063933763,13379.57803761285,-31.29260172477188,1.457893483875229,1.457895762671622,2.278796393140325e-06,14.74932760227518,1.77635683940025e-15,2.922046554047906,2.732388405289348e-13,4.797495734010226e-12,0,-7.589415207398531e-18,4.799716180059477e-12,3.108624468950438e-15,7.136563843469699e-15,473610631.5351121,validated extended CR3BP member,True,True,True,True,False,True,True,False,False,False,gate_5_amplitude
68,FixedRotationCurveCorrection,45,13379.57803761285,13404.12772869574,24.54969108288424,1.457895762671622,1.457898497227294,2.734555671901617e-06,14.74932760227518,1.77635683940025e-15,2.922046505914717,8.692969725134689e-13,5.631495270108644e-12,0,1.257674520083185e-17,5.631939359318494e-12,3.108624468950438e-15,4.3046617224941e-14,353911695.8006912,validated extended CR3BP member,True,True,True,True,True,True,True,True,True,True,
