figure_id,category,issue,next_action
2.1,original_quality,现有裁图尺寸 559×585 px，需高分辨率复核,阶段 B 从原 PDF 以更高缩放重新提取
2.2,original_quality,现有裁图尺寸 775×230 px，需高分辨率复核,阶段 B 从原 PDF 以更高缩放重新提取
2.7,original_quality,现有裁图尺寸 472×410 px，需高分辨率复核,阶段 B 从原 PDF 以更高缩放重新提取
2.10,original_quality,现有裁图尺寸 903×200 px，需高分辨率复核,阶段 B 从原 PDF 以更高缩放重新提取
2.11,original_quality,现有裁图尺寸 515×404 px，需高分辨率复核,阶段 B 从原 PDF 以更高缩放重新提取
2.12,original_quality,现有裁图尺寸 569×292 px，需高分辨率复核,阶段 B 从原 PDF 以更高缩放重新提取
2.13,original_quality,现有裁图尺寸 515×480 px，需高分辨率复核,阶段 B 从原 PDF 以更高缩放重新提取
5.9,original_quality,现有裁图尺寸 472×500 px，需高分辨率复核,阶段 B 从原 PDF 以更高缩放重新提取
5.14,original_quality,现有裁图尺寸 589×964 px，需高分辨率复核,阶段 B 从原 PDF 以更高缩放重新提取
