"figure_id","current_grade","current_status","audit_class","evidence_basis","key_finding","likely_cause","minimal_fix","mentor_facing_action","comparison_asset"
"2.1","D","proxy","P3_SCHEMATIC_PROXY","declared_proxy+visual","概念几何与原图语义一致，但属于重绘示意图，不是数值复现。","有意采用示意几何。","保留 proxy 标签，并在图注写明非数值等价。","可作为方法示意，不计入论文图数值复现率。","reports/mccarthy2018_figure_comparison/assets/comparison/fig_2_1_comparison.png"
"2.2","D","proxy","P3_SCHEMATIC_PROXY","declared_proxy+visual","共线平动点示意关系基本一致。","有意采用示意几何。","保留 proxy 标签。","可作为示意图使用。","reports/mccarthy2018_figure_comparison/assets/comparison/fig_2_2_comparison.png"
"2.3","B","boundary","P2_ACCEPTABLE_BOUNDARY","visual+source","五个平动点的相对位置与原图一致，未见明显错误。","仅存在样式和标注位置差异。","无需优先修改；保留边界说明。","可展示，但不宣称像素级复现。","reports/mccarthy2018_figure_comparison/assets/comparison/fig_2_3_comparison.png"
"2.4","B","boundary","P2_ACCEPTABLE_BOUNDARY","visual+source","两组零速度曲线拓扑与禁行区关系基本一致。","视角、灰度与标注不同。","低优先级统一样式即可。","可展示。","reports/mccarthy2018_figure_comparison/assets/comparison/fig_2_4_comparison.png"
"2.5","D","proxy","P3_SCHEMATIC_PROXY","declared_proxy+visual","概念含义保留，但势面形状、视角和构图与原图差异较大。","有意采用代理势面。","明确标为概念重绘；若导师要求外观一致，再重做构图。","仅作示意，不能称为原图数值复现。","reports/mccarthy2018_figure_comparison/assets/comparison/fig_2_5_comparison.png"
"2.6","B","boundary","P2_ACCEPTABLE_BOUNDARY","visual+source","三组系统的零速度曲线及相对尺度关系基本一致。","主要是排版和线宽差异。","无需优先修改。","可展示。","reports/mccarthy2018_figure_comparison/assets/comparison/fig_2_6_comparison.png"
"2.7","B","boundary","P2_ACCEPTABLE_BOUNDARY","visual+source","面内和面外线性运动形状一致，未见拓扑错误。","视角和坐标轴比例略有差异。","低优先级调整视角。","可展示。","reports/mccarthy2018_figure_comparison/assets/comparison/fig_2_7_comparison.png"
"2.8","B","boundary","P2_ACCEPTABLE_BOUNDARY","visual+source","Lissajous 线性运动的三视图/展开关系基本一致。","样式和采样密度不同。","无需优先修改。","可展示。","reports/mccarthy2018_figure_comparison/assets/comparison/fig_2_8_comparison.png"
"2.9","D","proxy","P3_SCHEMATIC_PROXY","declared_proxy+visual","单点差分校正流程示意与原图一致。","有意示意化。","保留 proxy 标签。","可作为方法示意。","reports/mccarthy2018_figure_comparison/assets/comparison/fig_2_9_comparison.png"
"2.10","D","proxy","P3_SCHEMATIC_PROXY","declared_proxy+visual","多段射击弧段示意与原图语义一致。","有意示意化。","保留 proxy 标签。","可作为方法示意。","reports/mccarthy2018_figure_comparison/assets/comparison/fig_2_10_comparison.png"
"2.11","B","boundary","P2_ACCEPTABLE_BOUNDARY","visual+source","初值与校正解曲线关系基本一致。","数值来源和绘图范围与论文未做逐点锁定。","保留边界；低优先级做曲线数字化比较。","可展示。","reports/mccarthy2018_figure_comparison/assets/comparison/fig_2_11_comparison.png"
"2.12","D","proxy","P3_SCHEMATIC_PROXY","declared_proxy+visual","自然参数与伪弧长延拓示意关系一致。","有意示意化。","保留 proxy 标签。","可作为方法示意。","reports/mccarthy2018_figure_comparison/assets/comparison/fig_2_12_comparison.png"
"2.13","B","boundary","P2_ACCEPTABLE_BOUNDARY","visual+source","三类周期轨道族均出现，但 Lyapunov/halo/vertical 的范围和相对尺度与原图不完全一致。","使用项目自身延拓族而非论文原始节点。","若需升级，按论文坐标范围和代表成员做逐族锚点比较。","可带边界展示，不宜称严格等价。","reports/mccarthy2018_figure_comparison/assets/comparison/fig_2_13_comparison.png"
"2.14","B","boundary","P2_ACCEPTABLE_BOUNDARY","visual+source","稳定/不稳定流形的主要拓扑和方向与原图接近。","采样密度与投影视角不同。","低优先级统一相位采样和相机。","可展示。","reports/mccarthy2018_figure_comparison/assets/comparison/fig_2_14_comparison.png"
"2.15","A","accepted","P2_ACCEPTABLE_BOUNDARY","visual+source","稳定性指数曲线形状和数量级与原图一致，未见明显错误。","仅缺少论文逐点数据核对。","保留当前图；增加数字化点误差即可。","可展示。","reports/mccarthy2018_figure_comparison/assets/comparison/fig_2_15_comparison.png"
"3.1","D","proxy","P3_SCHEMATIC_PROXY","declared_proxy+visual","二维环面和两个角变量的概念关系一致。","有意使用几何代理。","保留 proxy 标签。","可作为方法示意。","reports/mccarthy2018_figure_comparison/assets/comparison/fig_3_1_comparison.png"
"3.2","D","proxy","P3_SCHEMATIC_PROXY","declared_proxy+visual","不变曲线、返回映射和旋转角示意一致。","有意使用几何代理。","保留 proxy 标签。","可作为方法示意。","reports/mccarthy2018_figure_comparison/assets/comparison/fig_3_2_comparison.png"
"3.3","C","diagnostic partial","P2_ACCEPTABLE_BOUNDARY","visual+diagnostic","七点离散曲线和旋转后的残差示意与原图非常接近，但证据层仍是诊断级。","图形复现较好，数值验收等级尚未提升。","保留 diagnostic 标签并补充对应残差定义。","可展示为诊断图。","reports/mccarthy2018_figure_comparison/assets/comparison/fig_3_3_comparison.png"
"3.4","D","proxy","P3_SCHEMATIC_PROXY","declared_proxy+visual","多段射击 patch curve 概念基本一致。","有意使用几何代理。","保留 proxy 标签。","可作为方法示意。","reports/mccarthy2018_figure_comparison/assets/comparison/fig_3_4_comparison.png"
"3.5","A","accepted","P0_OBVIOUS_MISMATCH","visual+measured+source","复现曲面出现明显暗缝、白缝和三角楔形遮挡；首个 12.03 d 成员 y/z 振幅为 33411.7/25062.1 km，而论文为 34466/28547 km。","曲面网格/相位重采样连接存在可视伪影，且早期分支锚点未达到论文振幅。","先做时相网格邻接与闭合诊断，再修复首锚点并重新渲染四个成员。","修复前从导师版中撤下或标为失败。","reports/mccarthy2018_figure_comparison/assets/comparison/fig_3_5_comparison.png"
"3.6","A","accepted","P0_OBVIOUS_MISMATCH","visual+measured+paper_text","早期分支的 z 振幅明显偏低；12.03 d 附近比论文低约 3485 km，A 级并不代表论文曲线等价。","分支拼接和首锚点偏差被残差/Jacobi 内部门槛掩盖。","数字化论文两条曲线，建立 mapping-time 点对点误差门槛，并重新校正早期分支。","修复前不得以 A 级向导师声称复现正确。","reports/mccarthy2018_figure_comparison/assets/comparison/fig_3_6_comparison.png"
"3.7","B","boundary","P0_OBVIOUS_MISMATCH","visual+source","后两个准垂直环面出现与原图不同的折叠、扁平瓣和拓扑外观。","当前延拓成员/曲面参数化未覆盖论文对应族形。","锁定论文四个 mapping time 的成员，检查曲面二维秩、闭合和投影后再渲染。","修复前标为明显不等价。","reports/mccarthy2018_figure_comparison/assets/comparison/fig_3_7_comparison.png"
"3.8","B","boundary","P2_ACCEPTABLE_BOUNDARY","visual+source","两条振幅趋势和振幅关系总体与原图一致。","端点和采样仍是项目内部族。","增加论文曲线数字化误差，保留边界。","可带边界展示。","reports/mccarthy2018_figure_comparison/assets/comparison/fig_3_8_comparison.png"
"3.9","C","diagnostic partial","P1_MATERIAL_PARTIAL","visual+source+metadata","准 halo 分支仅覆盖部分范围并用 proxy tail 延伸；脚本说明有 proxy tail，但登记表 uses_proxy=false。","真实延拓未覆盖论文完整低频率段，且元数据未同步。","先修正 proxy 元数据；延拓完整分支后再替换尾部。","只能作为部分结果展示。","reports/mccarthy2018_figure_comparison/assets/comparison/fig_3_9_comparison.png"
"3.10","C","diagnostic partial","P1_MATERIAL_PARTIAL","visual+closure_audit","q=2、q=3 可接受，q=8 单周期闭合失败且几何与原图有差异。","高不稳定 q=8 成员的单弧传播不闭合。","保留 q=2/q=3；将 q=8 单独标为 boundary，继续多重射击/稳定传播验证。","不能把三例整体称为通过。","reports/mccarthy2018_figure_comparison/assets/comparison/fig_3_10_comparison.png"
"3.11","C","diagnostic partial","P1_MATERIAL_PARTIAL","visual+diagnostic","Poincare 截面呈近理想同心环，缺少原图的岛结构和非线性形变。","当前截面是假设/诊断构造，未复现论文采样动力学。","用实际轨迹穿越事件生成截面并核对截面定义、方向和能量。","只可作为诊断，不可作为论文等价图。","reports/mccarthy2018_figure_comparison/assets/comparison/fig_3_11_comparison.png"
"3.12","A","accepted","P0_OBVIOUS_MISMATCH","visual+source","原图是带中心孔的环面，复现的 (b)-(d) 近似实心椭圆片/圆盘，二维拓扑明显错误。","time×phase 曲面连接、参数排序或重采样造成自交/填孔；当前验收只检查数值残差。","增加二维秩、环向闭合、邻接跳变和中心孔保持测试后重画。","修复前从导师版撤下。","reports/mccarthy2018_figure_comparison/assets/comparison/fig_3_12_comparison.png"
"3.13","A","accepted","P0_OBVIOUS_MISMATCH","visual+source","振幅曲线尤其 z 振幅高端与论文有明显偏差，当前终点约 86197 km，原图约 93000 km。","固定频率族未到达论文对应幅值，且内部残差门槛未约束论文曲线。","数字化论文曲线，延拓到同一 mapping time/JC，并建立端点与曲线误差门槛。","修复前不得按 A 级宣传等价。","reports/mccarthy2018_figure_comparison/assets/comparison/fig_3_13_comparison.png"
"3.14","A","accepted","P2_ACCEPTABLE_BOUNDARY","visual+source","四个准垂直成员的总体形状和族演化与原图接近。","仍缺论文逐点状态。","保留图，补充代表成员的幅值/JC/时间逐点比较。","可展示，建议把 A 解释为内部数值通过。","reports/mccarthy2018_figure_comparison/assets/comparison/fig_3_14_comparison.png"
"3.15","A","accepted","P2_ACCEPTABLE_BOUNDARY","visual+source","JC 和 mapping time 趋势与原图接近，未见明显反向或数量级错误。","缺少论文曲线数字化门槛。","低优先级补点对点误差。","可展示。","reports/mccarthy2018_figure_comparison/assets/comparison/fig_3_15_comparison.png"
"3.16","B","boundary","P0_OBVIOUS_MISMATCH","visual+source","原图四个平滑准 DRO 环面被画成绿色多边形/线框结构，几何尺度和族演化明显不同。","Route H 当前分支范围窄，且线框渲染放大了离散节点结构。","先核对四个 JC 锚点的完整二维曲面，再采用闭合平滑表面并匹配论文尺度。","修复前标为明显不等价。","reports/mccarthy2018_figure_comparison/assets/comparison/fig_3_16_comparison.png"
"3.17","C","diagnostic partial","P1_MATERIAL_PARTIAL","visual+source+metadata","真实 Route H 仅覆盖窄 rho/振幅范围，大部分论文趋势由 proxy 参考线提供；登记表 uses_proxy=false。","目标分支尚未延拓到论文范围，且元数据未同步。","先修正 proxy 标记；继续真实分支延拓并逐段替换参考线。","只能作为研究进度图。","reports/mccarthy2018_figure_comparison/assets/comparison/fig_3_17_comparison.png"
"4.1","B","boundary","P0_OBVIOUS_MISMATCH","measured+source+visual","左侧准 halo 曲面在固定 time_index 的相位跨度最大仅约 1.99e-8 nd（约 7.7 m），实质退化为单轨道；原图是有限厚度环面。","选中的 N=25 成员是近周期小振幅解，DG 谱通过但几何源失败。","保持 DG 谱证据，重新延拓有限振幅准 halo，并增加相位方向最小宽度/二维秩门槛。","面板 (a) 修复前不得称数值复现。","reports/mccarthy2018_figure_comparison/assets/comparison/fig_4_1_comparison.png"
"4.2","B","boundary","P1_MATERIAL_PARTIAL","visual+source","稳定性趋势接近，但分支尾端较论文短约 0.049 d，未覆盖完整范围。","可用源分支提前终止。","继续尾端延拓；在完成前保留显式覆盖边界。","可带边界展示。","reports/mccarthy2018_figure_comparison/assets/comparison/fig_4_2_comparison.png"
"4.3","B","boundary","P0_OBVIOUS_MISMATCH","frozen_holdout+visual","四个 +x 准 halo 不稳定流形投影与原图显著不同；冻结投影 holdout 为 0/4 通过。","状态空间源虽可接受，但论文投影、片层形状和相机等价未通过。","保持冻结 holdout，不调参越界；从源族/流形传播本身修复后重新做独立 holdout。","明确标为 paper_projection=fail。","reports/mccarthy2018_figure_comparison/assets/comparison/fig_4_3_comparison.png"
"4.4","B","boundary","P0_OBVIOUS_MISMATCH","frozen_holdout+visual","四个 -x 准 halo 不稳定流形投影与原图显著不同；冻结投影 holdout 为 0/4 通过。","状态空间源与论文投影片层不等价。","保持冻结 holdout；修复源族和流形传播后再测。","明确标为 paper_projection=fail。","reports/mccarthy2018_figure_comparison/assets/comparison/fig_4_4_comparison.png"
"4.5","B","boundary","P0_OBVIOUS_MISMATCH","frozen_holdout+visual","+x 准垂直流形的片层形状、卷曲与原图不一致；冻结投影门槛未通过。","源族/不稳定方向/传播片层与论文目标不等价。","从源级别修复，禁止仅调相机掩盖差异。","明确标为 paper_projection=fail。","reports/mccarthy2018_figure_comparison/assets/comparison/fig_4_5_comparison.png"
"4.6","B","boundary","P0_OBVIOUS_MISMATCH","frozen_holdout+visual","-x 准垂直流形的片层形状、卷曲与原图不一致；冻结投影门槛未通过。","源族/不稳定方向/传播片层与论文目标不等价。","从源级别修复，禁止仅调相机掩盖差异。","明确标为 paper_projection=fail。","reports/mccarthy2018_figure_comparison/assets/comparison/fig_4_6_comparison.png"
"4.7","B","boundary","P0_OBVIOUS_MISMATCH","visual+source","原图为致密、长距离的全局流形；复现仅有稀疏短弧，Earthward 覆盖和拓扑明显不足。","当前仅生成局部数值片层，传播时长/相位覆盖不足。","扩展全环相位采样和传播时长，建立全局包络/到达范围门槛。","修复前标为局部基线，非论文复现。","reports/mccarthy2018_figure_comparison/assets/comparison/fig_4_7_comparison.png"
"4.8","B","boundary","P0_OBVIOUS_MISMATCH","visual+source","原图为致密全局准垂直流形；复现是稀疏局部束，整体包络不同。","传播范围与相位覆盖不足。","扩展全局传播并核对正负不稳定方向和包络。","修复前标为局部基线。","reports/mccarthy2018_figure_comparison/assets/comparison/fig_4_8_comparison.png"
"5.1","B","boundary","P0_OBVIOUS_MISMATCH","paper_caption+code+measured","论文是同一条轨迹分别传播 325/1068/2182 天；脚本却在同一 60×60 表面上分别画 1/8/18 条相位曲线，未使用三个传播时长。表面第二维的中位跨度仅约为主方向的 1e-5。","实现目标理解错误，且存储表面近似秩一。","依据论文旋转角/映射时间算法生成一条轨迹的三个累计传播时段，并用真实二维 active-geometry 环面作背景。","当前图必须撤下。","reports/mccarthy2018_figure_comparison/assets/comparison/fig_5_1_comparison.png"
"5.2","D","proxy","P3_SCHEMATIC_PROXY","declared_proxy+visual","日月食几何关系表达清楚，属于示意图。","有意示意化。","保留 proxy 标签。","可作为概念图。","reports/mccarthy2018_figure_comparison/assets/comparison/fig_5_2_comparison.png"
"5.3","D","proxy","P3_SCHEMATIC_PROXY","declared_proxy+visual","地月航天器视线几何关系表达清楚，属于示意图。","有意示意化。","保留 proxy 标签。","可作为概念图。","reports/mccarthy2018_figure_comparison/assets/comparison/fig_5_3_comparison.png"
"5.4","D","proxy","P3_SCHEMATIC_PROXY","declared_proxy+visual","朔望周期几何语义一致，属于示意图。","有意示意化。","保留 proxy 标签。","可作为概念图。","reports/mccarthy2018_figure_comparison/assets/comparison/fig_5_4_comparison.png"
"5.5","B","boundary","P0_OBVIOUS_MISMATCH","code+metadata+visual","主图使用巨大的通用代理环面，真实校正准 DRO 只放在小插图；脚本 NOTES 明写 Proxy thesis-scale torus，但登记表 uses_proxy=false。","代理主场景与真实局部数值场景混合，证据元数据失真。","主图完全改用校正 Route H 准 DRO/周期 DRO/10 次返回轨迹，并将现有版本立即标 proxy。","当前图必须撤下或改名为概念示意。","reports/mccarthy2018_figure_comparison/assets/comparison/fig_5_5_comparison.png"
"5.6","B","boundary","P2_ACCEPTABLE_BOUNDARY","visual+source","四个相位轨迹的整体形状与原图相近，但不是论文相同历元/高保真模型。","采用项目 CR3BP/简化源层。","保留模型边界；若升级则使用论文历元和 ephemeris 校正。","可带边界展示。","reports/mccarthy2018_figure_comparison/assets/comparison/fig_5_6_comparison.png"
"5.7","B","boundary","P2_ACCEPTABLE_BOUNDARY","visual+source","四个插入历元轨迹的总体变化与原图接近。","历元和模型并非论文严格等价。","保留边界；后续做 ephemeris 对齐。","可带边界展示。","reports/mccarthy2018_figure_comparison/assets/comparison/fig_5_7_comparison.png"
"5.8","B","boundary","P1_MATERIAL_PARTIAL","visual+source","出发 halo/到达 Lyapunov 与转移弧的概念存在，但灰色边界面、弧束结构和到达拓扑与原图有实质差异。","当前项目转移解并非论文同一边界状态和逐点几何。","锁定论文出发/到达状态，分别验证初猜和校正转移的端点及几何。","只能作为项目基线展示。","reports/mccarthy2018_figure_comparison/assets/comparison/fig_5_8_comparison.png"
"5.9","B","boundary","P2_ACCEPTABLE_BOUNDARY","visual+source","两条 NRHO 及出发位置的几何关系与原图接近。","代表成员和相机不同。","低优先级匹配论文节点和视角。","可带边界展示。","reports/mccarthy2018_figure_comparison/assets/comparison/fig_5_9_comparison.png"
"5.10","B","boundary","P1_MATERIAL_PARTIAL","paper_gate+visual","两幅转移图外观接近，但项目 BCR4BP 数值验收为 2/2、论文等价门槛为 0/2，不能混为一谈。","采用项目选定历元/边界状态，缺少论文逐点几何。","保留 2/2 numerical 和 0/2 paper-equivalent 双标签，补论文状态/历元后再升级。","只能以项目数值扩展展示。","reports/mccarthy2018_figure_comparison/assets/comparison/fig_5_10_comparison.png"
"5.11","B","boundary","P2_ACCEPTABLE_BOUNDARY","visual+source","两条 NRHO 和两组转移方向与原图接近，未见明显拓扑错误。","仍是项目 CR3BP 边界状态。","保留模型边界并补论文端点对齐。","可带边界展示。","reports/mccarthy2018_figure_comparison/assets/comparison/fig_5_11_comparison.png"
"5.12","B","boundary","P0_OBVIOUS_MISMATCH","code+measured+visual","复现仅覆盖 -24 至 +11 h，纵向变化约 -6.0 至 34.8 m/s；原图覆盖约 -24 至 +24 h，左端达到约 220 m/s。","当前直接射击分支在 +11 h 折叠，尚未复现论文全局分支。","继续全局 continuation/高保真分支；不得用插值补齐。","当前图只能标为截断局部分支，不应称原图复现。","reports/mccarthy2018_figure_comparison/assets/comparison/fig_5_12_comparison.png"
"5.13","B","boundary","P0_OBVIOUS_MISMATCH","code+measured+provenance","绘图脚本读取旧 lissajous 扫描，第二相位方向平均标准差仅 1.47 km，而第一相位方向为 146580 km，比例约 1e-5，导致竖条纹；审计表却引用 active-geometry 扫描。","renderer 与 accepted evidence 脱节，旧源的第二相位几乎不起作用。","改为读取 active-geometry 二相位扫描（其两方向变异比约 1.03），重绘并重新绑定审计证据。","当前图必须撤下，现有通过状态无效。","reports/mccarthy2018_figure_comparison/assets/comparison/fig_5_13_comparison.png"
"5.14","B","boundary","P0_OBVIOUS_MISMATCH","code+provenance+visual","绘图脚本仍读取旧 60×60 退化环面和旧 lissajous LEO transfer，审计表却引用 active_geometry_leo_transfer；转移与到达环面拓扑和原图明显不同。","renderer 与当前验收源文件不一致。","让脚本直接读取 active-geometry 环面 checkpoint/导出和 active_geometry_leo_transfer.csv，重画后重新做几何比较。","当前图必须撤下，现有证据链不成立。","reports/mccarthy2018_figure_comparison/assets/comparison/fig_5_14_comparison.png"
