schema_version,anchor_id,figure_id,panel_id,panel_role,anchor_type,anchor_name,x_nd,y_nd,z_nd,observed_full_x_px,observed_full_y_px,panel_rect_x0,panel_rect_y0,panel_rect_x1,panel_rect_y1,observed_normalized_u,observed_normalized_v,predicted_normalized_u,predicted_normalized_v,error_px_on_512_grid,measurement_uncertainty_reference_px,measurement_uncertainty_u_on_512_grid,measurement_uncertainty_v_on_512_grid,used_for_fit,visibility,measurement_method,paper_source,paper_source_sha256,protocol_sha256,raw_anchor_digest,camera_config_sha256,evidence_npz_sha256
chapter4_static_camera_calibration_v1,4.3_a_axis_A,4.3,a,train,axis_corner,A,0.8,-0.15,-0.1,85.32,214.41,21.036,20.113,419.33,344.12,0.161398364022556,0.599669142950615,0.163328632536508,0.596717938000048,1.80552044690797,0.5,0.642741291608711,0.790106386590413,true,visible,manual_pdf_native_raster_axis_marker_center,outputs/reference_pages/fig_4_3_reference.png,DDD9E4B1EF0B3B8D456BBF1AEBA66AB1E8A672D8907FFF22B3329269536158EE,6D2FD58CFCA4E74CC533B757E852D7AC772D036E0E385C30A1057EB9861D01C1,73FF6C231F495398F396B3074A9ACBDD3161FD645A70B840B7DF9BE6B002A081,7FE3D12CF319A3CBD60B540FFDAD005B5C7B51C8B5F3A2D924B7CFECBC26DFA0,D0A16AF2EDC36B22EBEE15195CBDED051354E08A291B8ED2F66CB25359B5DF59
chapter4_static_camera_calibration_v1,4.3_a_axis_B,4.3,a,train,axis_corner,B,1.18,-0.15,-0.1,261.24,316.03,21.036,20.113,419.33,344.12,0.603082145349917,0.913304342190138,0.605407193308649,0.914625171899914,1.36910361769466,0.5,0.642741291608711,0.790106386590413,true,visible,manual_pdf_native_raster_axis_marker_center,outputs/reference_pages/fig_4_3_reference.png,DDD9E4B1EF0B3B8D456BBF1AEBA66AB1E8A672D8907FFF22B3329269536158EE,6D2FD58CFCA4E74CC533B757E852D7AC772D036E0E385C30A1057EB9861D01C1,73FF6C231F495398F396B3074A9ACBDD3161FD645A70B840B7DF9BE6B002A081,7FE3D12CF319A3CBD60B540FFDAD005B5C7B51C8B5F3A2D924B7CFECBC26DFA0,D0A16AF2EDC36B22EBEE15195CBDED051354E08A291B8ED2F66CB25359B5DF59
chapter4_static_camera_calibration_v1,4.3_a_axis_C,4.3,a,train,axis_corner,C,1.18,0.15,-0.1,399.33,236.99,21.036,20.113,419.33,344.12,0.949785836593069,0.669358995330348,0.950840972467809,0.670897523876687,0.955176008450866,1.5,1.92822387482613,2.37031915977124,true,visible,manual_pdf_native_raster_axis_marker_center,outputs/reference_pages/fig_4_3_reference.png,DDD9E4B1EF0B3B8D456BBF1AEBA66AB1E8A672D8907FFF22B3329269536158EE,6D2FD58CFCA4E74CC533B757E852D7AC772D036E0E385C30A1057EB9861D01C1,73FF6C231F495398F396B3074A9ACBDD3161FD645A70B840B7DF9BE6B002A081,7FE3D12CF319A3CBD60B540FFDAD005B5C7B51C8B5F3A2D924B7CFECBC26DFA0,D0A16AF2EDC36B22EBEE15195CBDED051354E08A291B8ED2F66CB25359B5DF59
chapter4_static_camera_calibration_v1,4.3_a_axis_D,4.3,a,train,axis_corner,D,0.8,-0.15,0.1,85.32,106.32,21.036,20.113,419.33,344.12,0.161398364022556,0.266065239331249,0.160944891920435,0.266913242528494,0.492358317083621,0.5,0.642741291608711,0.790106386590413,true,visible,manual_pdf_native_raster_axis_marker_center,outputs/reference_pages/fig_4_3_reference.png,DDD9E4B1EF0B3B8D456BBF1AEBA66AB1E8A672D8907FFF22B3329269536158EE,6D2FD58CFCA4E74CC533B757E852D7AC772D036E0E385C30A1057EB9861D01C1,73FF6C231F495398F396B3074A9ACBDD3161FD645A70B840B7DF9BE6B002A081,7FE3D12CF319A3CBD60B540FFDAD005B5C7B51C8B5F3A2D924B7CFECBC26DFA0,D0A16AF2EDC36B22EBEE15195CBDED051354E08A291B8ED2F66CB25359B5DF59
chapter4_static_camera_calibration_v1,4.3_a_L1,4.3,a,train,physical_marker,L1,0.836915125772357,0,0,171.98,131.31,21.036,20.113,419.33,344.12,0.378976334064786,0.343193202615993,0.37779940357691,0.340834886050962,1.34946945489812,0.5,0.642741291608711,0.790106386590413,false,visible_unoccluded,manual_pdf_native_raster_axis_marker_center,outputs/reference_pages/fig_4_3_reference.png,DDD9E4B1EF0B3B8D456BBF1AEBA66AB1E8A672D8907FFF22B3329269536158EE,6D2FD58CFCA4E74CC533B757E852D7AC772D036E0E385C30A1057EB9861D01C1,73FF6C231F495398F396B3074A9ACBDD3161FD645A70B840B7DF9BE6B002A081,7FE3D12CF319A3CBD60B540FFDAD005B5C7B51C8B5F3A2D924B7CFECBC26DFA0,D0A16AF2EDC36B22EBEE15195CBDED051354E08A291B8ED2F66CB25359B5DF59
chapter4_static_camera_calibration_v1,4.3_a_L2,4.3,a,train,physical_marker,L2,1.15568216544489,0,0,319.71,215.83,21.036,20.113,419.33,344.12,0.749883252070079,0.604051764313734,0.748641703892772,0.607514748789759,1.8835549190339,0.5,0.642741291608711,0.790106386590413,false,visible_unoccluded,manual_pdf_native_raster_axis_marker_center,outputs/reference_pages/fig_4_3_reference.png,DDD9E4B1EF0B3B8D456BBF1AEBA66AB1E8A672D8907FFF22B3329269536158EE,6D2FD58CFCA4E74CC533B757E852D7AC772D036E0E385C30A1057EB9861D01C1,73FF6C231F495398F396B3074A9ACBDD3161FD645A70B840B7DF9BE6B002A081,7FE3D12CF319A3CBD60B540FFDAD005B5C7B51C8B5F3A2D924B7CFECBC26DFA0,D0A16AF2EDC36B22EBEE15195CBDED051354E08A291B8ED2F66CB25359B5DF59
chapter4_static_camera_calibration_v1,4.3_a_Moon,4.3,a,train,physical_marker,Moon,0.987849414390376,0,0,241.67,171.18,21.036,20.113,419.33,344.12,0.553947586456236,0.466246099621304,0.553391016954333,0.467106207617274,0.524532786650082,0.5,0.642741291608711,0.790106386590413,false,visible_unoccluded,manual_pdf_native_raster_axis_marker_center,outputs/reference_pages/fig_4_3_reference.png,DDD9E4B1EF0B3B8D456BBF1AEBA66AB1E8A672D8907FFF22B3329269536158EE,6D2FD58CFCA4E74CC533B757E852D7AC772D036E0E385C30A1057EB9861D01C1,73FF6C231F495398F396B3074A9ACBDD3161FD645A70B840B7DF9BE6B002A081,7FE3D12CF319A3CBD60B540FFDAD005B5C7B51C8B5F3A2D924B7CFECBC26DFA0,D0A16AF2EDC36B22EBEE15195CBDED051354E08A291B8ED2F66CB25359B5DF59
chapter4_static_camera_calibration_v1,4.3_b_axis_A,4.3,b,train,axis_corner,A,0.8,-0.15,-0.1,506.39,213.26,441.53,20.113,840.967,344.12,0.162378547806037,0.596119836917104,0.163328632536508,0.596717938000048,0.574806577466775,0.5,0.640902069663051,0.790106386590413,true,visible,manual_pdf_native_raster_axis_marker_center,outputs/reference_pages/fig_4_3_reference.png,DDD9E4B1EF0B3B8D456BBF1AEBA66AB1E8A672D8907FFF22B3329269536158EE,6D2FD58CFCA4E74CC533B757E852D7AC772D036E0E385C30A1057EB9861D01C1,73FF6C231F495398F396B3074A9ACBDD3161FD645A70B840B7DF9BE6B002A081,7FE3D12CF319A3CBD60B540FFDAD005B5C7B51C8B5F3A2D924B7CFECBC26DFA0,D0A16AF2EDC36B22EBEE15195CBDED051354E08A291B8ED2F66CB25359B5DF59
chapter4_static_camera_calibration_v1,4.3_b_axis_B,4.3,b,train,axis_corner,B,1.18,-0.15,-0.1,685.18,316.29,441.53,20.113,840.967,344.12,0.609983551849228,0.914106793989019,0.605407193308649,0.914625171899914,2.35807952807909,0.5,0.640902069663051,0.790106386590413,true,visible,manual_pdf_native_raster_axis_marker_center,outputs/reference_pages/fig_4_3_reference.png,DDD9E4B1EF0B3B8D456BBF1AEBA66AB1E8A672D8907FFF22B3329269536158EE,6D2FD58CFCA4E74CC533B757E852D7AC772D036E0E385C30A1057EB9861D01C1,73FF6C231F495398F396B3074A9ACBDD3161FD645A70B840B7DF9BE6B002A081,7FE3D12CF319A3CBD60B540FFDAD005B5C7B51C8B5F3A2D924B7CFECBC26DFA0,D0A16AF2EDC36B22EBEE15195CBDED051354E08A291B8ED2F66CB25359B5DF59
chapter4_static_camera_calibration_v1,4.3_b_axis_C,4.3,b,train,axis_corner,C,1.18,0.15,-0.1,821.25,238.32,441.53,20.113,840.967,344.12,0.950638023017397,0.673463844916931,0.950840972467809,0.670897523876687,1.31805867162958,1.5,1.92270620898915,2.37031915977124,true,visible,manual_pdf_native_raster_axis_marker_center,outputs/reference_pages/fig_4_3_reference.png,DDD9E4B1EF0B3B8D456BBF1AEBA66AB1E8A672D8907FFF22B3329269536158EE,6D2FD58CFCA4E74CC533B757E852D7AC772D036E0E385C30A1057EB9861D01C1,73FF6C231F495398F396B3074A9ACBDD3161FD645A70B840B7DF9BE6B002A081,7FE3D12CF319A3CBD60B540FFDAD005B5C7B51C8B5F3A2D924B7CFECBC26DFA0,D0A16AF2EDC36B22EBEE15195CBDED051354E08A291B8ED2F66CB25359B5DF59
chapter4_static_camera_calibration_v1,4.3_b_axis_D,4.3,b,train,axis_corner,D,0.8,-0.15,0.1,506.39,106.37,441.53,20.113,840.967,344.12,0.162378547806037,0.26621955698488,0.160944891920435,0.266913242528494,0.815442395162111,0.5,0.640902069663051,0.790106386590413,true,visible,manual_pdf_native_raster_axis_marker_center,outputs/reference_pages/fig_4_3_reference.png,DDD9E4B1EF0B3B8D456BBF1AEBA66AB1E8A672D8907FFF22B3329269536158EE,6D2FD58CFCA4E74CC533B757E852D7AC772D036E0E385C30A1057EB9861D01C1,73FF6C231F495398F396B3074A9ACBDD3161FD645A70B840B7DF9BE6B002A081,7FE3D12CF319A3CBD60B540FFDAD005B5C7B51C8B5F3A2D924B7CFECBC26DFA0,D0A16AF2EDC36B22EBEE15195CBDED051354E08A291B8ED2F66CB25359B5DF59
chapter4_static_camera_calibration_v1,4.3_b_L2,4.3,b,train,physical_marker,L2,1.15568216544489,0,0,744.96,214.69,441.53,20.113,840.967,344.12,0.759644199210389,0.600533321810949,0.748641703892772,0.607514748789759,6.67164145407103,0.5,0.640902069663051,0.790106386590413,false,visible_unoccluded,manual_pdf_native_raster_axis_marker_center,outputs/reference_pages/fig_4_3_reference.png,DDD9E4B1EF0B3B8D456BBF1AEBA66AB1E8A672D8907FFF22B3329269536158EE,6D2FD58CFCA4E74CC533B757E852D7AC772D036E0E385C30A1057EB9861D01C1,73FF6C231F495398F396B3074A9ACBDD3161FD645A70B840B7DF9BE6B002A081,7FE3D12CF319A3CBD60B540FFDAD005B5C7B51C8B5F3A2D924B7CFECBC26DFA0,D0A16AF2EDC36B22EBEE15195CBDED051354E08A291B8ED2F66CB25359B5DF59
chapter4_static_camera_calibration_v1,4.3_b_Moon,4.3,b,train,physical_marker,Moon,0.987849414390376,0,0,665.57,169.38,441.53,20.113,840.967,344.12,0.560889451903554,0.460690664090591,0.553391016954333,0.467106207617274,5.05263135477411,0.5,0.640902069663051,0.790106386590413,false,visible_unoccluded,manual_pdf_native_raster_axis_marker_center,outputs/reference_pages/fig_4_3_reference.png,DDD9E4B1EF0B3B8D456BBF1AEBA66AB1E8A672D8907FFF22B3329269536158EE,6D2FD58CFCA4E74CC533B757E852D7AC772D036E0E385C30A1057EB9861D01C1,73FF6C231F495398F396B3074A9ACBDD3161FD645A70B840B7DF9BE6B002A081,7FE3D12CF319A3CBD60B540FFDAD005B5C7B51C8B5F3A2D924B7CFECBC26DFA0,D0A16AF2EDC36B22EBEE15195CBDED051354E08A291B8ED2F66CB25359B5DF59
chapter4_static_camera_calibration_v1,4.3_c_axis_A,4.3,c,validation,axis_corner,A,0.8,-0.15,-0.1,83.33,599.67,20.958,404.394,414.387,728.394,0.158534322584253,0.602703703703704,0.163328632536508,0.596717938000048,3.926569324884,0.5,0.650689196780105,0.790123456790123,false,visible,manual_pdf_native_raster_axis_marker_center,outputs/reference_pages/fig_4_3_reference.png,DDD9E4B1EF0B3B8D456BBF1AEBA66AB1E8A672D8907FFF22B3329269536158EE,6D2FD58CFCA4E74CC533B757E852D7AC772D036E0E385C30A1057EB9861D01C1,73FF6C231F495398F396B3074A9ACBDD3161FD645A70B840B7DF9BE6B002A081,7FE3D12CF319A3CBD60B540FFDAD005B5C7B51C8B5F3A2D924B7CFECBC26DFA0,D0A16AF2EDC36B22EBEE15195CBDED051354E08A291B8ED2F66CB25359B5DF59
chapter4_static_camera_calibration_v1,4.3_c_axis_B,4.3,c,validation,axis_corner,B,1.18,-0.15,-0.1,259.04,701.32,20.958,404.394,414.387,728.394,0.605146036514848,0.916438271604938,0.605407193308649,0.914625171899914,0.937887493558752,0.5,0.650689196780105,0.790123456790123,false,visible,manual_pdf_native_raster_axis_marker_center,outputs/reference_pages/fig_4_3_reference.png,DDD9E4B1EF0B3B8D456BBF1AEBA66AB1E8A672D8907FFF22B3329269536158EE,6D2FD58CFCA4E74CC533B757E852D7AC772D036E0E385C30A1057EB9861D01C1,73FF6C231F495398F396B3074A9ACBDD3161FD645A70B840B7DF9BE6B002A081,7FE3D12CF319A3CBD60B540FFDAD005B5C7B51C8B5F3A2D924B7CFECBC26DFA0,D0A16AF2EDC36B22EBEE15195CBDED051354E08A291B8ED2F66CB25359B5DF59
chapter4_static_camera_calibration_v1,4.3_c_axis_C,4.3,c,validation,axis_corner,C,1.18,0.15,-0.1,395.48,622.55,20.958,404.394,414.387,728.394,0.951943044361245,0.673320987654321,0.950840972467809,0.670897523876687,1.36308777746129,1.5,1.95206759034032,2.37037037037037,false,visible,manual_pdf_native_raster_axis_marker_center,outputs/reference_pages/fig_4_3_reference.png,DDD9E4B1EF0B3B8D456BBF1AEBA66AB1E8A672D8907FFF22B3329269536158EE,6D2FD58CFCA4E74CC533B757E852D7AC772D036E0E385C30A1057EB9861D01C1,73FF6C231F495398F396B3074A9ACBDD3161FD645A70B840B7DF9BE6B002A081,7FE3D12CF319A3CBD60B540FFDAD005B5C7B51C8B5F3A2D924B7CFECBC26DFA0,D0A16AF2EDC36B22EBEE15195CBDED051354E08A291B8ED2F66CB25359B5DF59
chapter4_static_camera_calibration_v1,4.3_c_axis_D,4.3,c,validation,axis_corner,D,0.8,-0.15,0.1,83.33,489.74,20.958,404.394,414.387,728.394,0.158534322584253,0.263413580246914,0.160944891920435,0.266913242528494,2.17575787736997,0.5,0.650689196780105,0.790123456790123,false,visible,manual_pdf_native_raster_axis_marker_center,outputs/reference_pages/fig_4_3_reference.png,DDD9E4B1EF0B3B8D456BBF1AEBA66AB1E8A672D8907FFF22B3329269536158EE,6D2FD58CFCA4E74CC533B757E852D7AC772D036E0E385C30A1057EB9861D01C1,73FF6C231F495398F396B3074A9ACBDD3161FD645A70B840B7DF9BE6B002A081,7FE3D12CF319A3CBD60B540FFDAD005B5C7B51C8B5F3A2D924B7CFECBC26DFA0,D0A16AF2EDC36B22EBEE15195CBDED051354E08A291B8ED2F66CB25359B5DF59
chapter4_static_camera_calibration_v1,4.3_c_L2,4.3,c,validation,physical_marker,L2,1.15568216544489,0,0,317.41,601.24,20.958,404.394,414.387,728.394,0.753508256890062,0.607549382716049,0.748641703892772,0.607514748789759,2.49173823273884,0.5,0.650689196780105,0.790123456790123,false,visible_unoccluded,manual_pdf_native_raster_axis_marker_center,outputs/reference_pages/fig_4_3_reference.png,DDD9E4B1EF0B3B8D456BBF1AEBA66AB1E8A672D8907FFF22B3329269536158EE,6D2FD58CFCA4E74CC533B757E852D7AC772D036E0E385C30A1057EB9861D01C1,73FF6C231F495398F396B3074A9ACBDD3161FD645A70B840B7DF9BE6B002A081,7FE3D12CF319A3CBD60B540FFDAD005B5C7B51C8B5F3A2D924B7CFECBC26DFA0,D0A16AF2EDC36B22EBEE15195CBDED051354E08A291B8ED2F66CB25359B5DF59
chapter4_static_camera_calibration_v1,4.3_d_axis_A,4.3,d,programmatic_frozen_holdout,axis_corner,A,0.8,-0.15,-0.1,501,597.43,436.592,404.377,833.244,728.394,0.162379113177294,0.595811330886959,0.163328632536508,0.596717938000048,0.672169128113205,0.5,0.645402014864415,0.790082001870272,false,visible,manual_pdf_native_raster_axis_marker_center,outputs/reference_pages/fig_4_3_reference.png,DDD9E4B1EF0B3B8D456BBF1AEBA66AB1E8A672D8907FFF22B3329269536158EE,6D2FD58CFCA4E74CC533B757E852D7AC772D036E0E385C30A1057EB9861D01C1,73FF6C231F495398F396B3074A9ACBDD3161FD645A70B840B7DF9BE6B002A081,7FE3D12CF319A3CBD60B540FFDAD005B5C7B51C8B5F3A2D924B7CFECBC26DFA0,D0A16AF2EDC36B22EBEE15195CBDED051354E08A291B8ED2F66CB25359B5DF59
chapter4_static_camera_calibration_v1,4.3_d_axis_B,4.3,d,programmatic_frozen_holdout,axis_corner,B,1.18,-0.15,-0.1,678.13,699.73,436.592,404.377,833.244,728.394,0.608941843227817,0.911535505853088,0.605407193308649,0.914625171899914,2.40366340160399,0.5,0.645402014864415,0.790082001870272,false,visible,manual_pdf_native_raster_axis_marker_center,outputs/reference_pages/fig_4_3_reference.png,DDD9E4B1EF0B3B8D456BBF1AEBA66AB1E8A672D8907FFF22B3329269536158EE,6D2FD58CFCA4E74CC533B757E852D7AC772D036E0E385C30A1057EB9861D01C1,73FF6C231F495398F396B3074A9ACBDD3161FD645A70B840B7DF9BE6B002A081,7FE3D12CF319A3CBD60B540FFDAD005B5C7B51C8B5F3A2D924B7CFECBC26DFA0,D0A16AF2EDC36B22EBEE15195CBDED051354E08A291B8ED2F66CB25359B5DF59
chapter4_static_camera_calibration_v1,4.3_d_axis_C,4.3,d,programmatic_frozen_holdout,axis_corner,C,1.18,0.15,-0.1,814.23,621.56,436.592,404.377,833.244,728.394,0.952063773786594,0.670282732078872,0.950840972467809,0.670897523876687,0.700750520328284,1.5,1.93620604459325,2.37024600561082,false,visible,manual_pdf_native_raster_axis_marker_center,outputs/reference_pages/fig_4_3_reference.png,DDD9E4B1EF0B3B8D456BBF1AEBA66AB1E8A672D8907FFF22B3329269536158EE,6D2FD58CFCA4E74CC533B757E852D7AC772D036E0E385C30A1057EB9861D01C1,73FF6C231F495398F396B3074A9ACBDD3161FD645A70B840B7DF9BE6B002A081,7FE3D12CF319A3CBD60B540FFDAD005B5C7B51C8B5F3A2D924B7CFECBC26DFA0,D0A16AF2EDC36B22EBEE15195CBDED051354E08A291B8ED2F66CB25359B5DF59
chapter4_static_camera_calibration_v1,4.3_d_axis_D,4.3,d,programmatic_frozen_holdout,axis_corner,D,0.8,-0.15,0.1,501,490.78,436.592,404.377,833.244,728.394,0.162379113177294,0.266661934404676,0.160944891920435,0.266913242528494,0.745508990154482,0.5,0.645402014864415,0.790082001870272,false,visible,manual_pdf_native_raster_axis_marker_center,outputs/reference_pages/fig_4_3_reference.png,DDD9E4B1EF0B3B8D456BBF1AEBA66AB1E8A672D8907FFF22B3329269536158EE,6D2FD58CFCA4E74CC533B757E852D7AC772D036E0E385C30A1057EB9861D01C1,73FF6C231F495398F396B3074A9ACBDD3161FD645A70B840B7DF9BE6B002A081,7FE3D12CF319A3CBD60B540FFDAD005B5C7B51C8B5F3A2D924B7CFECBC26DFA0,D0A16AF2EDC36B22EBEE15195CBDED051354E08A291B8ED2F66CB25359B5DF59
chapter4_static_camera_calibration_v1,4.3_d_L2,4.3,d,programmatic_frozen_holdout,physical_marker,L2,1.15568216544489,0,0,736.78,599.13,436.592,404.377,833.244,728.394,0.756804453273902,0.601057969180629,0.748641703892772,0.607514748789759,5.3287488220723,0.5,0.645402014864415,0.790082001870272,false,visible_unoccluded,manual_pdf_native_raster_axis_marker_center,outputs/reference_pages/fig_4_3_reference.png,DDD9E4B1EF0B3B8D456BBF1AEBA66AB1E8A672D8907FFF22B3329269536158EE,6D2FD58CFCA4E74CC533B757E852D7AC772D036E0E385C30A1057EB9861D01C1,73FF6C231F495398F396B3074A9ACBDD3161FD645A70B840B7DF9BE6B002A081,7FE3D12CF319A3CBD60B540FFDAD005B5C7B51C8B5F3A2D924B7CFECBC26DFA0,D0A16AF2EDC36B22EBEE15195CBDED051354E08A291B8ED2F66CB25359B5DF59
chapter4_static_camera_calibration_v1,4.4_a_axis_A,4.4,a,train,axis_corner,A,0.2,-0.15,-0.1,78.99,159.5,20.606,20.017,440.567,308.02,0.139022433035449,0.484310927316729,0.138961955049427,0.480612359148552,1.89392004862082,0.5,0.609580413419341,0.888879629726079,true,visible,manual_pdf_native_raster_axis_marker_center,outputs/reference_pages/fig_4_4_reference.png,72F9F9A41FAF5DB2E00F021866086EE5A982AB35EC2EC05EC2C0C7D1D2782256,6D2FD58CFCA4E74CC533B757E852D7AC772D036E0E385C30A1057EB9861D01C1,73FF6C231F495398F396B3074A9ACBDD3161FD645A70B840B7DF9BE6B002A081,7FE3D12CF319A3CBD60B540FFDAD005B5C7B51C8B5F3A2D924B7CFECBC26DFA0,D0A16AF2EDC36B22EBEE15195CBDED051354E08A291B8ED2F66CB25359B5DF59
chapter4_static_camera_calibration_v1,4.4_a_axis_B,4.4,a,train,axis_corner,B,1,-0.15,-0.1,287.8,280.42,20.606,20.017,440.567,308.02,0.636235269465498,0.904167664920157,0.637575845999562,0.906893689783207,1.55536440000158,0.5,0.609580413419341,0.888879629726079,true,visible,manual_pdf_native_raster_axis_marker_center,outputs/reference_pages/fig_4_4_reference.png,72F9F9A41FAF5DB2E00F021866086EE5A982AB35EC2EC05EC2C0C7D1D2782256,6D2FD58CFCA4E74CC533B757E852D7AC772D036E0E385C30A1057EB9861D01C1,73FF6C231F495398F396B3074A9ACBDD3161FD645A70B840B7DF9BE6B002A081,7FE3D12CF319A3CBD60B540FFDAD005B5C7B51C8B5F3A2D924B7CFECBC26DFA0,D0A16AF2EDC36B22EBEE15195CBDED051354E08A291B8ED2F66CB25359B5DF59
chapter4_static_camera_calibration_v1,4.4_a_axis_C,4.4,a,train,axis_corner,C,1,0.35,-0.1,419.36,204.65,20.606,20.017,440.567,308.02,0.949502453799281,0.641080127637559,0.949357209588509,0.642555585903603,0.759086057121131,1.5,1.82874124025802,2.66663888917824,true,visible,manual_pdf_native_raster_axis_marker_center,outputs/reference_pages/fig_4_4_reference.png,72F9F9A41FAF5DB2E00F021866086EE5A982AB35EC2EC05EC2C0C7D1D2782256,6D2FD58CFCA4E74CC533B757E852D7AC772D036E0E385C30A1057EB9861D01C1,73FF6C231F495398F396B3074A9ACBDD3161FD645A70B840B7DF9BE6B002A081,7FE3D12CF319A3CBD60B540FFDAD005B5C7B51C8B5F3A2D924B7CFECBC26DFA0,D0A16AF2EDC36B22EBEE15195CBDED051354E08A291B8ED2F66CB25359B5DF59
chapter4_static_camera_calibration_v1,4.4_a_axis_D,4.4,a,train,axis_corner,D,0.2,-0.15,0.1,78.99,95.91,20.606,20.017,440.567,308.02,0.139022433035449,0.263514616167193,0.139021027747472,0.268306784938046,2.45359051617348,0.5,0.609580413419341,0.888879629726079,true,visible,manual_pdf_native_raster_axis_marker_center,outputs/reference_pages/fig_4_4_reference.png,72F9F9A41FAF5DB2E00F021866086EE5A982AB35EC2EC05EC2C0C7D1D2782256,6D2FD58CFCA4E74CC533B757E852D7AC772D036E0E385C30A1057EB9861D01C1,73FF6C231F495398F396B3074A9ACBDD3161FD645A70B840B7DF9BE6B002A081,7FE3D12CF319A3CBD60B540FFDAD005B5C7B51C8B5F3A2D924B7CFECBC26DFA0,D0A16AF2EDC36B22EBEE15195CBDED051354E08A291B8ED2F66CB25359B5DF59
chapter4_static_camera_calibration_v1,4.4_a_L1,4.4,a,train,physical_marker,L1,0.836915125772357,0,0,284.78,202.51,20.606,20.017,440.567,308.02,0.629044125525942,0.633649649482818,0.629494311808071,0.634539425023892,0.510556224106861,0.5,0.609580413419341,0.888879629726079,false,visible_unoccluded,manual_pdf_native_raster_axis_marker_center,outputs/reference_pages/fig_4_4_reference.png,72F9F9A41FAF5DB2E00F021866086EE5A982AB35EC2EC05EC2C0C7D1D2782256,6D2FD58CFCA4E74CC533B757E852D7AC772D036E0E385C30A1057EB9861D01C1,73FF6C231F495398F396B3074A9ACBDD3161FD645A70B840B7DF9BE6B002A081,7FE3D12CF319A3CBD60B540FFDAD005B5C7B51C8B5F3A2D924B7CFECBC26DFA0,D0A16AF2EDC36B22EBEE15195CBDED051354E08A291B8ED2F66CB25359B5DF59
chapter4_static_camera_calibration_v1,4.4_a_Moon,4.4,a,train,physical_marker,Moon,0.987849414390376,0,0,324.18,225.3,20.606,20.017,440.567,308.02,0.722862361028762,0.712780769644761,0.723566727965097,0.714965011761997,1.1750423879602,0.5,0.609580413419341,0.888879629726079,false,visible_unoccluded,manual_pdf_native_raster_axis_marker_center,outputs/reference_pages/fig_4_4_reference.png,72F9F9A41FAF5DB2E00F021866086EE5A982AB35EC2EC05EC2C0C7D1D2782256,6D2FD58CFCA4E74CC533B757E852D7AC772D036E0E385C30A1057EB9861D01C1,73FF6C231F495398F396B3074A9ACBDD3161FD645A70B840B7DF9BE6B002A081,7FE3D12CF319A3CBD60B540FFDAD005B5C7B51C8B5F3A2D924B7CFECBC26DFA0,D0A16AF2EDC36B22EBEE15195CBDED051354E08A291B8ED2F66CB25359B5DF59
chapter4_static_camera_calibration_v1,4.4_b_axis_A,4.4,b,train,axis_corner,A,0.2,-0.15,-0.1,520.11,160.62,462.768,20.017,875.398,308.02,0.138967113394567,0.488199775696781,0.138961955049427,0.480612359148552,3.88475817046693,0.5,0.620410537285219,0.888879629726079,true,visible,manual_pdf_native_raster_axis_marker_center,outputs/reference_pages/fig_4_4_reference.png,72F9F9A41FAF5DB2E00F021866086EE5A982AB35EC2EC05EC2C0C7D1D2782256,6D2FD58CFCA4E74CC533B757E852D7AC772D036E0E385C30A1057EB9861D01C1,73FF6C231F495398F396B3074A9ACBDD3161FD645A70B840B7DF9BE6B002A081,7FE3D12CF319A3CBD60B540FFDAD005B5C7B51C8B5F3A2D924B7CFECBC26DFA0,D0A16AF2EDC36B22EBEE15195CBDED051354E08A291B8ED2F66CB25359B5DF59
chapter4_static_camera_calibration_v1,4.4_b_axis_B,4.4,b,train,axis_corner,B,1,-0.15,-0.1,726.39,280.3,462.768,20.017,875.398,308.02,0.638882291641422,0.903751002593723,0.637575845999562,0.906893689783207,1.74255219006601,0.5,0.620410537285219,0.888879629726079,true,visible,manual_pdf_native_raster_axis_marker_center,outputs/reference_pages/fig_4_4_reference.png,72F9F9A41FAF5DB2E00F021866086EE5A982AB35EC2EC05EC2C0C7D1D2782256,6D2FD58CFCA4E74CC533B757E852D7AC772D036E0E385C30A1057EB9861D01C1,73FF6C231F495398F396B3074A9ACBDD3161FD645A70B840B7DF9BE6B002A081,7FE3D12CF319A3CBD60B540FFDAD005B5C7B51C8B5F3A2D924B7CFECBC26DFA0,D0A16AF2EDC36B22EBEE15195CBDED051354E08A291B8ED2F66CB25359B5DF59
chapter4_static_camera_calibration_v1,4.4_b_axis_C,4.4,b,train,axis_corner,C,1,0.35,-0.1,854.45,206.54,462.768,20.017,875.398,308.02,0.949232969003708,0.647642559278896,0.949357209588509,0.642555585903603,2.60530704922915,1.5,1.86123161185566,2.66663888917824,true,visible,manual_pdf_native_raster_axis_marker_center,outputs/reference_pages/fig_4_4_reference.png,72F9F9A41FAF5DB2E00F021866086EE5A982AB35EC2EC05EC2C0C7D1D2782256,6D2FD58CFCA4E74CC533B757E852D7AC772D036E0E385C30A1057EB9861D01C1,73FF6C231F495398F396B3074A9ACBDD3161FD645A70B840B7DF9BE6B002A081,7FE3D12CF319A3CBD60B540FFDAD005B5C7B51C8B5F3A2D924B7CFECBC26DFA0,D0A16AF2EDC36B22EBEE15195CBDED051354E08A291B8ED2F66CB25359B5DF59
chapter4_static_camera_calibration_v1,4.4_b_axis_D,4.4,b,train,axis_corner,D,0.2,-0.15,0.1,520.11,96.07,462.768,20.017,875.398,308.02,0.138967113394567,0.264070165935771,0.139021027747472,0.268306784938046,2.16932456444869,0.5,0.620410537285219,0.888879629726079,true,visible,manual_pdf_native_raster_axis_marker_center,outputs/reference_pages/fig_4_4_reference.png,72F9F9A41FAF5DB2E00F021866086EE5A982AB35EC2EC05EC2C0C7D1D2782256,6D2FD58CFCA4E74CC533B757E852D7AC772D036E0E385C30A1057EB9861D01C1,73FF6C231F495398F396B3074A9ACBDD3161FD645A70B840B7DF9BE6B002A081,7FE3D12CF319A3CBD60B540FFDAD005B5C7B51C8B5F3A2D924B7CFECBC26DFA0,D0A16AF2EDC36B22EBEE15195CBDED051354E08A291B8ED2F66CB25359B5DF59
chapter4_static_camera_calibration_v1,4.4_b_L1,4.4,b,train,physical_marker,L1,0.836915125772357,0,0,723.54,203.82,462.768,20.017,875.398,308.02,0.631975377456801,0.638198213213057,0.629494311808071,0.634539425023892,2.26338851348519,0.5,0.620410537285219,0.888879629726079,false,visible_unoccluded,manual_pdf_native_raster_axis_marker_center,outputs/reference_pages/fig_4_4_reference.png,72F9F9A41FAF5DB2E00F021866086EE5A982AB35EC2EC05EC2C0C7D1D2782256,6D2FD58CFCA4E74CC533B757E852D7AC772D036E0E385C30A1057EB9861D01C1,73FF6C231F495398F396B3074A9ACBDD3161FD645A70B840B7DF9BE6B002A081,7FE3D12CF319A3CBD60B540FFDAD005B5C7B51C8B5F3A2D924B7CFECBC26DFA0,D0A16AF2EDC36B22EBEE15195CBDED051354E08A291B8ED2F66CB25359B5DF59
chapter4_static_camera_calibration_v1,4.4_b_Moon,4.4,b,train,physical_marker,Moon,0.987849414390376,0,0,762.35,225.89,462.768,20.017,875.398,308.02,0.726030584300705,0.714829359416395,0.723566727965097,0.714965011761997,1.26340495885725,0.5,0.620410537285219,0.888879629726079,false,visible_unoccluded,manual_pdf_native_raster_axis_marker_center,outputs/reference_pages/fig_4_4_reference.png,72F9F9A41FAF5DB2E00F021866086EE5A982AB35EC2EC05EC2C0C7D1D2782256,6D2FD58CFCA4E74CC533B757E852D7AC772D036E0E385C30A1057EB9861D01C1,73FF6C231F495398F396B3074A9ACBDD3161FD645A70B840B7DF9BE6B002A081,7FE3D12CF319A3CBD60B540FFDAD005B5C7B51C8B5F3A2D924B7CFECBC26DFA0,D0A16AF2EDC36B22EBEE15195CBDED051354E08A291B8ED2F66CB25359B5DF59
chapter4_static_camera_calibration_v1,4.4_c_axis_A,4.4,c,validation,axis_corner,A,0.2,-0.15,-0.1,77.85,507.53,20.918,368.302,430.438,656.294,0.139021293221332,0.483443984555126,0.138961955049427,0.480612359148552,1.4501104995039,0.5,0.625122094159015,0.888913580932804,false,visible,manual_pdf_native_raster_axis_marker_center,outputs/reference_pages/fig_4_4_reference.png,72F9F9A41FAF5DB2E00F021866086EE5A982AB35EC2EC05EC2C0C7D1D2782256,6D2FD58CFCA4E74CC533B757E852D7AC772D036E0E385C30A1057EB9861D01C1,73FF6C231F495398F396B3074A9ACBDD3161FD645A70B840B7DF9BE6B002A081,7FE3D12CF319A3CBD60B540FFDAD005B5C7B51C8B5F3A2D924B7CFECBC26DFA0,D0A16AF2EDC36B22EBEE15195CBDED051354E08A291B8ED2F66CB25359B5DF59
chapter4_static_camera_calibration_v1,4.4_c_axis_B,4.4,c,validation,axis_corner,B,1,-0.15,-0.1,281.74,627,20.918,368.302,430.438,656.294,0.636896854854464,0.898281896719353,0.637575845999562,0.906893689783207,4.42292167573641,0.5,0.625122094159015,0.888913580932804,false,visible,manual_pdf_native_raster_axis_marker_center,outputs/reference_pages/fig_4_4_reference.png,72F9F9A41FAF5DB2E00F021866086EE5A982AB35EC2EC05EC2C0C7D1D2782256,6D2FD58CFCA4E74CC533B757E852D7AC772D036E0E385C30A1057EB9861D01C1,73FF6C231F495398F396B3074A9ACBDD3161FD645A70B840B7DF9BE6B002A081,7FE3D12CF319A3CBD60B540FFDAD005B5C7B51C8B5F3A2D924B7CFECBC26DFA0,D0A16AF2EDC36B22EBEE15195CBDED051354E08A291B8ED2F66CB25359B5DF59
chapter4_static_camera_calibration_v1,4.4_c_axis_C,4.4,c,validation,axis_corner,C,1,0.35,-0.1,411.29,552.3,20.918,368.302,430.438,656.294,0.95324282086345,0.638899691658101,0.949357209588509,0.642555585903603,2.7315829898727,1.5,1.87536628247705,2.66674074279841,false,visible,manual_pdf_native_raster_axis_marker_center,outputs/reference_pages/fig_4_4_reference.png,72F9F9A41FAF5DB2E00F021866086EE5A982AB35EC2EC05EC2C0C7D1D2782256,6D2FD58CFCA4E74CC533B757E852D7AC772D036E0E385C30A1057EB9861D01C1,73FF6C231F495398F396B3074A9ACBDD3161FD645A70B840B7DF9BE6B002A081,7FE3D12CF319A3CBD60B540FFDAD005B5C7B51C8B5F3A2D924B7CFECBC26DFA0,D0A16AF2EDC36B22EBEE15195CBDED051354E08A291B8ED2F66CB25359B5DF59
chapter4_static_camera_calibration_v1,4.4_c_axis_D,4.4,c,validation,axis_corner,D,0.2,-0.15,0.1,77.85,444.24,20.918,368.302,430.438,656.294,0.139021293221332,0.263680935581544,0.139021027747472,0.268306784938046,2.3684348744293,0.5,0.625122094159015,0.888913580932804,false,visible,manual_pdf_native_raster_axis_marker_center,outputs/reference_pages/fig_4_4_reference.png,72F9F9A41FAF5DB2E00F021866086EE5A982AB35EC2EC05EC2C0C7D1D2782256,6D2FD58CFCA4E74CC533B757E852D7AC772D036E0E385C30A1057EB9861D01C1,73FF6C231F495398F396B3074A9ACBDD3161FD645A70B840B7DF9BE6B002A081,7FE3D12CF319A3CBD60B540FFDAD005B5C7B51C8B5F3A2D924B7CFECBC26DFA0,D0A16AF2EDC36B22EBEE15195CBDED051354E08A291B8ED2F66CB25359B5DF59
chapter4_static_camera_calibration_v1,4.4_c_L1,4.4,c,validation,physical_marker,L1,0.836915125772357,0,0,279.69,550.24,20.918,368.302,430.438,656.294,0.631890994334831,0.631746715186533,0.629494311808071,0.634539425023892,1.88422367682026,0.5,0.625122094159015,0.888913580932804,false,visible_unoccluded,manual_pdf_native_raster_axis_marker_center,outputs/reference_pages/fig_4_4_reference.png,72F9F9A41FAF5DB2E00F021866086EE5A982AB35EC2EC05EC2C0C7D1D2782256,6D2FD58CFCA4E74CC533B757E852D7AC772D036E0E385C30A1057EB9861D01C1,73FF6C231F495398F396B3074A9ACBDD3161FD645A70B840B7DF9BE6B002A081,7FE3D12CF319A3CBD60B540FFDAD005B5C7B51C8B5F3A2D924B7CFECBC26DFA0,D0A16AF2EDC36B22EBEE15195CBDED051354E08A291B8ED2F66CB25359B5DF59
chapter4_static_camera_calibration_v1,4.4_c_Moon,4.4,c,validation,physical_marker,Moon,0.987849414390376,0,0,318.26,572.36,20.918,368.302,430.438,656.294,0.726074428599336,0.708554404289008,0.723566727965097,0.714965011761997,3.52442185748867,0.5,0.625122094159015,0.888913580932804,false,visible_unoccluded,manual_pdf_native_raster_axis_marker_center,outputs/reference_pages/fig_4_4_reference.png,72F9F9A41FAF5DB2E00F021866086EE5A982AB35EC2EC05EC2C0C7D1D2782256,6D2FD58CFCA4E74CC533B757E852D7AC772D036E0E385C30A1057EB9861D01C1,73FF6C231F495398F396B3074A9ACBDD3161FD645A70B840B7DF9BE6B002A081,7FE3D12CF319A3CBD60B540FFDAD005B5C7B51C8B5F3A2D924B7CFECBC26DFA0,D0A16AF2EDC36B22EBEE15195CBDED051354E08A291B8ED2F66CB25359B5DF59
chapter4_static_camera_calibration_v1,4.4_d_axis_A,4.4,d,programmatic_frozen_holdout,axis_corner,A,0.2,-0.15,-0.1,510.09,508.52,452.648,368.302,867.275,656.294,0.138538975995292,0.48688158004389,0.138961955049427,0.480612359148552,3.21713854157844,0.5,0.617422406162647,0.888913580932804,false,visible,manual_pdf_native_raster_axis_marker_center,outputs/reference_pages/fig_4_4_reference.png,72F9F9A41FAF5DB2E00F021866086EE5A982AB35EC2EC05EC2C0C7D1D2782256,6D2FD58CFCA4E74CC533B757E852D7AC772D036E0E385C30A1057EB9861D01C1,73FF6C231F495398F396B3074A9ACBDD3161FD645A70B840B7DF9BE6B002A081,7FE3D12CF319A3CBD60B540FFDAD005B5C7B51C8B5F3A2D924B7CFECBC26DFA0,D0A16AF2EDC36B22EBEE15195CBDED051354E08A291B8ED2F66CB25359B5DF59
chapter4_static_camera_calibration_v1,4.4_d_axis_B,4.4,d,programmatic_frozen_holdout,axis_corner,B,1,-0.15,-0.1,716.34,628.17,452.648,368.302,867.275,656.294,0.635974020022816,0.90234450956971,0.637575845999562,0.906893689783207,2.46935254293474,0.5,0.617422406162647,0.888913580932804,false,visible,manual_pdf_native_raster_axis_marker_center,outputs/reference_pages/fig_4_4_reference.png,72F9F9A41FAF5DB2E00F021866086EE5A982AB35EC2EC05EC2C0C7D1D2782256,6D2FD58CFCA4E74CC533B757E852D7AC772D036E0E385C30A1057EB9861D01C1,73FF6C231F495398F396B3074A9ACBDD3161FD645A70B840B7DF9BE6B002A081,7FE3D12CF319A3CBD60B540FFDAD005B5C7B51C8B5F3A2D924B7CFECBC26DFA0,D0A16AF2EDC36B22EBEE15195CBDED051354E08A291B8ED2F66CB25359B5DF59
chapter4_static_camera_calibration_v1,4.4_d_axis_C,4.4,d,programmatic_frozen_holdout,axis_corner,C,1,0.35,-0.1,846.08,553.48,452.648,368.302,867.275,656.294,0.948881766021026,0.642997027695214,0.949357209588509,0.642555585903603,0.332176130564416,1.5,1.85226721848794,2.66674074279841,false,visible,manual_pdf_native_raster_axis_marker_center,outputs/reference_pages/fig_4_4_reference.png,72F9F9A41FAF5DB2E00F021866086EE5A982AB35EC2EC05EC2C0C7D1D2782256,6D2FD58CFCA4E74CC533B757E852D7AC772D036E0E385C30A1057EB9861D01C1,73FF6C231F495398F396B3074A9ACBDD3161FD645A70B840B7DF9BE6B002A081,7FE3D12CF319A3CBD60B540FFDAD005B5C7B51C8B5F3A2D924B7CFECBC26DFA0,D0A16AF2EDC36B22EBEE15195CBDED051354E08A291B8ED2F66CB25359B5DF59
chapter4_static_camera_calibration_v1,4.4_d_axis_D,4.4,d,programmatic_frozen_holdout,axis_corner,D,0.2,-0.15,0.1,510.09,444.34,452.648,368.302,867.275,656.294,0.138538975995292,0.264028167449096,0.139021027747472,0.268306784938046,2.20451180146818,0.5,0.617422406162647,0.888913580932804,false,visible,manual_pdf_native_raster_axis_marker_center,outputs/reference_pages/fig_4_4_reference.png,72F9F9A41FAF5DB2E00F021866086EE5A982AB35EC2EC05EC2C0C7D1D2782256,6D2FD58CFCA4E74CC533B757E852D7AC772D036E0E385C30A1057EB9861D01C1,73FF6C231F495398F396B3074A9ACBDD3161FD645A70B840B7DF9BE6B002A081,7FE3D12CF319A3CBD60B540FFDAD005B5C7B51C8B5F3A2D924B7CFECBC26DFA0,D0A16AF2EDC36B22EBEE15195CBDED051354E08A291B8ED2F66CB25359B5DF59
chapter4_static_camera_calibration_v1,4.4_d_L1,4.4,d,programmatic_frozen_holdout,physical_marker,L1,0.836915125772357,0,0,713.48,551.4,452.648,368.302,867.275,656.294,0.629076254078967,0.635774604850135,0.629494311808071,0.634539425023892,0.667652999837975,0.5,0.617422406162647,0.888913580932804,false,visible_unoccluded,manual_pdf_native_raster_axis_marker_center,outputs/reference_pages/fig_4_4_reference.png,72F9F9A41FAF5DB2E00F021866086EE5A982AB35EC2EC05EC2C0C7D1D2782256,6D2FD58CFCA4E74CC533B757E852D7AC772D036E0E385C30A1057EB9861D01C1,73FF6C231F495398F396B3074A9ACBDD3161FD645A70B840B7DF9BE6B002A081,7FE3D12CF319A3CBD60B540FFDAD005B5C7B51C8B5F3A2D924B7CFECBC26DFA0,D0A16AF2EDC36B22EBEE15195CBDED051354E08A291B8ED2F66CB25359B5DF59
chapter4_static_camera_calibration_v1,4.4_d_Moon,4.4,d,programmatic_frozen_holdout,physical_marker,Moon,0.987849414390376,0,0,752.32,573.63,452.648,368.302,867.275,656.294,0.722750809763957,0.712964249006917,0.723566727965097,0.714965011761997,1.1062961272175,0.5,0.617422406162647,0.888913580932804,false,visible_unoccluded,manual_pdf_native_raster_axis_marker_center,outputs/reference_pages/fig_4_4_reference.png,72F9F9A41FAF5DB2E00F021866086EE5A982AB35EC2EC05EC2C0C7D1D2782256,6D2FD58CFCA4E74CC533B757E852D7AC772D036E0E385C30A1057EB9861D01C1,73FF6C231F495398F396B3074A9ACBDD3161FD645A70B840B7DF9BE6B002A081,7FE3D12CF319A3CBD60B540FFDAD005B5C7B51C8B5F3A2D924B7CFECBC26DFA0,D0A16AF2EDC36B22EBEE15195CBDED051354E08A291B8ED2F66CB25359B5DF59
chapter4_static_camera_calibration_v1,4.5_a_axis_A,4.5,a,train,axis_corner,A,0.8,-0.15,-0.1,90.63,244.15,24.866,20.032,436.899,336.82,0.159608575041319,0.707469979923482,0.159894126060169,0.705173527169444,1.18483865078413,0.5,0.621309458223006,0.808111418361807,true,visible,manual_pdf_native_raster_axis_marker_center,outputs/reference_pages/fig_4_5_reference.png,ED1D3B2F5C9977ABFEA717FAB4F24832B09668B8B0972DABE8338133B19A1746,6D2FD58CFCA4E74CC533B757E852D7AC772D036E0E385C30A1057EB9861D01C1,73FF6C231F495398F396B3074A9ACBDD3161FD645A70B840B7DF9BE6B002A081,7FE3D12CF319A3CBD60B540FFDAD005B5C7B51C8B5F3A2D924B7CFECBC26DFA0,D0A16AF2EDC36B22EBEE15195CBDED051354E08A291B8ED2F66CB25359B5DF59
chapter4_static_camera_calibration_v1,4.5_a_axis_B,4.5,a,train,axis_corner,B,1.18,-0.15,-0.1,306.22,302.13,24.866,20.032,436.899,336.82,0.682843364487796,0.890494589441519,0.682598595133353,0.892536820441973,1.05310565338081,0.5,0.621309458223006,0.808111418361807,true,visible,manual_pdf_native_raster_axis_marker_center,outputs/reference_pages/fig_4_5_reference.png,ED1D3B2F5C9977ABFEA717FAB4F24832B09668B8B0972DABE8338133B19A1746,6D2FD58CFCA4E74CC533B757E852D7AC772D036E0E385C30A1057EB9861D01C1,73FF6C231F495398F396B3074A9ACBDD3161FD645A70B840B7DF9BE6B002A081,7FE3D12CF319A3CBD60B540FFDAD005B5C7B51C8B5F3A2D924B7CFECBC26DFA0,D0A16AF2EDC36B22EBEE15195CBDED051354E08A291B8ED2F66CB25359B5DF59
chapter4_static_camera_calibration_v1,4.5_a_axis_C,4.5,a,train,axis_corner,C,1.18,0.15,-0.1,385.09,204.94,24.866,20.032,436.899,336.82,0.874260071402048,0.583696352134551,0.874447380224489,0.58220364338702,0.770260396226442,1.5,1.86392837466902,2.42433425508542,true,visible,manual_pdf_native_raster_axis_marker_center,outputs/reference_pages/fig_4_5_reference.png,ED1D3B2F5C9977ABFEA717FAB4F24832B09668B8B0972DABE8338133B19A1746,6D2FD58CFCA4E74CC533B757E852D7AC772D036E0E385C30A1057EB9861D01C1,73FF6C231F495398F396B3074A9ACBDD3161FD645A70B840B7DF9BE6B002A081,7FE3D12CF319A3CBD60B540FFDAD005B5C7B51C8B5F3A2D924B7CFECBC26DFA0,D0A16AF2EDC36B22EBEE15195CBDED051354E08A291B8ED2F66CB25359B5DF59
chapter4_static_camera_calibration_v1,4.5_a_axis_D,4.5,a,train,axis_corner,D,0.8,-0.15,0.1,90.63,140.18,24.866,20.032,436.899,336.82,0.159608575041319,0.379269416770837,0.159399900475043,0.381063697550373,0.924863709444433,0.5,0.621309458223006,0.808111418361807,true,visible,manual_pdf_native_raster_axis_marker_center,outputs/reference_pages/fig_4_5_reference.png,ED1D3B2F5C9977ABFEA717FAB4F24832B09668B8B0972DABE8338133B19A1746,6D2FD58CFCA4E74CC533B757E852D7AC772D036E0E385C30A1057EB9861D01C1,73FF6C231F495398F396B3074A9ACBDD3161FD645A70B840B7DF9BE6B002A081,7FE3D12CF319A3CBD60B540FFDAD005B5C7B51C8B5F3A2D924B7CFECBC26DFA0,D0A16AF2EDC36B22EBEE15195CBDED051354E08A291B8ED2F66CB25359B5DF59
chapter4_static_camera_calibration_v1,4.5_a_L2,4.5,a,train,physical_marker,L2,1.15568216544489,0,0,332.41,198.06,24.866,20.032,436.899,336.82,0.746406234452095,0.561978357766077,0.744825767517568,0.563325134032585,1.06314701594993,0.5,0.621309458223006,0.808111418361807,false,visible_unoccluded,manual_pdf_native_raster_axis_marker_center,outputs/reference_pages/fig_4_5_reference.png,ED1D3B2F5C9977ABFEA717FAB4F24832B09668B8B0972DABE8338133B19A1746,6D2FD58CFCA4E74CC533B757E852D7AC772D036E0E385C30A1057EB9861D01C1,73FF6C231F495398F396B3074A9ACBDD3161FD645A70B840B7DF9BE6B002A081,7FE3D12CF319A3CBD60B540FFDAD005B5C7B51C8B5F3A2D924B7CFECBC26DFA0,D0A16AF2EDC36B22EBEE15195CBDED051354E08A291B8ED2F66CB25359B5DF59
chapter4_static_camera_calibration_v1,4.5_a_Moon,4.5,a,train,physical_marker,Moon,0.987849414390376,0,0,236.93,172.59,24.866,20.032,436.899,336.82,0.514677222455483,0.481577585009533,0.513965427956937,0.480573299936371,0.630246818816417,0.5,0.621309458223006,0.808111418361807,false,visible_unoccluded,manual_pdf_native_raster_axis_marker_center,outputs/reference_pages/fig_4_5_reference.png,ED1D3B2F5C9977ABFEA717FAB4F24832B09668B8B0972DABE8338133B19A1746,6D2FD58CFCA4E74CC533B757E852D7AC772D036E0E385C30A1057EB9861D01C1,73FF6C231F495398F396B3074A9ACBDD3161FD645A70B840B7DF9BE6B002A081,7FE3D12CF319A3CBD60B540FFDAD005B5C7B51C8B5F3A2D924B7CFECBC26DFA0,D0A16AF2EDC36B22EBEE15195CBDED051354E08A291B8ED2F66CB25359B5DF59
chapter4_static_camera_calibration_v1,4.5_b_axis_A,4.5,b,train,axis_corner,A,0.8,-0.15,-0.1,524.87,244.15,459.102,20.032,871.135,336.82,0.159618283001604,0.707469979923482,0.159894126060169,0.705173527169444,1.18423559558239,0.5,0.621309458223006,0.808111418361807,true,visible,manual_pdf_native_raster_axis_marker_center,outputs/reference_pages/fig_4_5_reference.png,ED1D3B2F5C9977ABFEA717FAB4F24832B09668B8B0972DABE8338133B19A1746,6D2FD58CFCA4E74CC533B757E852D7AC772D036E0E385C30A1057EB9861D01C1,73FF6C231F495398F396B3074A9ACBDD3161FD645A70B840B7DF9BE6B002A081,7FE3D12CF319A3CBD60B540FFDAD005B5C7B51C8B5F3A2D924B7CFECBC26DFA0,D0A16AF2EDC36B22EBEE15195CBDED051354E08A291B8ED2F66CB25359B5DF59
chapter4_static_camera_calibration_v1,4.5_b_axis_B,4.5,b,train,axis_corner,B,1.18,-0.15,-0.1,740.46,302.13,459.102,20.032,871.135,336.82,0.682853072448081,0.890494589441519,0.682598595133353,0.892536820441973,1.05370870823669,0.5,0.621309458223006,0.808111418361807,true,visible,manual_pdf_native_raster_axis_marker_center,outputs/reference_pages/fig_4_5_reference.png,ED1D3B2F5C9977ABFEA717FAB4F24832B09668B8B0972DABE8338133B19A1746,6D2FD58CFCA4E74CC533B757E852D7AC772D036E0E385C30A1057EB9861D01C1,73FF6C231F495398F396B3074A9ACBDD3161FD645A70B840B7DF9BE6B002A081,7FE3D12CF319A3CBD60B540FFDAD005B5C7B51C8B5F3A2D924B7CFECBC26DFA0,D0A16AF2EDC36B22EBEE15195CBDED051354E08A291B8ED2F66CB25359B5DF59
chapter4_static_camera_calibration_v1,4.5_b_axis_C,4.5,b,train,axis_corner,C,1.18,0.15,-0.1,819.33,204.94,459.102,20.032,871.135,336.82,0.874269779362333,0.583696352134551,0.874447380224489,0.58220364338702,0.769657342812152,1.5,1.86392837466902,2.42433425508542,true,visible,manual_pdf_native_raster_axis_marker_center,outputs/reference_pages/fig_4_5_reference.png,ED1D3B2F5C9977ABFEA717FAB4F24832B09668B8B0972DABE8338133B19A1746,6D2FD58CFCA4E74CC533B757E852D7AC772D036E0E385C30A1057EB9861D01C1,73FF6C231F495398F396B3074A9ACBDD3161FD645A70B840B7DF9BE6B002A081,7FE3D12CF319A3CBD60B540FFDAD005B5C7B51C8B5F3A2D924B7CFECBC26DFA0,D0A16AF2EDC36B22EBEE15195CBDED051354E08A291B8ED2F66CB25359B5DF59
chapter4_static_camera_calibration_v1,4.5_b_axis_D,4.5,b,train,axis_corner,D,0.8,-0.15,0.1,524.87,140.21,459.102,20.032,871.135,336.82,0.159618283001604,0.379364117327677,0.159399900475043,0.381063697550373,0.877339132635328,0.5,0.621309458223006,0.808111418361807,true,visible,manual_pdf_native_raster_axis_marker_center,outputs/reference_pages/fig_4_5_reference.png,ED1D3B2F5C9977ABFEA717FAB4F24832B09668B8B0972DABE8338133B19A1746,6D2FD58CFCA4E74CC533B757E852D7AC772D036E0E385C30A1057EB9861D01C1,73FF6C231F495398F396B3074A9ACBDD3161FD645A70B840B7DF9BE6B002A081,7FE3D12CF319A3CBD60B540FFDAD005B5C7B51C8B5F3A2D924B7CFECBC26DFA0,D0A16AF2EDC36B22EBEE15195CBDED051354E08A291B8ED2F66CB25359B5DF59
chapter4_static_camera_calibration_v1,4.5_b_L2,4.5,b,train,physical_marker,L2,1.15568216544489,0,0,766.64,198.06,459.102,20.032,871.135,336.82,0.746391672511668,0.561978357766077,0.744825767517568,0.563325134032585,1.05748326337637,0.5,0.621309458223006,0.808111418361807,false,visible_unoccluded,manual_pdf_native_raster_axis_marker_center,outputs/reference_pages/fig_4_5_reference.png,ED1D3B2F5C9977ABFEA717FAB4F24832B09668B8B0972DABE8338133B19A1746,6D2FD58CFCA4E74CC533B757E852D7AC772D036E0E385C30A1057EB9861D01C1,73FF6C231F495398F396B3074A9ACBDD3161FD645A70B840B7DF9BE6B002A081,7FE3D12CF319A3CBD60B540FFDAD005B5C7B51C8B5F3A2D924B7CFECBC26DFA0,D0A16AF2EDC36B22EBEE15195CBDED051354E08A291B8ED2F66CB25359B5DF59
chapter4_static_camera_calibration_v1,4.5_c_axis_A,4.5,c,validation,axis_corner,A,0.8,-0.15,-0.1,86.73,621.23,20.964,397.106,432.997,713.894,0.159613429021462,0.70748892003485,0.159894126060169,0.705173527169444,1.19416083204694,0.5,0.621309458223006,0.808111418361807,false,visible,manual_pdf_native_raster_axis_marker_center,outputs/reference_pages/fig_4_5_reference.png,ED1D3B2F5C9977ABFEA717FAB4F24832B09668B8B0972DABE8338133B19A1746,6D2FD58CFCA4E74CC533B757E852D7AC772D036E0E385C30A1057EB9861D01C1,73FF6C231F495398F396B3074A9ACBDD3161FD645A70B840B7DF9BE6B002A081,7FE3D12CF319A3CBD60B540FFDAD005B5C7B51C8B5F3A2D924B7CFECBC26DFA0,D0A16AF2EDC36B22EBEE15195CBDED051354E08A291B8ED2F66CB25359B5DF59
chapter4_static_camera_calibration_v1,4.5_c_axis_B,4.5,c,validation,axis_corner,B,1.18,-0.15,-0.1,302.32,679.21,20.964,397.106,432.997,713.894,0.682848218467938,0.890513529552887,0.682598595133353,0.892536820441973,1.04377925745662,0.5,0.621309458223006,0.808111418361807,false,visible,manual_pdf_native_raster_axis_marker_center,outputs/reference_pages/fig_4_5_reference.png,ED1D3B2F5C9977ABFEA717FAB4F24832B09668B8B0972DABE8338133B19A1746,6D2FD58CFCA4E74CC533B757E852D7AC772D036E0E385C30A1057EB9861D01C1,73FF6C231F495398F396B3074A9ACBDD3161FD645A70B840B7DF9BE6B002A081,7FE3D12CF319A3CBD60B540FFDAD005B5C7B51C8B5F3A2D924B7CFECBC26DFA0,D0A16AF2EDC36B22EBEE15195CBDED051354E08A291B8ED2F66CB25359B5DF59
chapter4_static_camera_calibration_v1,4.5_c_axis_C,4.5,c,validation,axis_corner,C,1.18,0.15,-0.1,381.19,582.01,20.964,397.106,432.997,713.894,0.87426492538219,0.583683725393639,0.874447380224489,0.58220364338702,0.763538188580482,1.5,1.86392837466902,2.42433425508542,false,visible,manual_pdf_native_raster_axis_marker_center,outputs/reference_pages/fig_4_5_reference.png,ED1D3B2F5C9977ABFEA717FAB4F24832B09668B8B0972DABE8338133B19A1746,6D2FD58CFCA4E74CC533B757E852D7AC772D036E0E385C30A1057EB9861D01C1,73FF6C231F495398F396B3074A9ACBDD3161FD645A70B840B7DF9BE6B002A081,7FE3D12CF319A3CBD60B540FFDAD005B5C7B51C8B5F3A2D924B7CFECBC26DFA0,D0A16AF2EDC36B22EBEE15195CBDED051354E08A291B8ED2F66CB25359B5DF59
chapter4_static_camera_calibration_v1,4.5_c_axis_D,4.5,c,validation,axis_corner,D,0.8,-0.15,0.1,86.73,517.22,20.964,397.106,432.997,713.894,0.159613429021462,0.379162089473086,0.159399900475043,0.381063697550373,0.979742164287509,0.5,0.621309458223006,0.808111418361807,false,visible,manual_pdf_native_raster_axis_marker_center,outputs/reference_pages/fig_4_5_reference.png,ED1D3B2F5C9977ABFEA717FAB4F24832B09668B8B0972DABE8338133B19A1746,6D2FD58CFCA4E74CC533B757E852D7AC772D036E0E385C30A1057EB9861D01C1,73FF6C231F495398F396B3074A9ACBDD3161FD645A70B840B7DF9BE6B002A081,7FE3D12CF319A3CBD60B540FFDAD005B5C7B51C8B5F3A2D924B7CFECBC26DFA0,D0A16AF2EDC36B22EBEE15195CBDED051354E08A291B8ED2F66CB25359B5DF59
chapter4_static_camera_calibration_v1,4.5_c_L2,4.5,c,validation,physical_marker,L2,1.15568216544489,0,0,328.51,575.14,20.964,397.106,432.997,713.894,0.746411088432237,0.561997297877445,0.744825767517568,0.563325134032585,1.0587871881433,0.5,0.621309458223006,0.808111418361807,false,visible_unoccluded,manual_pdf_native_raster_axis_marker_center,outputs/reference_pages/fig_4_5_reference.png,ED1D3B2F5C9977ABFEA717FAB4F24832B09668B8B0972DABE8338133B19A1746,6D2FD58CFCA4E74CC533B757E852D7AC772D036E0E385C30A1057EB9861D01C1,73FF6C231F495398F396B3074A9ACBDD3161FD645A70B840B7DF9BE6B002A081,7FE3D12CF319A3CBD60B540FFDAD005B5C7B51C8B5F3A2D924B7CFECBC26DFA0,D0A16AF2EDC36B22EBEE15195CBDED051354E08A291B8ED2F66CB25359B5DF59
chapter4_static_camera_calibration_v1,4.5_c_Moon,4.5,c,validation,physical_marker,Moon,0.987849414390376,0,0,233.03,549.66,20.964,397.106,432.997,713.894,0.514682076435625,0.481564958268621,0.513965427956937,0.480573299936371,0.626435983821808,0.5,0.621309458223006,0.808111418361807,false,visible_unoccluded,manual_pdf_native_raster_axis_marker_center,outputs/reference_pages/fig_4_5_reference.png,ED1D3B2F5C9977ABFEA717FAB4F24832B09668B8B0972DABE8338133B19A1746,6D2FD58CFCA4E74CC533B757E852D7AC772D036E0E385C30A1057EB9861D01C1,73FF6C231F495398F396B3074A9ACBDD3161FD645A70B840B7DF9BE6B002A081,7FE3D12CF319A3CBD60B540FFDAD005B5C7B51C8B5F3A2D924B7CFECBC26DFA0,D0A16AF2EDC36B22EBEE15195CBDED051354E08A291B8ED2F66CB25359B5DF59
chapter4_static_camera_calibration_v1,4.5_d_axis_A,4.5,d,programmatic_frozen_holdout,axis_corner,A,0.8,-0.15,-0.1,520.96,621.23,455.2,397.106,867.233,713.894,0.159598867081035,0.70748892003485,0.159894126060169,0.705173527169444,1.19508104506771,0.5,0.621309458223006,0.808111418361807,false,visible,manual_pdf_native_raster_axis_marker_center,outputs/reference_pages/fig_4_5_reference.png,ED1D3B2F5C9977ABFEA717FAB4F24832B09668B8B0972DABE8338133B19A1746,6D2FD58CFCA4E74CC533B757E852D7AC772D036E0E385C30A1057EB9861D01C1,73FF6C231F495398F396B3074A9ACBDD3161FD645A70B840B7DF9BE6B002A081,7FE3D12CF319A3CBD60B540FFDAD005B5C7B51C8B5F3A2D924B7CFECBC26DFA0,D0A16AF2EDC36B22EBEE15195CBDED051354E08A291B8ED2F66CB25359B5DF59
chapter4_static_camera_calibration_v1,4.5_d_axis_B,4.5,d,programmatic_frozen_holdout,axis_corner,B,1.18,-0.15,-0.1,736.56,679.21,455.2,397.106,867.233,713.894,0.682857926428223,0.890513529552887,0.682598595133353,0.892536820441973,1.04439952535237,0.5,0.621309458223006,0.808111418361807,false,visible,manual_pdf_native_raster_axis_marker_center,outputs/reference_pages/fig_4_5_reference.png,ED1D3B2F5C9977ABFEA717FAB4F24832B09668B8B0972DABE8338133B19A1746,6D2FD58CFCA4E74CC533B757E852D7AC772D036E0E385C30A1057EB9861D01C1,73FF6C231F495398F396B3074A9ACBDD3161FD645A70B840B7DF9BE6B002A081,7FE3D12CF319A3CBD60B540FFDAD005B5C7B51C8B5F3A2D924B7CFECBC26DFA0,D0A16AF2EDC36B22EBEE15195CBDED051354E08A291B8ED2F66CB25359B5DF59
chapter4_static_camera_calibration_v1,4.5_d_axis_C,4.5,d,programmatic_frozen_holdout,axis_corner,C,1.18,0.15,-0.1,815.42,582.01,455.2,397.106,867.233,713.894,0.874250363441763,0.583683725393639,0.874447380224489,0.58220364338702,0.76448618827281,1.5,1.86392837466902,2.42433425508542,false,visible,manual_pdf_native_raster_axis_marker_center,outputs/reference_pages/fig_4_5_reference.png,ED1D3B2F5C9977ABFEA717FAB4F24832B09668B8B0972DABE8338133B19A1746,6D2FD58CFCA4E74CC533B757E852D7AC772D036E0E385C30A1057EB9861D01C1,73FF6C231F495398F396B3074A9ACBDD3161FD645A70B840B7DF9BE6B002A081,7FE3D12CF319A3CBD60B540FFDAD005B5C7B51C8B5F3A2D924B7CFECBC26DFA0,D0A16AF2EDC36B22EBEE15195CBDED051354E08A291B8ED2F66CB25359B5DF59
chapter4_static_camera_calibration_v1,4.5_d_axis_D,4.5,d,programmatic_frozen_holdout,axis_corner,D,0.8,-0.15,0.1,520.96,517.23,455.2,397.106,867.233,713.894,0.159598867081035,0.379193656325366,0.159399900475043,0.381063697550373,0.962865230723481,0.5,0.621309458223006,0.808111418361807,false,visible,manual_pdf_native_raster_axis_marker_center,outputs/reference_pages/fig_4_5_reference.png,ED1D3B2F5C9977ABFEA717FAB4F24832B09668B8B0972DABE8338133B19A1746,6D2FD58CFCA4E74CC533B757E852D7AC772D036E0E385C30A1057EB9861D01C1,73FF6C231F495398F396B3074A9ACBDD3161FD645A70B840B7DF9BE6B002A081,7FE3D12CF319A3CBD60B540FFDAD005B5C7B51C8B5F3A2D924B7CFECBC26DFA0,D0A16AF2EDC36B22EBEE15195CBDED051354E08A291B8ED2F66CB25359B5DF59
chapter4_static_camera_calibration_v1,4.5_d_L2,4.5,d,programmatic_frozen_holdout,physical_marker,L2,1.15568216544489,0,0,762.74,575.14,455.2,397.106,867.233,713.894,0.74639652649181,0.561997297877445,0.744825767517568,0.563325134032585,1.05308239285064,0.5,0.621309458223006,0.808111418361807,false,visible_unoccluded,manual_pdf_native_raster_axis_marker_center,outputs/reference_pages/fig_4_5_reference.png,ED1D3B2F5C9977ABFEA717FAB4F24832B09668B8B0972DABE8338133B19A1746,6D2FD58CFCA4E74CC533B757E852D7AC772D036E0E385C30A1057EB9861D01C1,73FF6C231F495398F396B3074A9ACBDD3161FD645A70B840B7DF9BE6B002A081,7FE3D12CF319A3CBD60B540FFDAD005B5C7B51C8B5F3A2D924B7CFECBC26DFA0,D0A16AF2EDC36B22EBEE15195CBDED051354E08A291B8ED2F66CB25359B5DF59
chapter4_static_camera_calibration_v1,4.5_d_Moon,4.5,d,programmatic_frozen_holdout,physical_marker,Moon,0.987849414390376,0,0,667.27,549.66,455.2,397.106,867.233,713.894,0.51469178439591,0.481564958268621,0.513965427956937,0.480573299936371,0.629360247625489,0.5,0.621309458223006,0.808111418361807,false,visible_unoccluded,manual_pdf_native_raster_axis_marker_center,outputs/reference_pages/fig_4_5_reference.png,ED1D3B2F5C9977ABFEA717FAB4F24832B09668B8B0972DABE8338133B19A1746,6D2FD58CFCA4E74CC533B757E852D7AC772D036E0E385C30A1057EB9861D01C1,73FF6C231F495398F396B3074A9ACBDD3161FD645A70B840B7DF9BE6B002A081,7FE3D12CF319A3CBD60B540FFDAD005B5C7B51C8B5F3A2D924B7CFECBC26DFA0,D0A16AF2EDC36B22EBEE15195CBDED051354E08A291B8ED2F66CB25359B5DF59
chapter4_static_camera_calibration_v1,4.6_a_axis_A,4.6,a,train,axis_corner,A,1,0.4,-0.15,78.41,193.25,22.256,20.01,437.845,279.22,0.135119071967737,0.668338412869874,0.135157037011456,0.670487277862514,1.10039057404208,0.5,0.615993204824959,0.987616218510088,true,visible,manual_pdf_native_raster_axis_marker_center,outputs/reference_pages/fig_4_6_reference.png,7E18E60DE4C373BE50A908128565B36FBFBFB93A1FBF6EC81EE1D25F901B2CD3,6D2FD58CFCA4E74CC533B757E852D7AC772D036E0E385C30A1057EB9861D01C1,73FF6C231F495398F396B3074A9ACBDD3161FD645A70B840B7DF9BE6B002A081,7FE3D12CF319A3CBD60B540FFDAD005B5C7B51C8B5F3A2D924B7CFECBC26DFA0,D0A16AF2EDC36B22EBEE15195CBDED051354E08A291B8ED2F66CB25359B5DF59
chapter4_static_camera_calibration_v1,4.6_a_axis_B,4.6,a,train,axis_corner,B,0.1,0.4,-0.15,335.68,246.91,22.256,20.01,437.845,279.22,0.754168180582258,0.875352031171637,0.753679564900202,0.877583690040635,1.16967591661103,0.5,0.615993204824959,0.987616218510088,true,visible,manual_pdf_native_raster_axis_marker_center,outputs/reference_pages/fig_4_6_reference.png,7E18E60DE4C373BE50A908128565B36FBFBFB93A1FBF6EC81EE1D25F901B2CD3,6D2FD58CFCA4E74CC533B757E852D7AC772D036E0E385C30A1057EB9861D01C1,73FF6C231F495398F396B3074A9ACBDD3161FD645A70B840B7DF9BE6B002A081,7FE3D12CF319A3CBD60B540FFDAD005B5C7B51C8B5F3A2D924B7CFECBC26DFA0,D0A16AF2EDC36B22EBEE15195CBDED051354E08A291B8ED2F66CB25359B5DF59
chapter4_static_camera_calibration_v1,4.6_a_axis_C,4.6,a,train,axis_corner,C,0.1,-0.15,-0.15,392.12,157.21,22.256,20.01,437.845,279.22,0.889975432458511,0.52930056710775,0.89048180617351,0.530771393864654,0.796443226885722,1.5,1.84797961447488,2.96284865553026,true,visible,manual_pdf_native_raster_axis_marker_center,outputs/reference_pages/fig_4_6_reference.png,7E18E60DE4C373BE50A908128565B36FBFBFB93A1FBF6EC81EE1D25F901B2CD3,6D2FD58CFCA4E74CC533B757E852D7AC772D036E0E385C30A1057EB9861D01C1,73FF6C231F495398F396B3074A9ACBDD3161FD645A70B840B7DF9BE6B002A081,7FE3D12CF319A3CBD60B540FFDAD005B5C7B51C8B5F3A2D924B7CFECBC26DFA0,D0A16AF2EDC36B22EBEE15195CBDED051354E08A291B8ED2F66CB25359B5DF59
chapter4_static_camera_calibration_v1,4.6_a_axis_D,4.6,a,train,axis_corner,D,1,0.4,0.15,78.41,119.3,22.256,20.01,437.845,279.22,0.135119071967737,0.383048493499479,0.134596417871246,0.385703759138027,1.38558239118707,0.5,0.615993204824959,0.987616218510088,true,visible,manual_pdf_native_raster_axis_marker_center,outputs/reference_pages/fig_4_6_reference.png,7E18E60DE4C373BE50A908128565B36FBFBFB93A1FBF6EC81EE1D25F901B2CD3,6D2FD58CFCA4E74CC533B757E852D7AC772D036E0E385C30A1057EB9861D01C1,73FF6C231F495398F396B3074A9ACBDD3161FD645A70B840B7DF9BE6B002A081,7FE3D12CF319A3CBD60B540FFDAD005B5C7B51C8B5F3A2D924B7CFECBC26DFA0,D0A16AF2EDC36B22EBEE15195CBDED051354E08A291B8ED2F66CB25359B5DF59
chapter4_static_camera_calibration_v1,4.6_a_Moon,4.6,a,train,physical_marker,Moon,0.987849414390376,0,0,123.16,91.25,22.256,20.01,437.845,279.22,0.242797571639288,0.27483507580726,0.242719723134315,0.278664330325999,1.96098343148018,0.5,0.615993204824959,0.987616218510088,false,visible_unoccluded,manual_pdf_native_raster_axis_marker_center,outputs/reference_pages/fig_4_6_reference.png,7E18E60DE4C373BE50A908128565B36FBFBFB93A1FBF6EC81EE1D25F901B2CD3,6D2FD58CFCA4E74CC533B757E852D7AC772D036E0E385C30A1057EB9861D01C1,73FF6C231F495398F396B3074A9ACBDD3161FD645A70B840B7DF9BE6B002A081,7FE3D12CF319A3CBD60B540FFDAD005B5C7B51C8B5F3A2D924B7CFECBC26DFA0,D0A16AF2EDC36B22EBEE15195CBDED051354E08A291B8ED2F66CB25359B5DF59
chapter4_static_camera_calibration_v1,4.6_b_axis_A,4.6,b,train,axis_corner,A,1,0.4,-0.15,515.73,194.36,460.05,20.01,873.743,279.22,0.134592560183518,0.67262065506732,0.135157037011456,0.670487277862514,1.12987767290422,0.5,0.618816368659852,0.987616218510088,true,visible,manual_pdf_native_raster_axis_marker_center,outputs/reference_pages/fig_4_6_reference.png,7E18E60DE4C373BE50A908128565B36FBFBFB93A1FBF6EC81EE1D25F901B2CD3,6D2FD58CFCA4E74CC533B757E852D7AC772D036E0E385C30A1057EB9861D01C1,73FF6C231F495398F396B3074A9ACBDD3161FD645A70B840B7DF9BE6B002A081,7FE3D12CF319A3CBD60B540FFDAD005B5C7B51C8B5F3A2D924B7CFECBC26DFA0,D0A16AF2EDC36B22EBEE15195CBDED051354E08A291B8ED2F66CB25359B5DF59
chapter4_static_camera_calibration_v1,4.6_b_axis_B,4.6,b,train,axis_corner,B,0.1,0.4,-0.15,771.83,248.07,460.05,20.01,873.743,279.22,0.753650653987377,0.879827167161761,0.753679564900202,0.877583690040635,1.148755658677,0.5,0.618816368659852,0.987616218510088,true,visible,manual_pdf_native_raster_axis_marker_center,outputs/reference_pages/fig_4_6_reference.png,7E18E60DE4C373BE50A908128565B36FBFBFB93A1FBF6EC81EE1D25F901B2CD3,6D2FD58CFCA4E74CC533B757E852D7AC772D036E0E385C30A1057EB9861D01C1,73FF6C231F495398F396B3074A9ACBDD3161FD645A70B840B7DF9BE6B002A081,7FE3D12CF319A3CBD60B540FFDAD005B5C7B51C8B5F3A2D924B7CFECBC26DFA0,D0A16AF2EDC36B22EBEE15195CBDED051354E08A291B8ED2F66CB25359B5DF59
chapter4_static_camera_calibration_v1,4.6_b_axis_C,4.6,b,train,axis_corner,C,0.1,-0.15,-0.15,828.49,157.97,460.05,20.01,873.743,279.22,0.890612120582171,0.532232552756452,0.89048180617351,0.530771393864654,0.75108273654947,1.5,1.85644910597955,2.96284865553026,true,visible,manual_pdf_native_raster_axis_marker_center,outputs/reference_pages/fig_4_6_reference.png,7E18E60DE4C373BE50A908128565B36FBFBFB93A1FBF6EC81EE1D25F901B2CD3,6D2FD58CFCA4E74CC533B757E852D7AC772D036E0E385C30A1057EB9861D01C1,73FF6C231F495398F396B3074A9ACBDD3161FD645A70B840B7DF9BE6B002A081,7FE3D12CF319A3CBD60B540FFDAD005B5C7B51C8B5F3A2D924B7CFECBC26DFA0,D0A16AF2EDC36B22EBEE15195CBDED051354E08A291B8ED2F66CB25359B5DF59
chapter4_static_camera_calibration_v1,4.6_b_axis_D,4.6,b,train,axis_corner,D,1,0.4,0.15,515.73,120.68,460.05,20.01,873.743,279.22,0.134592560183518,0.388372362177385,0.134596417871246,0.385703759138027,1.36632618376252,0.5,0.618816368659852,0.987616218510088,true,visible,manual_pdf_native_raster_axis_marker_center,outputs/reference_pages/fig_4_6_reference.png,7E18E60DE4C373BE50A908128565B36FBFBFB93A1FBF6EC81EE1D25F901B2CD3,6D2FD58CFCA4E74CC533B757E852D7AC772D036E0E385C30A1057EB9861D01C1,73FF6C231F495398F396B3074A9ACBDD3161FD645A70B840B7DF9BE6B002A081,7FE3D12CF319A3CBD60B540FFDAD005B5C7B51C8B5F3A2D924B7CFECBC26DFA0,D0A16AF2EDC36B22EBEE15195CBDED051354E08A291B8ED2F66CB25359B5DF59
chapter4_static_camera_calibration_v1,4.6_b_Moon,4.6,b,train,physical_marker,Moon,0.987849414390376,0,0,560.32,92.93,460.05,20.01,873.743,279.22,0.242377801896576,0.281316307241233,0.242719723134315,0.278664330325999,1.36905120709291,0.5,0.618816368659852,0.987616218510088,false,visible_unoccluded,manual_pdf_native_raster_axis_marker_center,outputs/reference_pages/fig_4_6_reference.png,7E18E60DE4C373BE50A908128565B36FBFBFB93A1FBF6EC81EE1D25F901B2CD3,6D2FD58CFCA4E74CC533B757E852D7AC772D036E0E385C30A1057EB9861D01C1,73FF6C231F495398F396B3074A9ACBDD3161FD645A70B840B7DF9BE6B002A081,7FE3D12CF319A3CBD60B540FFDAD005B5C7B51C8B5F3A2D924B7CFECBC26DFA0,D0A16AF2EDC36B22EBEE15195CBDED051354E08A291B8ED2F66CB25359B5DF59
chapter4_static_camera_calibration_v1,4.6_c_axis_A,4.6,c,validation,axis_corner,A,1,0.4,-0.15,75.88,513.37,20.232,339.486,432.057,598.696,0.135125356644206,0.670822884919563,0.135157037011456,0.670487277862514,0.172594693019421,0.5,0.621623262308019,0.987616218510088,false,visible,manual_pdf_native_raster_axis_marker_center,outputs/reference_pages/fig_4_6_reference.png,7E18E60DE4C373BE50A908128565B36FBFBFB93A1FBF6EC81EE1D25F901B2CD3,6D2FD58CFCA4E74CC533B757E852D7AC772D036E0E385C30A1057EB9861D01C1,73FF6C231F495398F396B3074A9ACBDD3161FD645A70B840B7DF9BE6B002A081,7FE3D12CF319A3CBD60B540FFDAD005B5C7B51C8B5F3A2D924B7CFECBC26DFA0,D0A16AF2EDC36B22EBEE15195CBDED051354E08A291B8ED2F66CB25359B5DF59
chapter4_static_camera_calibration_v1,4.6_c_axis_B,4.6,c,validation,axis_corner,B,0.1,0.4,-0.15,330.73,566.61,20.232,339.486,432.057,598.696,0.753956170703576,0.876216195362833,0.753679564900202,0.877583690040635,0.714336789753554,0.5,0.621623262308019,0.987616218510088,false,visible,manual_pdf_native_raster_axis_marker_center,outputs/reference_pages/fig_4_6_reference.png,7E18E60DE4C373BE50A908128565B36FBFBFB93A1FBF6EC81EE1D25F901B2CD3,6D2FD58CFCA4E74CC533B757E852D7AC772D036E0E385C30A1057EB9861D01C1,73FF6C231F495398F396B3074A9ACBDD3161FD645A70B840B7DF9BE6B002A081,7FE3D12CF319A3CBD60B540FFDAD005B5C7B51C8B5F3A2D924B7CFECBC26DFA0,D0A16AF2EDC36B22EBEE15195CBDED051354E08A291B8ED2F66CB25359B5DF59
chapter4_static_camera_calibration_v1,4.6_c_axis_C,4.6,c,validation,axis_corner,C,0.1,-0.15,-0.15,386.74,477.47,20.232,339.486,432.057,598.696,0.889960541492139,0.532325141776938,0.89048180617351,0.530771393864654,0.839094342954485,1.5,1.86486978692406,2.96284865553026,false,visible,manual_pdf_native_raster_axis_marker_center,outputs/reference_pages/fig_4_6_reference.png,7E18E60DE4C373BE50A908128565B36FBFBFB93A1FBF6EC81EE1D25F901B2CD3,6D2FD58CFCA4E74CC533B757E852D7AC772D036E0E385C30A1057EB9861D01C1,73FF6C231F495398F396B3074A9ACBDD3161FD645A70B840B7DF9BE6B002A081,7FE3D12CF319A3CBD60B540FFDAD005B5C7B51C8B5F3A2D924B7CFECBC26DFA0,D0A16AF2EDC36B22EBEE15195CBDED051354E08A291B8ED2F66CB25359B5DF59
chapter4_static_camera_calibration_v1,4.6_c_axis_D,4.6,c,validation,axis_corner,D,1,0.4,0.15,75.88,439.97,20.232,339.486,432.057,598.696,0.135125356644206,0.387654797268624,0.134596417871246,0.385703759138027,1.03499074693596,0.5,0.621623262308019,0.987616218510088,false,visible,manual_pdf_native_raster_axis_marker_center,outputs/reference_pages/fig_4_6_reference.png,7E18E60DE4C373BE50A908128565B36FBFBFB93A1FBF6EC81EE1D25F901B2CD3,6D2FD58CFCA4E74CC533B757E852D7AC772D036E0E385C30A1057EB9861D01C1,73FF6C231F495398F396B3074A9ACBDD3161FD645A70B840B7DF9BE6B002A081,7FE3D12CF319A3CBD60B540FFDAD005B5C7B51C8B5F3A2D924B7CFECBC26DFA0,D0A16AF2EDC36B22EBEE15195CBDED051354E08A291B8ED2F66CB25359B5DF59
chapter4_static_camera_calibration_v1,4.6_c_Moon,4.6,c,validation,physical_marker,Moon,0.987849414390376,0,0,120.02,412.25,20.232,339.486,432.057,598.696,0.242306805074971,0.280714478608078,0.242719723134315,0.278664330325999,1.07075461097673,0.5,0.621623262308019,0.987616218510088,false,visible_unoccluded,manual_pdf_native_raster_axis_marker_center,outputs/reference_pages/fig_4_6_reference.png,7E18E60DE4C373BE50A908128565B36FBFBFB93A1FBF6EC81EE1D25F901B2CD3,6D2FD58CFCA4E74CC533B757E852D7AC772D036E0E385C30A1057EB9861D01C1,73FF6C231F495398F396B3074A9ACBDD3161FD645A70B840B7DF9BE6B002A081,7FE3D12CF319A3CBD60B540FFDAD005B5C7B51C8B5F3A2D924B7CFECBC26DFA0,D0A16AF2EDC36B22EBEE15195CBDED051354E08A291B8ED2F66CB25359B5DF59
chapter4_static_camera_calibration_v1,4.6_d_axis_A,4.6,d,programmatic_frozen_holdout,axis_corner,A,1,0.4,-0.15,509.91,513.64,454.262,339.486,867.966,598.696,0.134511631504651,0.671864511400023,0.135157037011456,0.670487277862514,0.778731715826595,0.5,0.618799914915012,0.987616218510088,false,visible,manual_pdf_native_raster_axis_marker_center,outputs/reference_pages/fig_4_6_reference.png,7E18E60DE4C373BE50A908128565B36FBFBFB93A1FBF6EC81EE1D25F901B2CD3,6D2FD58CFCA4E74CC533B757E852D7AC772D036E0E385C30A1057EB9861D01C1,73FF6C231F495398F396B3074A9ACBDD3161FD645A70B840B7DF9BE6B002A081,7FE3D12CF319A3CBD60B540FFDAD005B5C7B51C8B5F3A2D924B7CFECBC26DFA0,D0A16AF2EDC36B22EBEE15195CBDED051354E08A291B8ED2F66CB25359B5DF59
chapter4_static_camera_calibration_v1,4.6_d_axis_B,4.6,d,programmatic_frozen_holdout,axis_corner,B,0.1,0.4,-0.15,766.08,567.46,454.262,339.486,867.966,598.696,0.753722468238161,0.879495389838355,0.753679564900202,0.877583690040635,0.979036757180057,0.5,0.618799914915012,0.987616218510088,false,visible,manual_pdf_native_raster_axis_marker_center,outputs/reference_pages/fig_4_6_reference.png,7E18E60DE4C373BE50A908128565B36FBFBFB93A1FBF6EC81EE1D25F901B2CD3,6D2FD58CFCA4E74CC533B757E852D7AC772D036E0E385C30A1057EB9861D01C1,73FF6C231F495398F396B3074A9ACBDD3161FD645A70B840B7DF9BE6B002A081,7FE3D12CF319A3CBD60B540FFDAD005B5C7B51C8B5F3A2D924B7CFECBC26DFA0,D0A16AF2EDC36B22EBEE15195CBDED051354E08A291B8ED2F66CB25359B5DF59
chapter4_static_camera_calibration_v1,4.6_d_axis_C,4.6,d,programmatic_frozen_holdout,axis_corner,C,0.1,-0.15,-0.15,822.65,477.33,454.262,339.486,867.966,598.696,0.890462746311372,0.53178503915744,0.89048180617351,0.530771393864654,0.519078129135159,1.5,1.85639974474504,2.96284865553026,false,visible,manual_pdf_native_raster_axis_marker_center,outputs/reference_pages/fig_4_6_reference.png,7E18E60DE4C373BE50A908128565B36FBFBFB93A1FBF6EC81EE1D25F901B2CD3,6D2FD58CFCA4E74CC533B757E852D7AC772D036E0E385C30A1057EB9861D01C1,73FF6C231F495398F396B3074A9ACBDD3161FD645A70B840B7DF9BE6B002A081,7FE3D12CF319A3CBD60B540FFDAD005B5C7B51C8B5F3A2D924B7CFECBC26DFA0,D0A16AF2EDC36B22EBEE15195CBDED051354E08A291B8ED2F66CB25359B5DF59
chapter4_static_camera_calibration_v1,4.6_d_axis_D,4.6,d,programmatic_frozen_holdout,axis_corner,D,1,0.4,0.15,509.91,440.33,454.262,339.486,867.966,598.696,0.134511631504651,0.389043632575904,0.134596417871246,0.385703759138027,1.71056612464805,0.5,0.618799914915012,0.987616218510088,false,visible,manual_pdf_native_raster_axis_marker_center,outputs/reference_pages/fig_4_6_reference.png,7E18E60DE4C373BE50A908128565B36FBFBFB93A1FBF6EC81EE1D25F901B2CD3,6D2FD58CFCA4E74CC533B757E852D7AC772D036E0E385C30A1057EB9861D01C1,73FF6C231F495398F396B3074A9ACBDD3161FD645A70B840B7DF9BE6B002A081,7FE3D12CF319A3CBD60B540FFDAD005B5C7B51C8B5F3A2D924B7CFECBC26DFA0,D0A16AF2EDC36B22EBEE15195CBDED051354E08A291B8ED2F66CB25359B5DF59
chapter4_static_camera_calibration_v1,4.6_d_Moon,4.6,d,programmatic_frozen_holdout,physical_marker,Moon,0.987849414390376,0,0,554.52,412.14,454.262,339.486,867.966,598.696,0.242342351052927,0.280290112264187,0.242719723134315,0.278664330325999,0.854530392553748,0.5,0.618799914915012,0.987616218510088,false,visible_unoccluded,manual_pdf_native_raster_axis_marker_center,outputs/reference_pages/fig_4_6_reference.png,7E18E60DE4C373BE50A908128565B36FBFBFB93A1FBF6EC81EE1D25F901B2CD3,6D2FD58CFCA4E74CC533B757E852D7AC772D036E0E385C30A1057EB9861D01C1,73FF6C231F495398F396B3074A9ACBDD3161FD645A70B840B7DF9BE6B002A081,7FE3D12CF319A3CBD60B540FFDAD005B5C7B51C8B5F3A2D924B7CFECBC26DFA0,D0A16AF2EDC36B22EBEE15195CBDED051354E08A291B8ED2F66CB25359B5DF59
